"row_id","campaign","tournament_id","team_id","team_name","group_name","played","wins","draws","losses","goals_for","goals_against","goal_difference","points_raw","advanced","confederation_code","region_name","year","prior_tournaments","squad_size","avg_age","forward_share","defender_share","avg_career_tournaments","avg_prior_wc","max_prior_wc","debutant_share","yellows","reds","total_cards","is_host","foreign_manager","points_std","conf","year_c"
1,"Soviet Union 1970","WC-1970","T-72","Soviet Union","Group 1",3,2,1,0,6,1,5,5,1,"UEFA","Europe, Asia",1970,3,22,27.0454545454545,0.318181818181818,0.318181818181818,1.59090909090909,0.590909090909091,3,0.636363636363636,5,0,5,0,0,7,"UEFA",-6
2,"Mexico 1970","WC-1970","T-46","Mexico","Group 1",3,2,1,0,5,0,5,5,1,"CONCACAF","North America",1970,6,22,27,0.272727272727273,0.318181818181818,1.5,0.5,2,0.545454545454545,3,0,3,1,0,7,"CONCACAF",-6
3,"Belgium 1970","WC-1970","T-06","Belgium","Group 1",3,1,0,2,4,5,-1,2,0,"UEFA","Europe",1970,2,22,26.2727272727273,0.272727272727273,0.227272727272727,1.04545454545455,0,0,1,3,0,3,0,0,3,"UEFA",-6
4,"El Salvador 1970","WC-1970","T-27","El Salvador","Group 1",3,0,0,3,0,9,-9,0,0,"CONCACAF","Central America",1970,0,22,25.5909090909091,0.272727272727273,0.272727272727273,1,0,0,1,4,0,4,0,1,0,"CONCACAF",-6
5,"Italy 1970","WC-1970","T-41","Italy","Group 2",3,1,2,0,1,0,1,4,1,"UEFA","Europe",1970,4,22,27.3636363636364,0.227272727272727,0.363636363636364,1.90909090909091,0.409090909090909,2,0.681818181818182,1,0,1,0,0,5,"UEFA",-6
6,"Uruguay 1970","WC-1970","T-84","Uruguay","Group 2",3,1,1,1,2,1,1,3,1,"CONMEBOL","South America",1970,5,22,25.9545454545455,0.272727272727273,0.318181818181818,1.68181818181818,0.409090909090909,2,0.681818181818182,0,0,0,0,0,4,"CONMEBOL",-6
7,"Sweden 1970","WC-1970","T-74","Sweden","Group 2",3,1,1,1,2,2,0,3,0,"UEFA","Europe",1970,2,22,26.6818181818182,0.136363636363636,0.318181818181818,1.59090909090909,0,0,1,2,0,2,0,0,4,"UEFA",-6
8,"Israel 1970","WC-1970","T-40","Israel","Group 2",3,0,2,1,1,3,-2,2,0,"UEFA","Middle East",1970,0,22,24.8181818181818,0.272727272727273,0.272727272727273,1,0,0,1,4,0,4,0,0,2,"UEFA",-6
9,"Brazil 1970","WC-1970","T-09","Brazil","Group 3",3,3,0,0,8,3,5,6,1,"CONMEBOL","South America",1970,6,22,25.0454545454545,0.272727272727273,0.363636363636364,1.86363636363636,0.363636363636364,3,0.727272727272727,1,0,1,0,0,9,"CONMEBOL",-6
10,"England 1970","WC-1970","T-28","England","Group 3",3,2,0,1,2,1,1,4,1,"UEFA","Europe",1970,5,22,27.7727272727273,0.227272727272727,0.363636363636364,1.59090909090909,0.590909090909091,3,0.545454545454545,1,0,1,0,0,6,"UEFA",-6
11,"Romania 1970","WC-1970","T-61","Romania","Group 3",3,1,0,2,4,5,-1,2,0,"UEFA","Europe",1970,1,22,25.5,0.227272727272727,0.363636363636364,1,0,0,1,3,0,3,0,0,3,"UEFA",-6
12,"Czechoslovakia 1970","WC-1970","T-21","Czechoslovakia","Group 3",3,0,0,3,2,7,-5,0,0,"UEFA","Europe",1970,3,22,25.5909090909091,0.272727272727273,0.318181818181818,1.09090909090909,0.0909090909090909,1,0.909090909090909,2,0,2,0,0,0,"UEFA",-6
13,"West Germany 1970","WC-1970","T-86","West Germany","Group 4",3,3,0,0,10,4,6,6,1,"UEFA","Europe",1970,4,22,27.8636363636364,0.318181818181818,0.318181818181818,2.31818181818182,0.909090909090909,3,0.363636363636364,0,0,0,0,1,9,"UEFA",-6
14,"Peru 1970","WC-1970","T-56","Peru","Group 4",3,2,0,1,7,5,2,4,1,"CONMEBOL","South America",1970,1,22,26.4545454545455,0.272727272727273,0.272727272727273,1.18181818181818,0,0,1,0,0,0,0,1,6,"CONMEBOL",-6
15,"Bulgaria 1970","WC-1970","T-10","Bulgaria","Group 4",3,0,1,2,5,9,-4,1,0,"UEFA","Europe",1970,2,22,26.4090909090909,0.272727272727273,0.363636363636364,2,0.681818181818182,2,0.5,0,0,0,0,0,1,"UEFA",-6
16,"Morocco 1970","WC-1970","T-47","Morocco","Group 4",3,0,1,2,2,6,-4,1,0,"CAF","Africa",1970,0,19,25.2105263157895,0.210526315789474,0.315789473684211,1,0,0,1,0,0,0,0,1,1,"CAF",-6
17,"East Germany 1974","WC-1974","T-24","East Germany","Group 1",3,2,1,0,4,1,3,5,1,"UEFA","Europe",1974,0,22,26.5,0.272727272727273,0.272727272727273,1,0,0,1,7,0,7,0,0,7,"UEFA",-5
18,"West Germany 1974","WC-1974","T-86","West Germany","Group 1",3,2,0,1,4,1,3,4,1,"UEFA","Europe",1974,5,22,27.3181818181818,0.227272727272727,0.318181818181818,1.90909090909091,0.545454545454545,2,0.681818181818182,0,0,0,1,1,6,"UEFA",-5
19,"Chile 1974","WC-1974","T-13","Chile","Group 1",3,0,2,1,1,2,-1,2,0,"CONMEBOL","South America",1974,4,22,27.7727272727273,0.227272727272727,0.363636363636364,1.31818181818182,0.181818181818182,1,0.818181818181818,5,1,5,0,0,2,"CONMEBOL",-5
20,"Australia 1974","WC-1974","T-04","Australia","Group 1",3,0,1,2,0,5,-5,1,0,"AFC","Oceania",1974,0,22,27.5,0.181818181818182,0.318181818181818,1,0,0,1,1,1,1,0,1,1,"AFC",-5
21,"Yugoslavia 1974","WC-1974","T-87","Yugoslavia","Group 2",3,1,2,0,10,1,9,4,1,"UEFA","Europe",1974,5,22,25.7727272727273,0.318181818181818,0.227272727272727,1.13636363636364,0,0,1,6,0,6,0,0,5,"UEFA",-5
22,"Brazil 1974","WC-1974","T-09","Brazil","Group 2",3,1,2,0,3,0,3,4,1,"CONMEBOL","South America",1974,7,22,26.0909090909091,0.272727272727273,0.318181818181818,1.81818181818182,0.454545454545455,2,0.636363636363636,4,0,4,0,0,5,"CONMEBOL",-5
23,"Scotland 1974","WC-1974","T-64","Scotland","Group 2",3,1,2,0,3,1,2,4,0,"UEFA","Europe",1974,2,22,26.3181818181818,0.227272727272727,0.363636363636364,1.40909090909091,0,0,1,3,0,3,0,0,5,"UEFA",-5
24,"Zaire 1974","WC-1974","T-88","Zaire","Group 2",3,0,0,3,0,14,-14,0,0,"CAF","Africa",1974,0,22,26.0454545454545,0.227272727272727,0.272727272727273,1,0,0,1,2,1,3,0,1,0,"CAF",-5
25,"Netherlands 1974","WC-1974","T-48","Netherlands","Group 3",3,2,1,0,6,1,5,5,1,"UEFA","Europe",1974,0,22,27.2272727272727,0.136363636363636,0.363636363636364,1.54545454545455,0,0,1,4,0,4,0,0,7,"UEFA",-5
26,"Sweden 1974","WC-1974","T-74","Sweden","Group 3",3,1,2,0,3,0,3,4,1,"UEFA","Europe",1974,3,22,27.9545454545455,0.136363636363636,0.272727272727273,1.81818181818182,0.454545454545455,1,0.545454545454545,4,0,4,0,0,5,"UEFA",-5
27,"Bulgaria 1974","WC-1974","T-10","Bulgaria","Group 3",3,0,2,1,2,5,-3,2,0,"UEFA","Europe",1974,3,22,26.0909090909091,0.318181818181818,0.272727272727273,1.5,0.5,3,0.681818181818182,3,0,3,0,0,2,"UEFA",-5
28,"Uruguay 1974","WC-1974","T-84","Uruguay","Group 3",3,0,1,2,1,6,-5,1,0,"CONMEBOL","South America",1974,6,22,26.8181818181818,0.227272727272727,0.363636363636364,1.54545454545455,0.545454545454545,3,0.681818181818182,5,1,6,0,0,1,"CONMEBOL",-5
29,"Poland 1974","WC-1974","T-57","Poland","Group 4",3,3,0,0,12,3,9,6,1,"UEFA","Europe",1974,0,22,24.7727272727273,0.363636363636364,0.272727272727273,1.63636363636364,0,0,1,2,0,2,0,0,9,"UEFA",-5
30,"Argentina 1974","WC-1974","T-03","Argentina","Group 4",3,1,1,1,7,5,2,3,1,"CONMEBOL","South America",1974,4,22,26.7727272727273,0.227272727272727,0.318181818181818,1.27272727272727,0.0454545454545455,1,0.954545454545455,5,0,5,0,0,4,"CONMEBOL",-5
31,"Italy 1974","WC-1974","T-41","Italy","Group 4",3,1,1,1,5,4,1,3,0,"UEFA","Europe",1974,5,22,28.8636363636364,0.227272727272727,0.318181818181818,2.09090909090909,0.772727272727273,3,0.590909090909091,2,0,2,0,0,4,"UEFA",-5
32,"Haiti 1974","WC-1974","T-34","Haiti","Group 4",3,0,0,3,2,14,-12,0,0,"CONCACAF","Caribbean",1974,0,22,26.2272727272727,0.227272727272727,0.363636363636364,1,0,0,1,3,0,3,0,0,0,"CONCACAF",-5
33,"Italy 1978","WC-1978","T-41","Italy","Group 1",3,3,0,0,6,2,4,6,1,"UEFA","Europe",1978,6,22,26.5454545454545,0.181818181818182,0.318181818181818,1.90909090909091,0.272727272727273,2,0.772727272727273,2,0,2,0,0,9,"UEFA",-4
34,"Argentina 1978","WC-1978","T-03","Argentina","Group 1",3,2,0,1,4,3,1,4,1,"CONMEBOL","South America",1978,5,22,26.2727272727273,0.227272727272727,0.272727272727273,1.68181818181818,0.136363636363636,1,0.863636363636364,1,0,1,1,0,6,"CONMEBOL",-4
35,"France 1978","WC-1978","T-30","France","Group 1",3,1,0,2,5,5,0,2,0,"UEFA","Europe",1978,4,22,26.4545454545455,0.181818181818182,0.318181818181818,1.63636363636364,0,0,1,3,0,3,0,0,3,"UEFA",-4
36,"Hungary 1978","WC-1978","T-36","Hungary","Group 1",3,0,0,3,3,8,-5,0,0,"UEFA","Europe",1978,4,22,27.0454545454545,0.272727272727273,0.272727272727273,1.40909090909091,0,0,1,4,2,6,0,0,0,"UEFA",-4
37,"Poland 1978","WC-1978","T-57","Poland","Group 2",3,2,1,0,4,1,3,5,1,"UEFA","Europe",1978,1,22,26.3181818181818,0.227272727272727,0.363636363636364,1.90909090909091,0.409090909090909,1,0.590909090909091,0,0,0,0,0,7,"UEFA",-4
38,"West Germany 1978","WC-1978","T-86","West Germany","Group 2",3,1,2,0,6,0,6,4,1,"UEFA","Europe",1978,6,22,27.4545454545455,0.318181818181818,0.227272727272727,1.68181818181818,0.454545454545455,3,0.681818181818182,2,0,2,0,1,5,"UEFA",-4
39,"Tunisia 1978","WC-1978","T-79","Tunisia","Group 2",3,1,1,1,3,2,1,3,0,"CAF","Africa",1978,0,22,25.8181818181818,0.363636363636364,0.272727272727273,1,0,0,1,1,0,1,0,0,4,"CAF",-4
40,"Mexico 1978","WC-1978","T-46","Mexico","Group 2",3,0,0,3,2,12,-10,0,0,"CONCACAF","North America",1978,7,22,24.4545454545455,0.272727272727273,0.363636363636364,1.13636363636364,0,0,1,1,0,1,0,0,0,"CONCACAF",-4
41,"Austria 1978","WC-1978","T-05","Austria","Group 3",3,2,0,1,3,2,1,4,1,"UEFA","Europe",1978,2,22,26.7272727272727,0.227272727272727,0.318181818181818,1.45454545454545,0,0,1,0,0,0,0,0,6,"UEFA",-4
42,"Brazil 1978","WC-1978","T-09","Brazil","Group 3",3,1,2,0,2,1,1,4,1,"CONMEBOL","South America",1978,8,22,25.5,0.272727272727273,0.363636363636364,1.95454545454545,0.318181818181818,2,0.772727272727273,1,0,1,0,0,5,"CONMEBOL",-4
43,"Spain 1978","WC-1978","T-73","Spain","Group 3",3,1,1,1,2,2,0,3,0,"UEFA","Europe",1978,3,22,27.3636363636364,0.272727272727273,0.363636363636364,1.36363636363636,0.0454545454545455,1,0.954545454545455,1,0,1,0,0,4,"UEFA",-4
44,"Sweden 1978","WC-1978","T-74","Sweden","Group 3",3,0,1,2,1,3,-2,1,0,"UEFA","Europe",1978,4,22,27.4090909090909,0.318181818181818,0.272727272727273,1.5,0.5,2,0.636363636363636,2,0,2,0,0,1,"UEFA",-4
45,"Peru 1978","WC-1978","T-56","Peru","Group 4",3,2,1,0,7,2,5,5,1,"CONMEBOL","South America",1978,2,22,27.0909090909091,0.227272727272727,0.272727272727273,1.59090909090909,0.136363636363636,1,0.863636363636364,1,0,1,0,0,7,"CONMEBOL",-4
46,"Netherlands 1978","WC-1978","T-48","Netherlands","Group 4",3,1,1,1,5,3,2,3,1,"UEFA","Europe",1978,1,22,28.4090909090909,0.181818181818182,0.363636363636364,1.54545454545455,0.545454545454545,1,0.454545454545455,1,0,1,0,1,4,"UEFA",-4
47,"Scotland 1978","WC-1978","T-64","Scotland","Group 4",3,1,1,1,5,6,-1,3,0,"UEFA","Europe",1978,3,22,28,0.272727272727273,0.318181818181818,1.63636363636364,0.272727272727273,1,0.727272727272727,1,0,1,0,0,4,"UEFA",-4
48,"Iran 1978","WC-1978","T-38","Iran","Group 4",3,0,1,2,2,8,-6,1,0,"AFC","Middle East",1978,0,22,25.6363636363636,0.318181818181818,0.272727272727273,1,0,0,1,0,0,0,0,0,1,"AFC",-4
49,"Poland 1982","WC-1982","T-57","Poland","Group 1",3,1,2,0,5,1,4,4,1,"UEFA","Europe",1982,2,22,26,0.318181818181818,0.363636363636364,2,0.545454545454545,2,0.636363636363636,2,0,2,0,0,5,"UEFA",-3
50,"Italy 1982","WC-1982","T-41","Italy","Group 1",3,0,3,0,2,2,0,3,1,"UEFA","Europe",1982,7,22,27.3181818181818,0.227272727272727,0.318181818181818,2.31818181818182,0.590909090909091,3,0.545454545454545,4,0,4,0,0,3,"UEFA",-3
51,"Cameroon 1982","WC-1982","T-11","Cameroon","Group 1",3,0,3,0,1,1,0,3,0,"CAF","Africa",1982,0,22,27.3636363636364,0.227272727272727,0.318181818181818,1.31818181818182,0,0,1,4,0,4,0,1,3,"CAF",-3
52,"Peru 1982","WC-1982","T-56","Peru","Group 1",3,0,2,1,2,6,-4,2,0,"CONMEBOL","South America",1982,3,22,28.0454545454545,0.227272727272727,0.227272727272727,1.5,0.5,2,0.545454545454545,2,0,2,0,1,2,"CONMEBOL",-3
53,"West Germany 1982","WC-1982","T-86","West Germany","Group 2",3,2,0,1,6,3,3,4,1,"UEFA","Europe",1982,7,22,26.5909090909091,0.227272727272727,0.363636363636364,1.77272727272727,0.227272727272727,1,0.772727272727273,1,0,1,0,1,6,"UEFA",-3
54,"Austria 1982","WC-1982","T-05","Austria","Group 2",3,2,0,1,3,1,2,4,1,"UEFA","Europe",1982,3,22,27.0454545454545,0.227272727272727,0.363636363636364,1.5,0.454545454545455,1,0.545454545454545,4,0,4,0,0,6,"UEFA",-3
55,"Algeria 1982","WC-1982","T-01","Algeria","Group 2",3,2,0,1,5,5,0,4,0,"CAF","Africa",1982,0,22,26.8181818181818,0.272727272727273,0.272727272727273,1.45454545454545,0,0,1,2,0,2,0,0,6,"CAF",-3
56,"Chile 1982","WC-1982","T-13","Chile","Group 2",3,0,0,3,3,8,-5,0,0,"CONMEBOL","South America",1982,5,22,28.1363636363636,0.227272727272727,0.363636363636364,1.18181818181818,0.181818181818182,2,0.863636363636364,4,0,4,0,0,0,"CONMEBOL",-3
57,"Belgium 1982","WC-1982","T-06","Belgium","Group 3",3,2,1,0,3,1,2,5,1,"UEFA","Europe",1982,3,22,27.7727272727273,0.227272727272727,0.318181818181818,1.54545454545455,0.0454545454545455,1,0.954545454545455,3,0,3,0,0,7,"UEFA",-3
58,"Argentina 1982","WC-1982","T-03","Argentina","Group 3",3,2,0,1,6,2,4,4,1,"CONMEBOL","South America",1982,6,22,27.3636363636364,0.272727272727273,0.318181818181818,2.04545454545455,0.590909090909091,2,0.5,3,0,3,0,0,6,"CONMEBOL",-3
59,"Hungary 1982","WC-1982","T-36","Hungary","Group 3",3,1,1,1,12,6,6,3,0,"UEFA","Europe",1982,5,22,28.0909090909091,0.318181818181818,0.409090909090909,1.59090909090909,0.409090909090909,1,0.590909090909091,2,0,2,0,0,4,"UEFA",-3
60,"El Salvador 1982","WC-1982","T-27","El Salvador","Group 3",3,0,0,3,1,13,-12,0,0,"CONCACAF","Central America",1982,1,20,26.55,0.25,0.35,1,0,0,1,5,0,5,0,0,0,"CONCACAF",-3
61,"England 1982","WC-1982","T-28","England","Group 4",3,3,0,0,6,1,5,6,1,"UEFA","Europe",1982,6,22,28.6818181818182,0.227272727272727,0.318181818181818,1.45454545454545,0,0,1,2,0,2,0,0,9,"UEFA",-3
62,"France 1982","WC-1982","T-30","France","Group 4",3,1,1,1,6,5,1,3,1,"UEFA","Europe",1982,5,22,27,0.272727272727273,0.318181818181818,1.86363636363636,0.454545454545455,1,0.545454545454545,2,0,2,0,0,4,"UEFA",-3
63,"Czechoslovakia 1982","WC-1982","T-21","Czechoslovakia","Group 4",3,0,2,1,2,4,-2,2,0,"UEFA","Europe",1982,4,22,28.1818181818182,0.272727272727273,0.318181818181818,1,0,0,1,2,1,3,0,0,2,"UEFA",-3
64,"Kuwait 1982","WC-1982","T-45","Kuwait","Group 4",3,0,1,2,2,6,-4,1,0,"AFC","Middle East",1982,0,22,25,0.318181818181818,0.363636363636364,1,0,0,1,3,0,3,0,1,1,"AFC",-3
65,"Northern Ireland 1982","WC-1982","T-52","Northern Ireland","Group 5",3,1,2,0,2,1,1,4,1,"UEFA","Europe",1982,1,22,27.6363636363636,0.318181818181818,0.272727272727273,1.5,0,0,1,3,1,4,0,0,5,"UEFA",-3
66,"Spain 1982","WC-1982","T-73","Spain","Group 5",3,1,1,1,3,3,0,3,1,"UEFA","Europe",1982,4,22,26.9545454545455,0.272727272727273,0.318181818181818,1.5,0.272727272727273,1,0.727272727272727,3,0,3,1,1,4,"UEFA",-3
67,"Yugoslavia 1982","WC-1982","T-87","Yugoslavia","Group 5",3,1,1,1,2,2,0,3,0,"UEFA","Europe",1982,6,22,26.4545454545455,0.272727272727273,0.318181818181818,1.22727272727273,0.136363636363636,1,0.863636363636364,3,0,3,0,0,4,"UEFA",-3
68,"Honduras 1982","WC-1982","T-35","Honduras","Group 5",3,0,2,1,2,3,-1,2,0,"CONCACAF","Central America",1982,0,22,27.5454545454545,0.227272727272727,0.318181818181818,1,0,0,1,1,1,2,0,0,2,"CONCACAF",-3
69,"Brazil 1982","WC-1982","T-09","Brazil","Group 6",3,3,0,0,10,2,8,6,1,"CONMEBOL","South America",1982,9,22,27,0.136363636363636,0.363636363636364,1.81818181818182,0.5,2,0.590909090909091,0,0,0,0,0,9,"CONMEBOL",-3
70,"Soviet Union 1982","WC-1982","T-72","Soviet Union","Group 6",3,1,1,1,6,4,2,3,1,"UEFA","Europe, Asia",1982,4,22,25.5909090909091,0.181818181818182,0.363636363636364,1.63636363636364,0,0,1,0,0,0,0,0,4,"UEFA",-3
71,"Scotland 1982","WC-1982","T-64","Scotland","Group 6",3,1,1,1,8,8,0,3,0,"UEFA","Europe",1982,4,22,27.4090909090909,0.318181818181818,0.363636363636364,1.95454545454545,0.409090909090909,2,0.681818181818182,1,0,1,0,0,4,"UEFA",-3
72,"New Zealand 1982","WC-1982","T-49","New Zealand","Group 6",3,0,0,3,2,12,-10,0,0,"OFC","Oceania",1982,0,22,26.5454545454545,0.0909090909090909,0.363636363636364,1,0,0,1,0,0,0,0,1,0,"OTHER",-3
73,"Argentina 1986","WC-1986","T-03","Argentina","Group A",3,2,1,0,6,2,4,5,1,"CONMEBOL","South America",1986,7,22,27.0454545454545,0.181818181818182,0.318181818181818,1.72727272727273,0.272727272727273,2,0.772727272727273,3,0,3,0,0,7,"CONMEBOL",-2
74,"Italy 1986","WC-1986","T-41","Italy","Group A",3,1,2,0,5,4,1,4,1,"UEFA","Europe",1986,8,22,27.6363636363636,0.272727272727273,0.318181818181818,2,0.636363636363636,2,0.545454545454545,6,0,6,0,0,5,"UEFA",-2
75,"Bulgaria 1986","WC-1986","T-10","Bulgaria","Group A",3,0,2,1,2,4,-2,2,1,"UEFA","Europe",1986,4,22,26.3181818181818,0.318181818181818,0.227272727272727,1.13636363636364,0,0,1,2,0,2,0,0,2,"UEFA",-2
76,"South Korea 1986","WC-1986","T-71","South Korea","Group A",3,0,1,2,4,7,-3,1,0,"AFC","East Asia",1986,1,22,26.1818181818182,0.272727272727273,0.318181818181818,1.45454545454545,0,0,1,7,0,7,0,0,1,"AFC",-2
77,"Mexico 1986","WC-1986","T-46","Mexico","Group B",3,2,1,0,4,2,2,5,1,"CONCACAF","North America",1986,8,22,26.6363636363636,0.227272727272727,0.272727272727273,1.18181818181818,0.0909090909090909,1,0.909090909090909,5,0,5,1,1,7,"CONCACAF",-2
78,"Paraguay 1986","WC-1986","T-55","Paraguay","Group B",3,1,2,0,4,3,1,4,1,"CONMEBOL","South America",1986,3,22,26.9090909090909,0.318181818181818,0.272727272727273,1,0,0,1,4,0,4,0,0,5,"CONMEBOL",-2
79,"Belgium 1986","WC-1986","T-06","Belgium","Group B",3,1,1,1,5,5,0,3,1,"UEFA","Europe",1986,4,22,27.5,0.181818181818182,0.318181818181818,2.13636363636364,0.363636363636364,1,0.636363636363636,3,0,3,0,0,4,"UEFA",-2
80,"Iraq 1986","WC-1986","T-39","Iraq","Group B",3,0,0,3,1,4,-3,0,0,"AFC","Middle East",1986,0,22,26.5454545454545,0.227272727272727,0.318181818181818,1,0,0,1,9,1,9,0,1,0,"AFC",-2
81,"Soviet Union 1986","WC-1986","T-72","Soviet Union","Group C",3,2,1,0,9,1,8,5,1,"UEFA","Europe, Asia",1986,5,22,26.4090909090909,0.136363636363636,0.318181818181818,1.90909090909091,0.409090909090909,1,0.590909090909091,2,0,2,0,0,7,"UEFA",-2
82,"France 1986","WC-1986","T-30","France","Group C",3,2,1,0,5,1,4,5,1,"UEFA","Europe",1986,6,22,27.9090909090909,0.227272727272727,0.318181818181818,1.59090909090909,0.590909090909091,2,0.590909090909091,4,0,4,0,0,7,"UEFA",-2
83,"Hungary 1986","WC-1986","T-36","Hungary","Group C",3,1,0,2,2,9,-7,2,0,"UEFA","Europe",1986,6,22,27.1818181818182,0.181818181818182,0.409090909090909,1.18181818181818,0.181818181818182,1,0.818181818181818,0,0,0,0,0,3,"UEFA",-2
84,"Canada 1986","WC-1986","T-12","Canada","Group C",3,0,0,3,0,5,-5,0,0,"CONCACAF","North America",1986,0,22,26.0909090909091,0.227272727272727,0.318181818181818,1,0,0,1,2,1,2,0,1,0,"CONCACAF",-2
85,"Brazil 1986","WC-1986","T-09","Brazil","Group D",3,3,0,0,5,0,5,6,1,"CONMEBOL","South America",1986,10,22,27.1363636363636,0.181818181818182,0.318181818181818,2.04545454545455,0.636363636363636,3,0.636363636363636,1,0,1,0,0,9,"CONMEBOL",-2
86,"Spain 1986","WC-1986","T-73","Spain","Group D",3,2,0,1,5,2,3,4,1,"UEFA","Europe",1986,5,22,26.8636363636364,0.181818181818182,0.318181818181818,1.68181818181818,0.272727272727273,2,0.772727272727273,3,0,3,0,0,6,"UEFA",-2
87,"Northern Ireland 1986","WC-1986","T-52","Northern Ireland","Group D",3,0,1,2,2,6,-4,1,0,"UEFA","Europe",1986,2,22,27.1818181818182,0.272727272727273,0.272727272727273,1.5,0.5,1,0.5,5,0,5,0,0,1,"UEFA",-2
88,"Algeria 1986","WC-1986","T-01","Algeria","Group D",3,0,1,2,1,5,-4,1,0,"CAF","Africa",1986,1,22,28.2727272727273,0.272727272727273,0.318181818181818,1.45454545454545,0.454545454545455,1,0.545454545454545,2,0,2,0,0,1,"CAF",-2
89,"Denmark 1986","WC-1986","T-22","Denmark","Group E",3,3,0,0,9,1,8,6,1,"UEFA","Europe",1986,0,22,28.0454545454545,0.227272727272727,0.272727272727273,1.04545454545455,0,0,1,3,1,3,0,1,9,"UEFA",-2
90,"West Germany 1986","WC-1986","T-86","West Germany","Group E",3,1,1,1,3,4,-1,3,1,"UEFA","Europe",1986,8,22,28.4090909090909,0.227272727272727,0.363636363636364,2,0.409090909090909,2,0.636363636363636,2,0,2,0,1,4,"UEFA",-2
91,"Uruguay 1986","WC-1986","T-84","Uruguay","Group E",3,0,2,1,2,7,-5,2,1,"CONMEBOL","South America",1986,7,22,26.7272727272727,0.227272727272727,0.318181818181818,1.27272727272727,0,0,1,7,2,8,0,0,2,"CONMEBOL",-2
92,"Scotland 1986","WC-1986","T-64","Scotland","Group E",3,0,1,2,1,3,-2,1,0,"UEFA","Europe",1986,5,22,27.7272727272727,0.272727272727273,0.363636363636364,1.90909090909091,0.5,2,0.590909090909091,5,0,5,0,0,1,"UEFA",-2
93,"Morocco 1986","WC-1986","T-47","Morocco","Group F",3,1,2,0,3,1,2,4,1,"CAF","Africa",1986,1,22,26.6363636363636,0.181818181818182,0.272727272727273,1.04545454545455,0,0,1,3,0,3,0,1,5,"CAF",-2
94,"England 1986","WC-1986","T-28","England","Group F",3,1,1,1,3,1,2,3,1,"UEFA","Europe",1986,7,22,27.0454545454545,0.227272727272727,0.318181818181818,1.81818181818182,0.318181818181818,1,0.681818181818182,5,1,5,0,0,4,"UEFA",-2
95,"Poland 1986","WC-1986","T-57","Poland","Group F",3,1,1,1,1,3,-2,3,1,"UEFA","Europe",1986,3,22,26.9090909090909,0.272727272727273,0.318181818181818,1.63636363636364,0.636363636363636,3,0.545454545454545,2,0,2,0,0,4,"UEFA",-2
96,"Portugal 1986","WC-1986","T-58","Portugal","Group F",3,1,0,2,2,4,-2,2,0,"UEFA","Europe",1986,1,22,28.0454545454545,0.136363636363636,0.409090909090909,1,0,0,1,2,0,2,0,0,3,"UEFA",-2
97,"Italy 1990","WC-1990","T-41","Italy","Group A",3,3,0,0,4,0,4,6,1,"UEFA","Europe",1990,9,22,27,0.272727272727273,0.318181818181818,1.95454545454545,0.454545454545455,2,0.636363636363636,3,0,3,1,0,9,"UEFA",-1
98,"Czechoslovakia 1990","WC-1990","T-21","Czechoslovakia","Group A",3,2,0,1,6,3,3,4,1,"UEFA","Europe",1990,5,22,27.6363636363636,0.227272727272727,0.272727272727273,1,0,0,1,6,0,6,0,0,6,"UEFA",-1
99,"Austria 1990","WC-1990","T-05","Austria","Group A",3,1,0,2,2,3,-1,2,0,"UEFA","Europe",1990,4,22,25.3636363636364,0.227272727272727,0.318181818181818,1.31818181818182,0.0454545454545455,1,0.954545454545455,9,1,10,0,0,3,"UEFA",-1
100,"United States 1990","WC-1990","T-83","United States","Group A",3,0,0,3,2,8,-6,0,0,"CONCACAF","North America",1990,2,22,24.1363636363636,0.227272727272727,0.363636363636364,1.59090909090909,0,0,1,7,1,8,0,0,0,"CONCACAF",-1
101,"Cameroon 1990","WC-1990","T-11","Cameroon","Group B",3,2,0,1,3,5,-2,4,1,"CAF","Africa",1990,1,22,27.2727272727273,0.181818181818182,0.363636363636364,1.86363636363636,0.181818181818182,1,0.818181818181818,7,2,8,0,1,6,"CAF",-1
102,"Romania 1990","WC-1990","T-61","Romania","Group B",3,1,1,1,4,3,1,3,1,"UEFA","Europe",1990,2,22,26.0909090909091,0.227272727272727,0.272727272727273,1.5,0,0,1,5,0,5,0,0,4,"UEFA",-1
103,"Argentina 1990","WC-1990","T-03","Argentina","Group B",3,1,1,1,3,2,1,3,1,"CONMEBOL","South America",1990,8,22,27.6363636363636,0.181818181818182,0.409090909090909,1.95454545454545,0.5,2,0.636363636363636,7,0,7,0,0,4,"CONMEBOL",-1
104,"Soviet Union 1990","WC-1990","T-72","Soviet Union","Group B",3,1,0,2,4,4,0,2,0,"UEFA","Europe, Asia",1990,6,22,28.2272727272727,0.136363636363636,0.318181818181818,1.81818181818182,0.727272727272727,2,0.454545454545455,3,1,4,0,0,3,"UEFA",-1
105,"Brazil 1990","WC-1990","T-09","Brazil","Group C",3,3,0,0,4,1,3,6,1,"CONMEBOL","South America",1990,11,22,26.7727272727273,0.227272727272727,0.363636363636364,1.95454545454545,0.318181818181818,1,0.681818181818182,5,0,5,0,0,9,"CONMEBOL",-1
106,"Costa Rica 1990","WC-1990","T-17","Costa Rica","Group C",3,2,0,1,3,2,1,4,1,"CONCACAF","Central America",1990,0,22,26.7272727272727,0.136363636363636,0.363636363636364,1.04545454545455,0,0,1,4,0,4,0,1,6,"CONCACAF",-1
107,"Scotland 1990","WC-1990","T-64","Scotland","Group C",3,1,0,2,2,3,-1,2,0,"UEFA","Europe",1990,6,22,27.6818181818182,0.227272727272727,0.363636363636364,1.59090909090909,0.454545454545455,2,0.636363636363636,3,0,3,0,0,3,"UEFA",-1
108,"Sweden 1990","WC-1990","T-74","Sweden","Group C",3,0,0,3,3,6,-3,0,0,"UEFA","Europe",1990,5,22,25.5909090909091,0.181818181818182,0.272727272727273,1.40909090909091,0,0,1,4,0,4,0,0,0,"UEFA",-1
109,"West Germany 1990","WC-1990","T-86","West Germany","Group D",3,2,1,0,10,3,7,5,1,"UEFA","Europe",1990,9,22,27.7727272727273,0.181818181818182,0.363636363636364,2.31818181818182,0.409090909090909,2,0.681818181818182,3,0,3,0,1,7,"UEFA",-1
110,"Yugoslavia 1990","WC-1990","T-87","Yugoslavia","Group D",3,2,0,1,6,5,1,4,1,"UEFA","Europe",1990,7,22,26.3636363636364,0.181818181818182,0.318181818181818,1.54545454545455,0.0909090909090909,1,0.909090909090909,4,0,4,0,0,6,"UEFA",-1
111,"Colombia 1990","WC-1990","T-16","Colombia","Group D",3,1,1,1,3,2,1,3,1,"CONMEBOL","South America",1990,1,22,26.4545454545455,0.181818181818182,0.409090909090909,1.5,0,0,1,3,0,3,0,0,4,"CONMEBOL",-1
112,"United Arab Emirates 1990","WC-1990","T-82","United Arab Emirates","Group D",3,0,0,3,2,11,-9,0,0,"AFC","Middle East",1990,0,22,25.5,0.227272727272727,0.363636363636364,1,0,0,1,7,1,7,0,1,0,"AFC",-1
113,"Spain 1990","WC-1990","T-73","Spain","Group E",3,2,1,0,5,2,3,5,1,"UEFA","Europe",1990,6,22,26.2727272727273,0.181818181818182,0.318181818181818,1.68181818181818,0.272727272727273,1,0.727272727272727,2,0,2,0,0,7,"UEFA",-1
114,"Belgium 1990","WC-1990","T-06","Belgium","Group E",3,2,0,1,6,3,3,4,1,"UEFA","Europe",1990,5,22,27.2727272727273,0.136363636363636,0.363636363636364,2.36363636363636,0.590909090909091,2,0.5,1,1,1,0,0,6,"UEFA",-1
115,"Uruguay 1990","WC-1990","T-84","Uruguay","Group E",3,1,1,1,2,3,-1,3,1,"CONMEBOL","South America",1990,8,22,27.1818181818182,0.227272727272727,0.272727272727273,1.27272727272727,0.272727272727273,1,0.727272727272727,5,0,5,0,0,4,"CONMEBOL",-1
116,"South Korea 1990","WC-1990","T-71","South Korea","Group E",3,0,0,3,1,6,-5,0,0,"AFC","East Asia",1990,2,22,27.3181818181818,0.272727272727273,0.363636363636364,1.90909090909091,0.409090909090909,1,0.590909090909091,7,1,7,0,0,0,"AFC",-1
117,"England 1990","WC-1990","T-28","England","Group F",3,1,2,0,2,1,1,4,1,"UEFA","Europe",1990,8,22,28.2272727272727,0.136363636363636,0.318181818181818,1.72727272727273,0.636363636363636,2,0.5,2,0,2,0,0,5,"UEFA",-1
118,"Republic of Ireland 1990","WC-1990","T-60","Republic of Ireland","Group F",3,0,3,0,2,2,0,3,1,"UEFA","Europe",1990,0,22,29,0.318181818181818,0.318181818181818,1.63636363636364,0,0,1,1,0,1,0,1,3,"UEFA",-1
119,"Netherlands 1990","WC-1990","T-48","Netherlands","Group F",3,0,3,0,2,2,0,3,1,"UEFA","Europe",1990,2,22,27.3636363636364,0.272727272727273,0.272727272727273,1.31818181818182,0,0,1,2,0,2,0,0,3,"UEFA",-1
120,"Egypt 1990","WC-1990","T-26","Egypt","Group F",3,0,2,1,1,2,-1,2,0,"CAF","Africa",1990,0,22,27.3181818181818,0.181818181818182,0.272727272727273,1,0,0,1,4,0,4,0,0,2,"CAF",-1
121,"Romania 1994","WC-1994","T-61","Romania","Group A",3,2,0,1,5,5,0,6,1,"UEFA","Europe",1994,3,22,25.2272727272727,0.227272727272727,0.272727272727273,1.77272727272727,0.272727272727273,1,0.727272727272727,6,1,7,0,0,6,"UEFA",0
122,"Switzerland 1994","WC-1994","T-75","Switzerland","Group A",3,1,1,1,5,4,1,4,1,"UEFA","Europe",1994,4,22,28.3636363636364,0.181818181818182,0.318181818181818,1,0,0,1,4,0,4,0,1,4,"UEFA",0
123,"United States 1994","WC-1994","T-83","United States","Group A",3,1,1,1,3,3,0,4,1,"CONCACAF","North America",1994,3,22,26.7727272727273,0.227272727272727,0.318181818181818,2.18181818181818,0.272727272727273,1,0.727272727272727,4,0,4,1,1,4,"CONCACAF",0
124,"Colombia 1994","WC-1994","T-16","Colombia","Group A",3,1,0,2,4,5,-1,3,0,"CONMEBOL","South America",1994,2,22,27.5,0.227272727272727,0.318181818181818,1.86363636363636,0.363636363636364,1,0.636363636363636,7,0,7,0,0,3,"CONMEBOL",0
125,"Brazil 1994","WC-1994","T-09","Brazil","Group B",3,2,1,0,6,1,5,7,1,"CONMEBOL","South America",1994,12,22,27.7727272727273,0.227272727272727,0.318181818181818,2.04545454545455,0.545454545454545,2,0.545454545454545,2,0,2,0,0,7,"CONMEBOL",0
126,"Sweden 1994","WC-1994","T-74","Sweden","Group B",3,1,2,0,6,4,2,5,1,"UEFA","Europe",1994,6,22,25.7727272727273,0.181818181818182,0.363636363636364,1.68181818181818,0.409090909090909,1,0.590909090909091,5,0,5,0,0,5,"UEFA",0
127,"Russia 1994","WC-1994","T-62","Russia","Group B",3,1,0,2,7,6,1,3,0,"UEFA","Europe, Asia",1994,0,22,26.4090909090909,0.181818181818182,0.318181818181818,1.36363636363636,0.0909090909090909,1,0.909090909090909,8,1,8,0,0,3,"UEFA",0
128,"Cameroon 1994","WC-1994","T-11","Cameroon","Group B",3,0,1,2,3,11,-8,1,0,"CAF","Africa",1994,2,22,27.5909090909091,0.272727272727273,0.318181818181818,2.13636363636364,0.681818181818182,2,0.454545454545455,5,1,6,0,1,1,"CAF",0
129,"Germany 1994","WC-1994","T-31","Germany","Group C",3,2,1,0,5,3,2,7,1,"UEFA","Europe",1994,0,22,29.0909090909091,0.227272727272727,0.272727272727273,2.27272727272727,0.772727272727273,3,0.454545454545455,6,0,6,0,0,7,"UEFA",0
130,"Spain 1994","WC-1994","T-73","Spain","Group C",3,1,2,0,6,4,2,5,1,"UEFA","Europe",1994,7,22,26.7272727272727,0.181818181818182,0.363636363636364,1.95454545454545,0.318181818181818,2,0.772727272727273,7,1,8,0,0,5,"UEFA",0
131,"South Korea 1994","WC-1994","T-71","South Korea","Group C",3,0,2,1,4,5,-1,2,0,"AFC","East Asia",1994,3,22,26.9545454545455,0.136363636363636,0.363636363636364,1.81818181818182,0.318181818181818,2,0.727272727272727,6,0,6,0,0,2,"AFC",0
132,"Bolivia 1994","WC-1994","T-07","Bolivia","Group C",3,0,1,2,1,4,-3,1,0,"CONMEBOL","South America",1994,2,22,27.5909090909091,0.136363636363636,0.318181818181818,1,0,0,1,7,2,8,0,1,1,"CONMEBOL",0
133,"Nigeria 1994","WC-1994","T-50","Nigeria","Group D",3,2,0,1,6,2,4,6,1,"CAF","Africa",1994,0,22,26.2272727272727,0.227272727272727,0.363636363636364,1.63636363636364,0,0,1,5,0,5,0,1,6,"CAF",0
134,"Bulgaria 1994","WC-1994","T-10","Bulgaria","Group D",3,2,0,1,6,3,3,6,1,"UEFA","Europe",1994,5,22,28.2272727272727,0.318181818181818,0.272727272727273,1.45454545454545,0.0909090909090909,1,0.909090909090909,10,1,10,0,0,6,"UEFA",0
135,"Argentina 1994","WC-1994","T-03","Argentina","Group D",3,2,0,1,6,3,3,6,1,"CONMEBOL","South America",1994,9,22,27.8636363636364,0.181818181818182,0.318181818181818,2,0.5,3,0.636363636363636,5,0,5,0,0,6,"CONMEBOL",0
136,"Greece 1994","WC-1994","T-33","Greece","Group D",3,0,0,3,0,10,-10,0,0,"UEFA","Europe",1994,0,22,28.9545454545455,0.181818181818182,0.318181818181818,1,0,0,1,8,0,8,0,0,0,"UEFA",0
137,"Mexico 1994","WC-1994","T-46","Mexico","Group E",3,1,1,1,3,3,0,4,1,"CONCACAF","North America",1994,9,22,28.2272727272727,0.272727272727273,0.227272727272727,1.54545454545455,0.136363636363636,2,0.909090909090909,6,0,6,0,0,4,"CONCACAF",0
138,"Republic of Ireland 1994","WC-1994","T-60","Republic of Ireland","Group E",3,1,1,1,2,2,0,4,1,"UEFA","Europe",1994,1,22,29.1818181818182,0.227272727272727,0.363636363636364,1.77272727272727,0.545454545454545,1,0.454545454545455,8,0,8,0,1,4,"UEFA",0
139,"Italy 1994","WC-1994","T-41","Italy","Group E",3,1,1,1,2,2,0,4,1,"UEFA","Europe",1994,10,22,27.8636363636364,0.227272727272727,0.363636363636364,1.68181818181818,0.363636363636364,2,0.681818181818182,2,1,3,0,0,4,"UEFA",0
140,"Norway 1994","WC-1994","T-53","Norway","Group E",3,1,1,1,1,1,0,4,0,"UEFA","Europe",1994,0,22,27.0909090909091,0.227272727272727,0.409090909090909,1.5,0,0,1,6,0,6,0,0,4,"UEFA",0
141,"Netherlands 1994","WC-1994","T-48","Netherlands","Group F",3,2,0,1,4,3,1,6,1,"UEFA","Europe",1994,3,22,27.4545454545455,0.272727272727273,0.318181818181818,1.72727272727273,0.272727272727273,1,0.727272727272727,9,0,9,0,0,6,"UEFA",0
142,"Saudi Arabia 1994","WC-1994","T-63","Saudi Arabia","Group F",3,2,0,1,4,3,1,6,1,"AFC","Middle East",1994,0,22,24.4545454545455,0.227272727272727,0.363636363636364,1.72727272727273,0,0,1,9,0,9,0,1,6,"AFC",0
143,"Belgium 1994","WC-1994","T-06","Belgium","Group F",3,2,0,1,2,1,1,6,1,"UEFA","Europe",1994,6,22,29.3636363636364,0.181818181818182,0.363636363636364,2.31818181818182,0.727272727272727,2,0.454545454545455,5,0,5,0,0,6,"UEFA",0
144,"Morocco 1994","WC-1994","T-47","Morocco","Group F",3,0,0,3,2,5,-3,0,0,"CAF","Africa",1994,2,22,26.5909090909091,0.227272727272727,0.272727272727273,1.36363636363636,0.0454545454545455,1,0.954545454545455,10,0,10,0,0,0,"CAF",0
145,"Brazil 1998","WC-1998","T-09","Brazil","Group A",3,2,0,1,6,3,3,6,1,"CONMEBOL","South America",1998,13,22,27.8636363636364,0.136363636363636,0.318181818181818,2.04545454545455,0.5,2,0.681818181818182,4,0,4,0,0,6,"CONMEBOL",1
146,"Norway 1998","WC-1998","T-53","Norway","Group A",3,1,2,0,5,4,1,5,1,"UEFA","Europe",1998,1,22,28.1818181818182,0.227272727272727,0.363636363636364,1.5,0.5,1,0.5,4,0,4,0,0,5,"UEFA",1
147,"Morocco 1998","WC-1998","T-47","Morocco","Group A",3,1,1,1,5,5,0,4,0,"CAF","Africa",1998,3,22,26.8636363636364,0.181818181818182,0.409090909090909,1.31818181818182,0.318181818181818,1,0.681818181818182,4,0,4,0,1,4,"CAF",1
148,"Scotland 1998","WC-1998","T-64","Scotland","Group A",3,0,1,2,2,6,-4,1,0,"UEFA","Europe",1998,7,22,29.9545454545455,0.227272727272727,0.363636363636364,1.22727272727273,0.227272727272727,3,0.863636363636364,4,1,5,0,0,1,"UEFA",1
149,"Italy 1998","WC-1998","T-41","Italy","Group B",3,2,1,0,7,3,4,7,1,"UEFA","Europe",1998,11,22,27.6363636363636,0.227272727272727,0.318181818181818,2.36363636363636,0.545454545454545,3,0.681818181818182,5,0,5,0,0,7,"UEFA",1
150,"Chile 1998","WC-1998","T-13","Chile","Group B",3,0,3,0,4,4,0,3,1,"CONMEBOL","South America",1998,6,22,27.1818181818182,0.181818181818182,0.363636363636364,1,0,0,1,11,0,11,0,1,3,"CONMEBOL",1
151,"Austria 1998","WC-1998","T-05","Austria","Group B",3,0,2,1,3,4,-1,2,0,"UEFA","Europe",1998,5,22,29.8181818181818,0.181818181818182,0.227272727272727,1.27272727272727,0.272727272727273,1,0.727272727272727,6,0,6,0,0,2,"UEFA",1
152,"Cameroon 1998","WC-1998","T-11","Cameroon","Group B",3,0,2,1,2,5,-3,2,0,"CAF","Africa",1998,3,22,23.6818181818182,0.272727272727273,0.318181818181818,2,0.318181818181818,2,0.772727272727273,6,3,8,0,1,2,"CAF",1
153,"France 1998","WC-1998","T-30","France","Group C",3,3,0,0,9,1,8,9,1,"UEFA","Europe",1998,7,22,27.4545454545455,0.181818181818182,0.272727272727273,1.95454545454545,0,0,1,7,1,8,1,0,9,"UEFA",1
154,"Denmark 1998","WC-1998","T-22","Denmark","Group C",3,1,1,1,3,3,0,4,1,"UEFA","Europe",1998,1,22,29.4090909090909,0.181818181818182,0.363636363636364,1.40909090909091,0.0454545454545455,1,0.954545454545455,8,2,10,0,1,4,"UEFA",1
155,"South Africa 1998","WC-1998","T-70","South Africa","Group C",3,0,2,1,3,6,-3,2,0,"CAF","Africa",1998,0,23,26.304347826087,0.260869565217391,0.260869565217391,1.26086956521739,0,0,1,7,1,7,0,1,2,"CAF",1
156,"Saudi Arabia 1998","WC-1998","T-63","Saudi Arabia","Group C",3,0,1,2,2,7,-5,1,0,"AFC","Middle East",1998,1,22,25.7727272727273,0.227272727272727,0.272727272727273,2.09090909090909,0.5,1,0.5,4,1,5,0,1,1,"AFC",1
157,"Nigeria 1998","WC-1998","T-50","Nigeria","Group D",3,2,0,1,5,5,0,6,1,"CAF","Africa",1998,1,22,26.7272727272727,0.181818181818182,0.363636363636364,1.86363636363636,0.545454545454545,1,0.454545454545455,7,0,7,0,1,6,"CAF",1
158,"Paraguay 1998","WC-1998","T-55","Paraguay","Group D",3,1,2,0,3,1,2,5,1,"CONMEBOL","South America",1998,4,22,26.7727272727273,0.227272727272727,0.363636363636364,1.68181818181818,0,0,1,3,0,3,0,1,5,"CONMEBOL",1
159,"Spain 1998","WC-1998","T-73","Spain","Group D",3,1,1,1,8,4,4,4,0,"UEFA","Europe",1998,8,22,27.2272727272727,0.227272727272727,0.409090909090909,1.95454545454545,0.636363636363636,3,0.545454545454545,7,0,7,0,0,4,"UEFA",1
160,"Bulgaria 1998","WC-1998","T-10","Bulgaria","Group D",3,0,1,2,1,7,-6,1,0,"UEFA","Europe",1998,6,22,28.1818181818182,0.227272727272727,0.272727272727273,1.40909090909091,0.409090909090909,2,0.636363636363636,7,1,7,0,0,1,"UEFA",1
161,"Netherlands 1998","WC-1998","T-48","Netherlands","Group E",3,1,2,0,7,2,5,5,1,"UEFA","Europe",1998,4,22,27.0454545454545,0.181818181818182,0.272727272727273,1.72727272727273,0.454545454545455,2,0.590909090909091,2,1,3,0,0,5,"UEFA",1
162,"Mexico 1998","WC-1998","T-46","Mexico","Group E",3,1,2,0,7,5,2,5,1,"CONCACAF","North America",1998,10,22,27.2727272727273,0.227272727272727,0.227272727272727,2.04545454545455,0.272727272727273,1,0.727272727272727,8,2,10,0,0,5,"CONCACAF",1
163,"Belgium 1998","WC-1998","T-06","Belgium","Group E",3,0,3,0,3,3,0,3,0,"UEFA","Europe",1998,7,22,29.9090909090909,0.227272727272727,0.363636363636364,2.13636363636364,0.772727272727273,3,0.545454545454545,4,1,5,0,0,3,"UEFA",1
164,"South Korea 1998","WC-1998","T-71","South Korea","Group E",3,0,1,2,2,9,-7,1,0,"AFC","East Asia",1998,4,22,26.2272727272727,0.227272727272727,0.409090909090909,1.81818181818182,0.409090909090909,2,0.681818181818182,7,1,8,0,0,1,"AFC",1
165,"Germany 1998","WC-1998","T-31","Germany","Group F",3,2,1,0,6,2,4,7,1,"UEFA","Europe",1998,1,22,30.2727272727273,0.181818181818182,0.454545454545455,2.27272727272727,0.909090909090909,4,0.5,6,0,6,0,0,7,"UEFA",1
166,"Yugoslavia 1998","WC-1998","T-87","Yugoslavia","Group F",3,2,1,0,4,2,2,7,1,"UEFA","Europe",1998,8,22,28.2272727272727,0.181818181818182,0.318181818181818,1.27272727272727,0.136363636363636,1,0.863636363636364,4,0,4,0,0,7,"UEFA",1
167,"Iran 1998","WC-1998","T-38","Iran","Group F",3,1,0,2,2,4,-2,3,0,"AFC","Middle East",1998,1,22,27.3181818181818,0.181818181818182,0.363636363636364,1.09090909090909,0,0,1,3,0,3,0,0,3,"AFC",1
168,"United States 1998","WC-1998","T-83","United States","Group F",3,0,0,3,1,5,-4,0,0,"CONCACAF","North America",1998,4,22,28.9090909090909,0.181818181818182,0.318181818181818,2.45454545454545,0.772727272727273,2,0.363636363636364,4,0,4,0,0,0,"CONCACAF",1
169,"Romania 1998","WC-1998","T-61","Romania","Group G",3,2,1,0,4,2,2,7,1,"UEFA","Europe",1998,4,22,28.5,0.227272727272727,0.272727272727273,1.72727272727273,0.727272727272727,2,0.454545454545455,7,0,7,0,0,7,"UEFA",1
170,"England 1998","WC-1998","T-28","England","Group G",3,2,0,1,5,2,3,6,1,"UEFA","Europe",1998,9,22,28.1818181818182,0.181818181818182,0.318181818181818,1.72727272727273,0.0454545454545455,1,0.954545454545455,3,0,3,0,0,6,"UEFA",1
171,"Colombia 1998","WC-1998","T-16","Colombia","Group G",3,1,0,2,1,3,-2,3,0,"CONMEBOL","South America",1998,3,22,28.1363636363636,0.272727272727273,0.272727272727273,1.63636363636364,0.590909090909091,2,0.5,5,0,5,0,0,3,"CONMEBOL",1
172,"Tunisia 1998","WC-1998","T-79","Tunisia","Group G",3,0,1,2,1,4,-3,1,0,"CAF","Africa",1998,1,22,26.3636363636364,0.227272727272727,0.318181818181818,1.68181818181818,0,0,1,7,0,7,0,1,1,"CAF",1
173,"Argentina 1998","WC-1998","T-03","Argentina","Group H",3,3,0,0,7,0,7,9,1,"CONMEBOL","South America",1998,10,22,26.4545454545455,0.227272727272727,0.318181818181818,2.09090909090909,0.363636363636364,2,0.727272727272727,4,0,4,0,0,9,"CONMEBOL",1
174,"Croatia 1998","WC-1998","T-18","Croatia","Group H",3,2,0,1,4,2,2,6,1,"UEFA","Europe",1998,0,22,28.0909090909091,0.181818181818182,0.318181818181818,1.68181818181818,0.136363636363636,1,0.863636363636364,8,0,8,0,0,6,"UEFA",1
175,"Jamaica 1998","WC-1998","T-43","Jamaica","Group H",3,1,0,2,3,9,-6,3,0,"CONCACAF","Caribbean",1998,0,22,26.5909090909091,0.272727272727273,0.318181818181818,1,0,0,1,5,1,5,0,1,3,"CONCACAF",1
176,"Japan 1998","WC-1998","T-44","Japan","Group H",3,0,0,3,1,4,-3,0,0,"AFC","East Asia",1998,0,22,26,0.181818181818182,0.318181818181818,1.63636363636364,0,0,1,7,0,7,0,0,0,"AFC",1
177,"Denmark 2002","WC-2002","T-22","Denmark","Group A",3,2,1,0,5,2,3,7,1,"UEFA","Europe",2002,2,23,28.0869565217391,0.173913043478261,0.304347826086957,1.60869565217391,0.304347826086957,1,0.695652173913043,8,0,8,0,0,7,"UEFA",2
178,"Senegal 2002","WC-2002","T-65","Senegal","Group A",3,1,2,0,5,4,1,5,1,"CAF","Africa",2002,0,23,25.3478260869565,0.217391304347826,0.304347826086957,1,0,0,1,10,1,10,0,1,5,"CAF",2
179,"Uruguay 2002","WC-2002","T-84","Uruguay","Group A",3,0,2,1,4,5,-1,2,0,"CONMEBOL","South America",2002,9,23,25.8260869565217,0.304347826086957,0.260869565217391,1.1304347826087,0,0,1,10,0,10,0,0,2,"CONMEBOL",2
180,"France 2002","WC-2002","T-30","France","Group A",3,0,1,2,0,3,-3,1,0,"UEFA","Europe",2002,8,23,28.9565217391304,0.217391304347826,0.347826086956522,2.17391304347826,0.608695652173913,1,0.391304347826087,3,1,4,0,0,1,"UEFA",2
181,"Spain 2002","WC-2002","T-73","Spain","Group B",3,3,0,0,9,4,5,9,1,"UEFA","Europe",2002,9,23,27.1304347826087,0.173913043478261,0.260869565217391,1.8695652173913,0.391304347826087,3,0.782608695652174,2,0,2,0,0,9,"UEFA",2
182,"Paraguay 2002","WC-2002","T-55","Paraguay","Group B",3,1,1,1,6,6,0,4,1,"CONMEBOL","South America",2002,5,23,28.2173913043478,0.217391304347826,0.347826086956522,2.08695652173913,0.434782608695652,1,0.565217391304348,8,1,8,0,1,4,"CONMEBOL",2
183,"South Africa 2002","WC-2002","T-70","South Africa","Group B",3,1,1,1,5,5,0,4,0,"CAF","Africa",2002,1,23,26.8260869565217,0.130434782608696,0.304347826086957,1.43478260869565,0.260869565217391,1,0.739130434782609,10,0,10,0,0,4,"CAF",2
184,"Slovenia 2002","WC-2002","T-69","Slovenia","Group B",3,0,0,3,2,7,-5,0,0,"UEFA","Europe",2002,0,23,28.695652173913,0.217391304347826,0.347826086956522,1,0,0,1,10,1,11,0,0,0,"UEFA",2
185,"Brazil 2002","WC-2002","T-09","Brazil","Group C",3,3,0,0,11,3,8,9,1,"CONMEBOL","South America",2002,14,23,26.7391304347826,0.173913043478261,0.347826086956522,1.95652173913043,0.347826086956522,2,0.739130434782609,4,0,4,0,0,9,"CONMEBOL",2
186,"Turkey 2002","WC-2002","T-80","Turkey","Group C",3,1,1,1,5,3,2,4,1,"UEFA","Europe, Asia",2002,1,23,28.2608695652174,0.217391304347826,0.260869565217391,1,0,0,1,9,2,9,0,0,4,"UEFA",2
187,"Costa Rica 2002","WC-2002","T-17","Costa Rica","Group C",3,1,1,1,5,6,-1,4,0,"CONCACAF","Central America",2002,1,23,27.695652173913,0.260869565217391,0.391304347826087,1.43478260869565,0.0434782608695652,1,0.956521739130435,6,0,6,0,0,4,"CONCACAF",2
188,"China 2002","WC-2002","T-14","China","Group C",3,0,0,3,0,9,-9,0,0,"AFC","East Asia",2002,0,23,26.6521739130435,0.173913043478261,0.347826086956522,1,0,0,1,5,1,6,0,1,0,"AFC",2
189,"South Korea 2002","WC-2002","T-71","South Korea","Group D",3,2,1,0,4,1,3,7,1,"AFC","East Asia",2002,5,23,27.1304347826087,0.304347826086957,0.304347826086957,2.26086956521739,0.565217391304348,3,0.608695652173913,7,0,7,1,1,7,"AFC",2
190,"United States 2002","WC-2002","T-83","United States","Group D",3,1,1,1,5,6,-1,4,1,"CONCACAF","North America",2002,5,23,28.8260869565217,0.217391304347826,0.347826086956522,2.52173913043478,0.826086956521739,2,0.478260869565217,4,0,4,0,0,4,"CONCACAF",2
191,"Portugal 2002","WC-2002","T-58","Portugal","Group D",3,1,0,2,6,4,2,3,0,"UEFA","Europe",2002,2,23,28.3913043478261,0.130434782608696,0.347826086956522,1.30434782608696,0,0,1,7,2,8,0,0,3,"UEFA",2
192,"Poland 2002","WC-2002","T-57","Poland","Group D",3,1,0,2,3,7,-4,3,0,"UEFA","Europe",2002,4,23,28.7391304347826,0.217391304347826,0.391304347826087,1.17391304347826,0,0,1,9,0,9,0,0,3,"UEFA",2
193,"Germany 2002","WC-2002","T-31","Germany","Group E",3,2,1,0,11,1,10,7,1,"UEFA","Europe",2002,2,23,28.2608695652174,0.217391304347826,0.260869565217391,1.8695652173913,0.304347826086957,2,0.739130434782609,9,1,9,0,0,7,"UEFA",2
194,"Republic of Ireland 2002","WC-2002","T-60","Republic of Ireland","Group E",3,1,2,0,5,2,3,5,1,"UEFA","Europe",2002,2,23,27.5217391304348,0.173913043478261,0.347826086956522,1.30434782608696,0.304347826086957,2,0.739130434782609,4,0,4,0,0,5,"UEFA",2
195,"Cameroon 2002","WC-2002","T-11","Cameroon","Group E",3,1,1,1,2,3,-1,4,0,"CAF","Africa",2002,4,23,25.3913043478261,0.217391304347826,0.304347826086957,1.95652173913043,0.739130434782609,3,0.434782608695652,9,1,9,0,1,4,"CAF",2
196,"Saudi Arabia 2002","WC-2002","T-63","Saudi Arabia","Group E",3,0,0,3,0,12,-12,0,0,"AFC","Middle East",2002,2,23,26.4347826086957,0.173913043478261,0.347826086956522,2,0.521739130434783,2,0.608695652173913,3,0,3,0,0,0,"AFC",2
197,"Sweden 2002","WC-2002","T-74","Sweden","Group F",3,1,2,0,4,3,1,5,1,"UEFA","Europe",2002,7,23,27.304347826087,0.173913043478261,0.347826086956522,1.73913043478261,0.173913043478261,1,0.826086956521739,6,0,6,0,0,5,"UEFA",2
198,"England 2002","WC-2002","T-28","England","Group F",3,1,2,0,2,1,1,5,1,"UEFA","Europe",2002,10,23,27.304347826087,0.217391304347826,0.347826086956522,2.04347826086957,0.478260869565217,2,0.565217391304348,3,0,3,0,1,5,"UEFA",2
199,"Argentina 2002","WC-2002","T-03","Argentina","Group F",3,1,1,1,2,2,0,4,0,"CONMEBOL","South America",2002,11,23,28.7826086956522,0.173913043478261,0.304347826086957,2.08695652173913,0.826086956521739,2,0.391304347826087,6,1,7,0,0,4,"CONMEBOL",2
200,"Nigeria 2002","WC-2002","T-50","Nigeria","Group F",3,0,1,2,1,3,-2,1,0,"CAF","Africa",2002,2,23,24.0434782608696,0.173913043478261,0.347826086956522,1.73913043478261,0.347826086956522,2,0.739130434782609,2,0,2,0,0,1,"CAF",2
201,"Mexico 2002","WC-2002","T-46","Mexico","Group G",3,2,1,0,4,2,2,7,1,"CONCACAF","North America",2002,11,23,29.0434782608696,0.217391304347826,0.260869565217391,2.1304347826087,0.565217391304348,2,0.521739130434783,3,0,3,0,0,7,"CONCACAF",2
202,"Italy 2002","WC-2002","T-41","Italy","Group G",3,1,1,1,4,3,1,4,1,"UEFA","Europe",2002,12,23,28.1739130434783,0.260869565217391,0.347826086956522,2.1304347826087,0.521739130434783,3,0.565217391304348,7,0,7,0,0,4,"UEFA",2
203,"Croatia 2002","WC-2002","T-18","Croatia","Group G",3,1,0,2,2,3,-1,3,0,"UEFA","Europe",2002,1,23,28.1304347826087,0.260869565217391,0.347826086956522,2.1304347826087,0.565217391304348,2,0.565217391304348,3,1,4,0,0,3,"UEFA",2
204,"Ecuador 2002","WC-2002","T-25","Ecuador","Group G",3,1,0,2,2,4,-2,3,0,"CONMEBOL","South America",2002,0,23,27.9565217391304,0.260869565217391,0.304347826086957,1.47826086956522,0,0,1,9,0,9,0,1,3,"CONMEBOL",2
205,"Japan 2002","WC-2002","T-44","Japan","Group H",3,2,1,0,5,2,3,7,1,"AFC","East Asia",2002,1,23,25.8695652173913,0.173913043478261,0.260869565217391,1.95652173913043,0.347826086956522,1,0.652173913043478,5,0,5,1,1,7,"AFC",2
206,"Belgium 2002","WC-2002","T-06","Belgium","Group H",3,1,2,0,6,5,1,5,1,"UEFA","Europe",2002,8,23,29.5217391304348,0.217391304347826,0.304347826086957,1.56521739130435,0.521739130434783,3,0.652173913043478,5,0,5,0,0,5,"UEFA",2
207,"Russia 2002","WC-2002","T-62","Russia","Group H",3,1,0,2,4,4,0,3,0,"UEFA","Europe, Asia",2002,1,23,27.9565217391304,0.173913043478261,0.304347826086957,1.30434782608696,0.260869565217391,1,0.739130434782609,9,0,9,0,0,3,"UEFA",2
208,"Tunisia 2002","WC-2002","T-79","Tunisia","Group H",3,0,1,2,1,5,-4,1,0,"CAF","Africa",2002,2,23,27.4347826086957,0.217391304347826,0.391304347826087,1.73913043478261,0.478260869565217,1,0.521739130434783,8,0,8,0,0,1,"CAF",2
209,"Germany 2006","WC-2006","T-31","Germany","Group A",3,3,0,0,8,2,6,9,1,"UEFA","Europe",2006,3,23,26.9565217391304,0.217391304347826,0.304347826086957,2.08695652173913,0.565217391304348,3,0.565217391304348,4,0,4,1,0,9,"UEFA",3
210,"Ecuador 2006","WC-2006","T-25","Ecuador","Group A",3,2,0,1,5,3,2,6,1,"CONMEBOL","South America",2006,1,23,27,0.217391304347826,0.304347826086957,1.56521739130435,0.391304347826087,1,0.608695652173913,6,0,6,0,1,6,"CONMEBOL",3
211,"Poland 2006","WC-2006","T-57","Poland","Group A",3,1,0,2,2,4,-2,3,0,"UEFA","Europe",2006,5,23,27.1739130434783,0.217391304347826,0.304347826086957,1.21739130434783,0.173913043478261,1,0.826086956521739,9,1,9,0,0,3,"UEFA",3
212,"Costa Rica 2006","WC-2006","T-17","Costa Rica","Group A",3,0,0,3,3,9,-6,0,0,"CONCACAF","Central America",2006,2,23,28.0869565217391,0.217391304347826,0.347826086956522,1.56521739130435,0.391304347826087,1,0.608695652173913,8,0,8,0,0,0,"CONCACAF",3
213,"England 2006","WC-2006","T-28","England","Group B",3,2,1,0,5,2,3,7,1,"UEFA","Europe",2006,11,23,25.8695652173913,0.173913043478261,0.304347826086957,2.21739130434783,0.608695652173913,2,0.565217391304348,4,0,4,0,1,7,"UEFA",3
214,"Sweden 2006","WC-2006","T-74","Sweden","Group B",3,1,2,0,3,2,1,5,1,"UEFA","Europe",2006,8,23,28.1739130434783,0.217391304347826,0.304347826086957,1.65217391304348,0.652173913043478,2,0.434782608695652,6,0,6,0,0,5,"UEFA",3
215,"Paraguay 2006","WC-2006","T-55","Paraguay","Group B",3,1,0,2,2,2,0,3,0,"CONMEBOL","South America",2006,6,23,27.1739130434783,0.217391304347826,0.304347826086957,2,0.608695652173913,2,0.565217391304348,8,0,8,0,1,3,"CONMEBOL",3
216,"Trinidad and Tobago 2006","WC-2006","T-78","Trinidad and Tobago","Group B",3,0,1,2,0,4,-4,1,0,"CONCACAF","Caribbean",2006,0,23,29.695652173913,0.260869565217391,0.304347826086957,1,0,0,1,9,1,9,0,1,1,"CONCACAF",3
217,"Argentina 2006","WC-2006","T-03","Argentina","Group C",3,2,1,0,8,1,7,7,1,"CONMEBOL","South America",2006,12,23,26.5652173913043,0.260869565217391,0.347826086956522,1.82608695652174,0.260869565217391,2,0.826086956521739,6,0,6,0,0,7,"CONMEBOL",3
218,"Netherlands 2006","WC-2006","T-48","Netherlands","Group C",3,2,1,0,3,1,2,7,1,"UEFA","Europe",2006,5,23,27.1304347826087,0.217391304347826,0.347826086956522,1.95652173913043,0.217391304347826,2,0.826086956521739,9,0,9,0,0,7,"UEFA",3
219,"Ivory Coast 2006","WC-2006","T-42","Ivory Coast","Group C",3,1,0,2,5,6,-1,3,0,"CAF","Africa",2006,0,23,25.9565217391304,0.217391304347826,0.347826086956522,1.73913043478261,0,0,1,8,1,8,0,1,3,"CAF",3
220,"Serbia and Montenegro 2006","WC-2006","T-67","Serbia and Montenegro","Group C",3,0,0,3,2,10,-8,0,0,"UEFA","Europe",2006,0,23,28.4782608695652,0.173913043478261,0.347826086956522,1.30434782608696,0.0869565217391304,1,0.91304347826087,11,2,12,0,0,0,"UEFA",3
221,"Portugal 2006","WC-2006","T-58","Portugal","Group D",3,3,0,0,5,1,4,9,1,"UEFA","Europe",2006,3,23,28.4347826086957,0.260869565217391,0.304347826086957,1.8695652173913,0.304347826086957,1,0.695652173913043,9,0,9,0,1,9,"UEFA",3
222,"Mexico 2006","WC-2006","T-46","Mexico","Group D",3,1,1,1,4,3,1,4,1,"CONCACAF","North America",2006,12,23,27.9130434782609,0.173913043478261,0.347826086956522,2.39130434782609,0.521739130434783,2,0.608695652173913,7,1,7,0,1,4,"CONCACAF",3
223,"Angola 2006","WC-2006","T-02","Angola","Group D",3,0,2,1,1,2,-1,2,0,"CAF","Africa",2006,0,23,26.7391304347826,0.260869565217391,0.347826086956522,1,0,0,1,10,1,10,0,0,2,"CAF",3
224,"Iran 2006","WC-2006","T-38","Iran","Group D",3,0,1,2,2,6,-4,1,0,"AFC","Middle East",2006,2,23,27.1739130434783,0.260869565217391,0.260869565217391,1.30434782608696,0.0869565217391304,1,0.91304347826087,8,0,8,0,1,1,"AFC",3
225,"Italy 2006","WC-2006","T-41","Italy","Group E",3,2,1,0,5,1,4,7,1,"UEFA","Europe",2006,13,23,28.7826086956522,0.260869565217391,0.347826086956522,2.17391304347826,0.608695652173913,2,0.608695652173913,6,1,7,0,0,7,"UEFA",3
226,"Ghana 2006","WC-2006","T-32","Ghana","Group E",3,2,0,1,4,3,1,6,1,"CAF","Africa",2006,0,23,25.3478260869565,0.217391304347826,0.347826086956522,1.52173913043478,0,0,1,12,0,12,0,1,6,"CAF",3
227,"Czech Republic 2006","WC-2006","T-20","Czech Republic","Group E",3,1,0,2,3,4,-1,3,0,"UEFA","Europe",2006,0,23,28.8695652173913,0.217391304347826,0.304347826086957,1,0,0,1,6,2,7,0,0,3,"UEFA",3
228,"United States 2006","WC-2006","T-83","United States","Group E",3,0,1,2,2,6,-4,1,0,"CONCACAF","North America",2006,6,23,28.6086956521739,0.217391304347826,0.304347826086957,2.26086956521739,0.782608695652174,3,0.478260869565217,4,2,5,0,0,1,"CONCACAF",3
229,"Brazil 2006","WC-2006","T-09","Brazil","Group F",3,3,0,0,7,1,6,9,1,"CONMEBOL","South America",2006,15,23,28.695652173913,0.173913043478261,0.347826086956522,2.21739130434783,0.782608695652174,3,0.478260869565217,5,0,5,0,0,9,"CONMEBOL",3
230,"Australia 2006","WC-2006","T-04","Australia","Group F",3,1,1,1,5,5,0,4,1,"AFC","Oceania",2006,1,23,28.6521739130435,0.217391304347826,0.347826086956522,1.82608695652174,0,0,1,7,1,7,0,1,4,"AFC",3
231,"Croatia 2006","WC-2006","T-18","Croatia","Group F",3,0,2,1,2,3,-1,2,0,"UEFA","Europe",2006,2,23,27.9130434782609,0.217391304347826,0.217391304347826,1.8695652173913,0.608695652173913,2,0.478260869565217,9,2,9,0,0,2,"UEFA",3
232,"Japan 2006","WC-2006","T-44","Japan","Group F",3,0,1,2,2,7,-5,1,0,"AFC","East Asia",2006,2,23,27.7391304347826,0.217391304347826,0.347826086956522,2.04347826086957,0.652173913043478,2,0.521739130434783,7,0,7,0,1,1,"AFC",3
233,"Switzerland 2006","WC-2006","T-75","Switzerland","Group G",3,2,1,0,4,0,4,7,1,"UEFA","Europe",2006,5,23,25.5217391304348,0.173913043478261,0.347826086956522,1.73913043478261,0,0,1,11,0,11,0,0,7,"UEFA",3
234,"France 2006","WC-2006","T-30","France","Group G",3,1,2,0,3,1,2,5,1,"UEFA","Europe",2006,9,23,29.2173913043478,0.217391304347826,0.347826086956522,2.08695652173913,0.739130434782609,2,0.521739130434783,6,0,6,0,0,5,"UEFA",3
235,"South Korea 2006","WC-2006","T-71","South Korea","Group G",3,1,1,1,3,4,-1,4,0,"AFC","East Asia",2006,6,23,26.4347826086957,0.260869565217391,0.347826086956522,1.8695652173913,0.478260869565217,2,0.565217391304348,9,0,9,0,1,4,"AFC",3
236,"Togo 2006","WC-2006","T-77","Togo","Group G",3,0,0,3,1,6,-5,0,0,"CAF","Africa",2006,0,23,25.9565217391304,0.217391304347826,0.304347826086957,1,0,0,1,9,1,9,0,1,0,"CAF",3
237,"Spain 2006","WC-2006","T-73","Spain","Group H",3,3,0,0,8,1,7,9,1,"UEFA","Europe",2006,10,23,26.2608695652174,0.130434782608696,0.347826086956522,2.39130434782609,0.391304347826087,2,0.695652173913043,5,0,5,0,0,9,"UEFA",3
238,"Ukraine 2006","WC-2006","T-81","Ukraine","Group H",3,2,0,1,5,4,1,6,1,"UEFA","Europe",2006,0,23,26.3913043478261,0.260869565217391,0.304347826086957,1,0,0,1,9,1,10,0,0,6,"UEFA",3
239,"Tunisia 2006","WC-2006","T-79","Tunisia","Group H",3,0,1,2,3,6,-3,1,0,"CAF","Africa",2006,3,23,27.4347826086957,0.217391304347826,0.347826086956522,1.43478260869565,0.434782608695652,2,0.739130434782609,13,1,13,0,1,1,"CAF",3
240,"Saudi Arabia 2006","WC-2006","T-63","Saudi Arabia","Group H",3,0,1,2,2,7,-5,1,0,"AFC","Middle East",2006,3,23,26.9565217391304,0.173913043478261,0.391304347826087,1.73913043478261,0.739130434782609,3,0.521739130434783,5,0,5,0,1,1,"AFC",3
241,"Uruguay 2010","WC-2010","T-84","Uruguay","Group A",3,2,1,0,4,0,4,7,1,"CONMEBOL","South America",2010,10,23,27.0869565217391,0.217391304347826,0.304347826086957,2.26086956521739,0.0869565217391304,1,0.91304347826087,4,1,4,0,0,7,"CONMEBOL",4
242,"Mexico 2010","WC-2010","T-46","Mexico","Group A",3,1,1,1,3,2,1,4,1,"CONCACAF","North America",2010,13,23,27.5217391304348,0.260869565217391,0.391304347826087,2.43478260869565,0.608695652173913,2,0.565217391304348,8,0,8,0,0,4,"CONCACAF",4
243,"South Africa 2010","WC-2010","T-70","South Africa","Group A",3,1,1,1,3,5,-2,4,0,"CAF","Africa",2010,2,23,27.4347826086957,0.130434782608696,0.347826086956522,1.17391304347826,0.173913043478261,1,0.826086956521739,4,1,5,1,1,4,"CAF",4
244,"France 2010","WC-2010","T-30","France","Group A",3,0,1,2,1,4,-3,1,0,"UEFA","Europe",2010,10,23,28.1739130434783,0.217391304347826,0.347826086956522,1.78260869565217,0.434782608695652,3,0.652173913043478,6,1,7,0,0,1,"UEFA",4
245,"Argentina 2010","WC-2010","T-03","Argentina","Group B",3,3,0,0,7,1,6,9,1,"CONMEBOL","South America",2010,13,23,27.5652173913043,0.260869565217391,0.304347826086957,2.17391304347826,0.391304347826087,2,0.652173913043478,5,0,5,0,0,9,"CONMEBOL",4
246,"South Korea 2010","WC-2010","T-71","South Korea","Group B",3,1,1,1,5,6,-1,4,1,"AFC","East Asia",2010,7,23,27.4782608695652,0.217391304347826,0.304347826086957,1.95652173913043,0.695652173913043,3,0.565217391304348,3,0,3,0,0,4,"AFC",4
247,"Greece 2010","WC-2010","T-33","Greece","Group B",3,1,0,2,2,5,-3,3,0,"UEFA","Europe",2010,1,23,28.0434782608696,0.217391304347826,0.434782608695652,1.43478260869565,0,0,1,5,0,5,0,1,3,"UEFA",4
248,"Nigeria 2010","WC-2010","T-50","Nigeria","Group B",3,0,1,2,3,5,-2,1,0,"CAF","Africa",2010,3,23,26.3913043478261,0.391304347826087,0.304347826086957,1.52173913043478,0.304347826086957,2,0.739130434782609,5,1,6,0,1,1,"CAF",4
249,"United States 2010","WC-2010","T-83","United States","Group C",3,1,2,0,4,3,1,5,1,"CONCACAF","North America",2010,7,23,27.2608695652174,0.173913043478261,0.304347826086957,1.73913043478261,0.478260869565217,2,0.652173913043478,6,0,6,0,0,5,"CONCACAF",4
250,"England 2010","WC-2010","T-28","England","Group C",3,1,2,0,2,1,1,5,1,"UEFA","Europe",2010,12,23,29,0.173913043478261,0.347826086956522,1.91304347826087,0.652173913043478,2,0.478260869565217,5,0,5,0,1,5,"UEFA",4
251,"Slovenia 2010","WC-2010","T-69","Slovenia","Group C",3,1,1,1,3,3,0,4,0,"UEFA","Europe",2010,1,23,27.1739130434783,0.260869565217391,0.347826086956522,1,0,0,1,9,0,9,0,0,4,"UEFA",4
252,"Algeria 2010","WC-2010","T-01","Algeria","Group C",3,0,1,2,0,2,-2,1,0,"CAF","Africa",2010,2,23,26.7391304347826,0.173913043478261,0.347826086956522,1.30434782608696,0,0,1,6,2,6,0,0,1,"CAF",4
253,"Germany 2010","WC-2010","T-31","Germany","Group D",3,2,0,1,5,1,4,6,1,"UEFA","Europe",2010,4,23,25.3478260869565,0.173913043478261,0.347826086956522,2.26086956521739,0.391304347826087,2,0.652173913043478,7,1,7,0,0,6,"UEFA",4
254,"Ghana 2010","WC-2010","T-32","Ghana","Group D",3,1,1,1,2,2,0,4,1,"CAF","Africa",2010,1,23,24.9130434782609,0.173913043478261,0.347826086956522,1.73913043478261,0.391304347826087,1,0.608695652173913,6,0,6,0,1,4,"CAF",4
255,"Australia 2010","WC-2010","T-04","Australia","Group D",3,1,1,1,3,6,-3,4,0,"AFC","Oceania",2010,2,23,29.1304347826087,0.173913043478261,0.304347826086957,2,0.608695652173913,1,0.391304347826087,7,2,9,0,1,4,"AFC",4
256,"Serbia 2010","WC-2010","T-66","Serbia","Group D",3,1,0,2,2,3,-1,3,0,"UEFA","Europe",2010,0,23,26.5217391304348,0.173913043478261,0.304347826086957,1.39130434782609,0.217391304347826,2,0.826086956521739,9,1,9,0,0,3,"UEFA",4
257,"Netherlands 2010","WC-2010","T-48","Netherlands","Group E",3,3,0,0,5,1,4,9,1,"UEFA","Europe",2010,6,23,28.1304347826087,0.260869565217391,0.304347826086957,1.95652173913043,0.652173913043478,2,0.434782608695652,6,0,6,0,0,9,"UEFA",4
258,"Japan 2010","WC-2010","T-44","Japan","Group E",3,2,0,1,4,2,2,6,1,"AFC","East Asia",2010,3,23,28.1739130434783,0.260869565217391,0.304347826086957,2.26086956521739,0.565217391304348,3,0.652173913043478,3,0,3,0,0,6,"AFC",4
259,"Denmark 2010","WC-2010","T-22","Denmark","Group E",3,1,0,2,3,6,-3,3,0,"UEFA","Europe",2010,3,23,28.3478260869565,0.130434782608696,0.304347826086957,1.56521739130435,0.347826086956522,2,0.695652173913043,6,0,6,0,0,3,"UEFA",4
260,"Cameroon 2010","WC-2010","T-11","Cameroon","Group E",3,0,0,3,2,5,-3,0,0,"CAF","Africa",2010,5,23,25.5652173913043,0.217391304347826,0.347826086956522,2,0.304347826086957,3,0.826086956521739,5,0,5,0,1,0,"CAF",4
261,"Paraguay 2010","WC-2010","T-55","Paraguay","Group F",3,1,2,0,3,1,2,5,1,"CONMEBOL","South America",2010,7,23,28.8695652173913,0.260869565217391,0.347826086956522,1.65217391304348,0.652173913043478,3,0.608695652173913,4,0,4,0,1,5,"CONMEBOL",4
262,"Slovakia 2010","WC-2010","T-68","Slovakia","Group F",3,1,1,1,4,5,-1,4,1,"UEFA","Europe",2010,0,23,26.6521739130435,0.173913043478261,0.304347826086957,1,0,0,1,9,0,9,0,0,4,"UEFA",4
263,"New Zealand 2010","WC-2010","T-49","New Zealand","Group F",3,0,3,0,2,2,0,3,0,"OFC","Oceania",2010,1,23,27.9130434782609,0.173913043478261,0.304347826086957,1,0,0,1,6,0,6,0,0,3,"OTHER",4
264,"Italy 2010","WC-2010","T-41","Italy","Group F",3,0,2,1,4,5,-1,2,0,"UEFA","Europe",2010,14,23,28.7391304347826,0.217391304347826,0.304347826086957,1.91304347826087,0.652173913043478,3,0.608695652173913,5,0,5,0,0,2,"UEFA",4
265,"Brazil 2010","WC-2010","T-09","Brazil","Group G",3,2,1,0,5,2,3,7,1,"CONMEBOL","South America",2010,16,23,29.1739130434783,0.173913043478261,0.347826086956522,1.8695652173913,0.521739130434783,2,0.608695652173913,5,1,5,0,0,7,"CONMEBOL",4
266,"Portugal 2010","WC-2010","T-58","Portugal","Group G",3,1,2,0,7,0,7,5,1,"UEFA","Europe",2010,4,23,28.2173913043478,0.130434782608696,0.347826086956522,2.08695652173913,0.347826086956522,1,0.652173913043478,7,0,7,0,0,5,"UEFA",4
267,"Ivory Coast 2010","WC-2010","T-42","Ivory Coast","Group G",3,1,1,1,4,3,1,4,0,"CAF","Africa",2010,1,23,27.1739130434783,0.217391304347826,0.347826086956522,1.91304347826087,0.478260869565217,1,0.521739130434783,5,0,5,0,1,4,"CAF",4
268,"North Korea 2010","WC-2010","T-51","North Korea","Group G",3,0,0,3,1,12,-11,0,0,"AFC","East Asia",2010,1,23,25.3478260869565,0.173913043478261,0.347826086956522,1,0,0,1,2,0,2,0,0,0,"AFC",4
269,"Spain 2010","WC-2010","T-73","Spain","Group H",3,2,0,1,4,2,2,6,1,"UEFA","Europe",2010,11,23,26.304347826087,0.173913043478261,0.304347826086957,2.60869565217391,0.608695652173913,2,0.521739130434783,0,0,0,0,0,6,"UEFA",4
270,"Chile 2010","WC-2010","T-13","Chile","Group H",3,2,0,1,3,2,1,6,1,"CONMEBOL","South America",2010,7,23,26.4347826086957,0.260869565217391,0.217391304347826,1.47826086956522,0,0,1,11,1,11,0,1,6,"CONMEBOL",4
271,"Switzerland 2010","WC-2010","T-75","Switzerland","Group H",3,1,1,1,1,1,0,4,0,"UEFA","Europe",2010,6,23,27.1304347826087,0.173913043478261,0.304347826086957,2,0.347826086956522,1,0.652173913043478,8,1,9,0,1,4,"UEFA",4
272,"Honduras 2010","WC-2010","T-35","Honduras","Group H",3,0,1,2,0,3,-3,1,0,"CONCACAF","Central America",2010,1,23,28.3913043478261,0.260869565217391,0.347826086956522,1.43478260869565,0,0,1,7,0,7,0,1,1,"CONCACAF",4
273,"Brazil 2014","WC-2014","T-09","Brazil","Group A",3,2,1,0,7,2,5,7,1,"CONMEBOL","South America",2014,17,23,28.3913043478261,0.217391304347826,0.347826086956522,1.69565217391304,0.304347826086957,2,0.739130434782609,4,0,4,1,0,7,"CONMEBOL",5
274,"Mexico 2014","WC-2014","T-46","Mexico","Group A",3,2,1,0,4,1,3,7,1,"CONCACAF","North America",2014,14,23,27.1739130434783,0.173913043478261,0.347826086956522,2.56521739130435,0.695652173913043,3,0.565217391304348,5,0,5,0,0,7,"CONCACAF",5
275,"Croatia 2014","WC-2014","T-18","Croatia","Group A",3,1,0,2,6,6,0,3,0,"UEFA","Europe",2014,3,23,27.3478260869565,0.217391304347826,0.304347826086957,2.08695652173913,0.260869565217391,2,0.826086956521739,4,1,5,0,0,3,"UEFA",5
276,"Cameroon 2014","WC-2014","T-11","Cameroon","Group A",3,0,0,3,1,9,-8,0,0,"CAF","Africa",2014,6,23,26.5652173913043,0.260869565217391,0.304347826086957,1.78260869565217,0.652173913043478,3,0.434782608695652,4,1,5,0,1,0,"CAF",5
277,"Netherlands 2014","WC-2014","T-48","Netherlands","Group B",3,3,0,0,10,3,7,9,1,"UEFA","Europe",2014,7,23,26.4347826086957,0.260869565217391,0.347826086956522,1.60869565217391,0.478260869565217,2,0.695652173913043,5,0,5,0,0,9,"UEFA",5
278,"Chile 2014","WC-2014","T-13","Chile","Group B",3,2,0,1,5,3,2,6,1,"CONMEBOL","South America",2014,8,23,28.0434782608696,0.173913043478261,0.217391304347826,1.47826086956522,0.478260869565217,1,0.521739130434783,4,0,4,0,1,6,"CONMEBOL",5
279,"Spain 2014","WC-2014","T-73","Spain","Group B",3,1,0,2,4,7,-3,3,0,"UEFA","Europe",2014,12,23,28.2608695652174,0.173913043478261,0.260869565217391,2.82608695652174,1.17391304347826,3,0.304347826086957,3,0,3,0,0,3,"UEFA",5
280,"Australia 2014","WC-2014","T-04","Australia","Group B",3,0,0,3,3,9,-6,0,0,"AFC","Oceania",2014,3,23,26.3913043478261,0.130434782608696,0.260869565217391,1.78260869565217,0.391304347826087,2,0.739130434782609,6,0,6,0,0,0,"AFC",5
281,"Colombia 2014","WC-2014","T-16","Colombia","Group C",3,3,0,0,9,2,7,9,1,"CONMEBOL","South America",2014,4,23,27.4347826086957,0.217391304347826,0.304347826086957,1.52173913043478,0.0869565217391304,2,0.956521739130435,2,0,2,0,1,9,"CONMEBOL",5
282,"Greece 2014","WC-2014","T-33","Greece","Group C",3,1,1,1,2,4,-2,4,1,"UEFA","Europe",2014,2,23,28.5217391304348,0.173913043478261,0.304347826086957,1.43478260869565,0.434782608695652,1,0.565217391304348,5,1,5,0,1,4,"UEFA",5
283,"Ivory Coast 2014","WC-2014","T-42","Ivory Coast","Group C",3,1,0,2,4,5,-1,3,0,"CAF","Africa",2014,2,23,28,0.347826086956522,0.347826086956522,1.69565217391304,0.695652173913043,2,0.565217391304348,7,0,7,0,1,3,"CAF",5
284,"Japan 2014","WC-2014","T-44","Japan","Group C",3,0,1,2,2,6,-4,1,0,"AFC","East Asia",2014,4,23,27.2173913043478,0.217391304347826,0.347826086956522,2.1304347826087,0.434782608695652,2,0.608695652173913,4,0,4,0,1,1,"AFC",5
285,"Costa Rica 2014","WC-2014","T-17","Costa Rica","Group D",3,2,1,0,4,1,3,7,1,"CONCACAF","Central America",2014,3,23,27.4782608695652,0.173913043478261,0.391304347826087,1.8695652173913,0.0869565217391304,1,0.91304347826087,2,0,2,0,1,7,"CONCACAF",5
286,"Uruguay 2014","WC-2014","T-84","Uruguay","Group D",3,2,0,1,4,4,0,6,1,"CONMEBOL","South America",2014,11,23,28.5652173913043,0.217391304347826,0.304347826086957,2.47826086956522,0.695652173913043,2,0.347826086956522,6,1,7,0,0,6,"CONMEBOL",5
287,"Italy 2014","WC-2014","T-41","Italy","Group D",3,1,0,2,2,3,-1,3,0,"UEFA","Europe",2014,15,23,27.9130434782609,0.217391304347826,0.304347826086957,1.52173913043478,0.521739130434783,4,0.695652173913043,3,1,4,0,0,3,"UEFA",5
288,"England 2014","WC-2014","T-28","England","Group D",3,0,1,2,2,4,-2,1,0,"UEFA","Europe",2014,13,23,26.6521739130435,0.173913043478261,0.304347826086957,1.73913043478261,0.391304347826087,2,0.739130434782609,4,0,4,0,0,1,"UEFA",5
289,"France 2014","WC-2014","T-30","France","Group E",3,2,1,0,8,2,6,7,1,"UEFA","Europe",2014,11,23,26.8260869565217,0.173913043478261,0.347826086956522,1.69565217391304,0.217391304347826,1,0.782608695652174,4,0,4,0,0,7,"UEFA",5
290,"Switzerland 2014","WC-2014","T-75","Switzerland","Group E",3,2,0,1,7,6,1,6,1,"UEFA","Europe",2014,7,23,26.0869565217391,0.173913043478261,0.347826086956522,2.60869565217391,0.695652173913043,2,0.478260869565217,1,0,1,0,1,6,"UEFA",5
291,"Ecuador 2014","WC-2014","T-25","Ecuador","Group E",3,1,1,1,3,3,0,4,0,"CONMEBOL","South America",2014,2,23,27.7826086956522,0.130434782608696,0.260869565217391,1.39130434782609,0.260869565217391,2,0.782608695652174,5,1,6,0,1,4,"CONMEBOL",5
292,"Honduras 2014","WC-2014","T-35","Honduras","Group E",3,0,0,3,1,8,-7,0,0,"CONCACAF","Central America",2014,2,23,28.695652173913,0.173913043478261,0.304347826086957,1.43478260869565,0.434782608695652,1,0.565217391304348,6,1,6,0,1,0,"CONCACAF",5
293,"Argentina 2014","WC-2014","T-03","Argentina","Group F",3,3,0,0,6,3,3,9,1,"CONMEBOL","South America",2014,14,23,28.8260869565217,0.217391304347826,0.304347826086957,2,0.565217391304348,2,0.565217391304348,1,0,1,0,0,9,"CONMEBOL",5
294,"Nigeria 2014","WC-2014","T-50","Nigeria","Group F",3,1,1,1,3,3,0,4,1,"CAF","Africa",2014,4,23,26,0.260869565217391,0.304347826086957,1.52173913043478,0.304347826086957,2,0.826086956521739,3,0,3,0,0,4,"CAF",5
295,"Bosnia and Herzegovina 2014","WC-2014","T-08","Bosnia and Herzegovina","Group F",3,1,0,2,4,4,0,3,0,"UEFA","Europe",2014,0,23,27.0434782608696,0.130434782608696,0.347826086956522,1,0,0,1,3,0,3,0,0,3,"UEFA",5
296,"Iran 2014","WC-2014","T-38","Iran","Group F",3,0,1,2,1,4,-3,1,0,"AFC","Middle East",2014,3,23,28.4782608695652,0.130434782608696,0.391304347826087,1.60869565217391,0.173913043478261,1,0.826086956521739,4,0,4,0,1,1,"AFC",5
297,"Germany 2014","WC-2014","T-31","Germany","Group G",3,2,1,0,7,2,5,7,1,"UEFA","Europe",2014,5,23,26.2173913043478,0.173913043478261,0.391304347826087,2.30434782608696,0.739130434782609,3,0.521739130434783,1,0,1,0,0,7,"UEFA",5
298,"United States 2014","WC-2014","T-83","United States","Group G",3,1,1,1,4,4,0,4,1,"CONCACAF","North America",2014,8,23,27.8695652173913,0.173913043478261,0.347826086956522,1.47826086956522,0.434782608695652,3,0.739130434782609,3,0,3,0,1,4,"CONCACAF",5
299,"Portugal 2014","WC-2014","T-58","Portugal","Group G",3,1,1,1,4,7,-3,4,0,"UEFA","Europe",2014,5,23,28.4782608695652,0.173913043478261,0.304347826086957,2.08695652173913,0.608695652173913,2,0.478260869565217,2,1,3,0,0,4,"UEFA",5
300,"Ghana 2014","WC-2014","T-32","Ghana","Group G",3,0,1,2,4,6,-2,1,0,"CAF","Africa",2014,2,23,25.6521739130435,0.173913043478261,0.260869565217391,1.52173913043478,0.434782608695652,2,0.652173913043478,6,0,6,0,0,1,"CAF",5
301,"Belgium 2014","WC-2014","T-06","Belgium","Group H",3,3,0,0,4,1,3,9,1,"UEFA","Europe",2014,9,23,25.9130434782609,0.130434782608696,0.347826086956522,2.08695652173913,0.0434782608695652,1,0.956521739130435,4,1,5,0,0,9,"UEFA",5
302,"Algeria 2014","WC-2014","T-01","Algeria","Group H",3,1,1,1,6,5,1,4,1,"CAF","Africa",2014,3,23,26.5652173913043,0.130434782608696,0.347826086956522,1.30434782608696,0.304347826086957,1,0.695652173913043,5,0,5,0,1,4,"CAF",5
303,"Russia 2014","WC-2014","T-62","Russia","Group H",3,0,2,1,2,3,-1,2,0,"UEFA","Europe, Asia",2014,2,23,27.4347826086957,0.217391304347826,0.391304347826087,1.34782608695652,0.0434782608695652,1,0.956521739130435,4,0,4,0,1,2,"UEFA",5
304,"South Korea 2014","WC-2014","T-71","South Korea","Group H",3,0,1,2,3,6,-3,1,0,"AFC","East Asia",2014,8,23,26.1304347826087,0.217391304347826,0.347826086956522,1.73913043478261,0.260869565217391,2,0.782608695652174,6,0,6,0,0,1,"AFC",5
305,"Uruguay 2018","WC-2018","T-84","Uruguay","Group A",3,3,0,0,5,0,5,9,1,"CONMEBOL","South America",2018,12,23,28.0869565217391,0.260869565217391,0.304347826086957,2.34782608695652,0.782608695652174,2,0.521739130434783,1,0,1,0,0,9,"CONMEBOL",6
306,"Russia 2018","WC-2018","T-62","Russia","Group A",3,2,0,1,8,4,4,6,1,"UEFA","Europe, Asia",2018,3,23,28.9130434782609,0.0869565217391304,0.304347826086957,1.30434782608696,0.304347826086957,1,0.695652173913043,4,1,4,1,0,6,"UEFA",6
307,"Saudi Arabia 2018","WC-2018","T-63","Saudi Arabia","Group A",3,1,0,2,2,7,-5,3,0,"AFC","Middle East",2018,4,23,28.7826086956522,0.130434782608696,0.304347826086957,1.39130434782609,0,0,1,1,0,1,0,1,3,"AFC",6
308,"Egypt 2018","WC-2018","T-26","Egypt","Group A",3,0,0,3,2,6,-4,0,0,"CAF","Africa",2018,1,23,28.9565217391304,0.260869565217391,0.347826086956522,1,0,0,1,5,0,5,0,1,0,"CAF",6
309,"Spain 2018","WC-2018","T-73","Spain","Group B",3,1,2,0,6,5,1,5,1,"UEFA","Europe",2018,13,23,28.4347826086957,0.217391304347826,0.347826086956522,2.1304347826087,0.869565217391304,3,0.521739130434783,1,0,1,0,0,5,"UEFA",6
310,"Portugal 2018","WC-2018","T-58","Portugal","Group B",3,1,2,0,5,4,1,5,1,"UEFA","Europe",2018,6,23,28.4347826086957,0.217391304347826,0.347826086956522,1.95652173913043,0.521739130434783,3,0.695652173913043,6,0,6,0,0,5,"UEFA",6
311,"Iran 2018","WC-2018","T-38","Iran","Group B",3,1,1,1,2,2,0,4,0,"AFC","Middle East",2018,4,23,27.2608695652174,0.260869565217391,0.347826086956522,2.04347826086957,0.347826086956522,2,0.695652173913043,7,0,7,0,1,4,"AFC",6
312,"Morocco 2018","WC-2018","T-47","Morocco","Group B",3,0,1,2,2,4,-2,1,0,"CAF","Africa",2018,4,23,27.1739130434783,0.173913043478261,0.260869565217391,1.34782608695652,0,0,1,8,0,8,0,1,1,"CAF",6
313,"France 2018","WC-2018","T-30","France","Group C",3,2,1,0,3,1,2,7,1,"UEFA","Europe",2018,12,23,26.0869565217391,0.304347826086957,0.347826086956522,1.78260869565217,0.347826086956522,2,0.695652173913043,3,0,3,0,0,7,"UEFA",6
314,"Denmark 2018","WC-2018","T-22","Denmark","Group C",3,1,2,0,2,1,1,5,1,"UEFA","Europe",2018,4,23,27.0869565217391,0.304347826086957,0.304347826086957,1.60869565217391,0.130434782608696,1,0.869565217391304,5,0,5,0,1,5,"UEFA",6
315,"Peru 2018","WC-2018","T-56","Peru","Group C",3,1,0,2,2,2,0,3,0,"CONMEBOL","South America",2018,4,23,27.4782608695652,0.217391304347826,0.347826086956522,1,0,0,1,5,0,5,0,1,3,"CONMEBOL",6
316,"Australia 2018","WC-2018","T-04","Australia","Group C",3,0,1,2,2,5,-3,1,0,"AFC","Oceania",2018,4,23,28.2173913043478,0.347826086956522,0.304347826086957,1.82608695652174,0.478260869565217,3,0.739130434782609,7,0,7,0,1,1,"AFC",6
317,"Croatia 2018","WC-2018","T-18","Croatia","Group D",3,3,0,0,7,1,6,9,1,"UEFA","Europe",2018,4,23,27.8260869565217,0.260869565217391,0.347826086956522,1.95652173913043,0.608695652173913,2,0.434782608695652,8,0,8,0,0,9,"UEFA",6
318,"Argentina 2018","WC-2018","T-03","Argentina","Group D",3,1,1,1,3,5,-2,4,1,"CONMEBOL","South America",2018,15,23,29.5217391304348,0.173913043478261,0.391304347826087,2,0.695652173913043,3,0.608695652173913,6,0,6,0,0,4,"CONMEBOL",6
319,"Nigeria 2018","WC-2018","T-50","Nigeria","Group D",3,1,0,2,3,4,-1,3,0,"CAF","Africa",2018,5,23,26.0434782608696,0.260869565217391,0.347826086956522,1.26086956521739,0.260869565217391,1,0.739130434782609,4,0,4,0,1,3,"CAF",6
320,"Iceland 2018","WC-2018","T-37","Iceland","Group D",3,0,1,2,2,5,-3,1,0,"UEFA","Europe",2018,0,23,28.5217391304348,0.130434782608696,0.304347826086957,1,0,0,1,3,0,3,0,0,1,"UEFA",6
321,"Brazil 2018","WC-2018","T-09","Brazil","Group E",3,2,1,0,5,1,4,7,1,"CONMEBOL","South America",2018,18,23,28.6086956521739,0.217391304347826,0.347826086956522,1.69565217391304,0.304347826086957,2,0.739130434782609,3,0,3,0,0,7,"CONMEBOL",6
322,"Switzerland 2018","WC-2018","T-75","Switzerland","Group E",3,1,2,0,5,4,1,5,1,"UEFA","Europe",2018,8,23,27.2608695652174,0.173913043478261,0.347826086956522,2.43478260869565,0.956521739130435,3,0.347826086956522,7,0,7,0,0,5,"UEFA",6
323,"Serbia 2018","WC-2018","T-66","Serbia","Group E",3,1,0,2,2,4,-2,3,0,"UEFA","Europe",2018,1,23,26.7826086956522,0.173913043478261,0.347826086956522,1.73913043478261,0.217391304347826,2,0.826086956521739,9,0,9,0,0,3,"UEFA",6
324,"Costa Rica 2018","WC-2018","T-17","Costa Rica","Group E",3,0,1,2,2,5,-3,1,0,"CONCACAF","Central America",2018,4,23,29.7391304347826,0.130434782608696,0.391304347826087,2.04347826086957,0.608695652173913,2,0.434782608695652,6,0,6,0,0,1,"CONCACAF",6
325,"Sweden 2018","WC-2018","T-74","Sweden","Group F",3,2,0,1,5,2,3,6,1,"UEFA","Europe",2018,9,23,28.1739130434783,0.173913043478261,0.347826086956522,1,0,0,1,5,0,5,0,0,6,"UEFA",6
326,"Mexico 2018","WC-2018","T-46","Mexico","Group F",3,2,0,1,3,4,-1,6,1,"CONCACAF","North America",2018,15,23,29.1739130434783,0.260869565217391,0.260869565217391,2.56521739130435,1.1304347826087,4,0.347826086956522,5,0,5,0,1,6,"CONCACAF",6
327,"South Korea 2018","WC-2018","T-71","South Korea","Group F",3,1,0,2,3,3,0,3,0,"AFC","East Asia",2018,9,23,27.7826086956522,0.130434782608696,0.434782608695652,1.73913043478261,0.391304347826087,2,0.652173913043478,10,0,10,0,0,3,"AFC",6
328,"Germany 2018","WC-2018","T-31","Germany","Group F",3,1,0,2,2,4,-2,3,0,"UEFA","Europe",2018,6,23,27.0869565217391,0.130434782608696,0.347826086956522,2.17391304347826,0.695652173913043,2,0.565217391304348,3,1,3,0,0,3,"UEFA",6
329,"Belgium 2018","WC-2018","T-06","Belgium","Group G",3,3,0,0,9,2,7,9,1,"UEFA","Europe",2018,10,23,27.5652173913043,0.217391304347826,0.304347826086957,2.34782608695652,0.652173913043478,1,0.347826086956522,5,0,5,0,1,9,"UEFA",6
330,"England 2018","WC-2018","T-28","England","Group G",3,2,0,1,8,3,5,6,1,"UEFA","Europe",2018,14,23,26.0869565217391,0.217391304347826,0.434782608695652,1.73913043478261,0.217391304347826,1,0.782608695652174,2,0,2,0,0,6,"UEFA",6
331,"Tunisia 2018","WC-2018","T-79","Tunisia","Group G",3,1,0,2,5,8,-3,3,0,"CAF","Africa",2018,4,23,26.4782608695652,0.347826086956522,0.347826086956522,1.43478260869565,0,0,1,4,0,4,0,0,3,"CAF",6
332,"Panama 2018","WC-2018","T-54","Panama","Group G",3,0,0,3,2,11,-9,0,0,"CONCACAF","Central America",2018,0,23,28.8260869565217,0.217391304347826,0.347826086956522,1,0,0,1,11,0,11,0,1,0,"CONCACAF",6
333,"Colombia 2018","WC-2018","T-16","Colombia","Group H",3,2,0,1,5,2,3,6,1,"CONMEBOL","South America",2018,5,23,28.3478260869565,0.217391304347826,0.304347826086957,1.43478260869565,0.434782608695652,1,0.565217391304348,3,1,4,0,1,6,"CONMEBOL",6
334,"Japan 2018","WC-2018","T-44","Japan","Group H",3,1,1,1,4,4,0,4,1,"AFC","East Asia",2018,5,23,28.5217391304348,0.130434782608696,0.347826086956522,1.95652173913043,0.695652173913043,2,0.521739130434783,4,0,4,0,0,4,"AFC",6
335,"Senegal 2018","WC-2018","T-65","Senegal","Group H",3,1,1,1,4,4,0,4,0,"CAF","Africa",2018,1,23,27.0869565217391,0.347826086956522,0.260869565217391,1.26086956521739,0,0,1,6,0,6,0,0,4,"CAF",6
336,"Poland 2018","WC-2018","T-57","Poland","Group H",3,1,0,2,2,5,-3,3,0,"UEFA","Europe",2018,6,23,28.2608695652174,0.173913043478261,0.304347826086957,1.47826086956522,0.0434782608695652,1,0.956521739130435,3,0,3,0,0,3,"UEFA",6
337,"Netherlands 2022","WC-2022","T-48","Netherlands","Group A",3,2,1,0,5,1,4,7,1,"UEFA","Europe",2022,8,26,26.6923076923077,0.269230769230769,0.346153846153846,1.11538461538462,0.115384615384615,1,0.884615384615385,2,0,2,0,0,7,"UEFA",7
338,"Senegal 2022","WC-2022","T-65","Senegal","Group A",3,2,0,1,5,4,1,6,1,"CAF","Africa",2022,2,26,26.0384615384615,0.230769230769231,0.384615384615385,1.23076923076923,0.230769230769231,1,0.769230769230769,6,0,6,0,0,6,"CAF",7
339,"Ecuador 2022","WC-2022","T-25","Ecuador","Group A",3,1,1,1,4,3,1,4,0,"CONMEBOL","South America",2022,3,26,25.6153846153846,0.153846153846154,0.346153846153846,1.11538461538462,0.115384615384615,1,0.884615384615385,3,0,3,0,1,4,"CONMEBOL",7
340,"Qatar 2022","WC-2022","T-59","Qatar","Group A",3,0,0,3,1,7,-6,0,0,"AFC","Middle East",2022,0,26,27.1153846153846,0.192307692307692,0.307692307692308,1,0,0,1,7,0,7,1,1,0,"AFC",7
341,"England 2022","WC-2022","T-28","England","Group B",3,2,1,0,9,2,7,7,1,"UEFA","Europe",2022,15,26,26.5384615384615,0.230769230769231,0.346153846153846,1.57692307692308,0.576923076923077,2,0.5,0,0,0,0,0,7,"UEFA",7
342,"United States 2022","WC-2022","T-83","United States","Group B",3,1,2,0,2,1,1,5,1,"CONCACAF","North America",2022,9,26,25.3076923076923,0.307692307692308,0.346153846153846,1.03846153846154,0.0384615384615385,1,0.961538461538462,5,0,5,0,0,5,"CONCACAF",7
343,"Iran 2022","WC-2022","T-38","Iran","Group B",3,1,0,2,4,7,-3,3,0,"AFC","Middle East",2022,5,25,28.92,0.12,0.4,1.76,0.76,2,0.36,7,0,7,0,1,3,"AFC",7
344,"Wales 2022","WC-2022","T-85","Wales","Group B",3,0,1,2,1,6,-5,1,0,"UEFA","Europe",2022,1,26,26.5384615384615,0.192307692307692,0.346153846153846,1,0,0,1,5,1,6,0,0,1,"UEFA",7
345,"Argentina 2022","WC-2022","T-03","Argentina","Group C",3,2,0,1,5,2,3,6,1,"CONMEBOL","South America",2022,16,26,27.8076923076923,0.230769230769231,0.307692307692308,1.5,0.5,4,0.730769230769231,2,0,2,0,0,6,"CONMEBOL",7
346,"Poland 2022","WC-2022","T-57","Poland","Group C",3,1,1,1,2,2,0,4,1,"UEFA","Europe",2022,7,26,27.0384615384615,0.153846153846154,0.307692307692308,1.38461538461538,0.384615384615385,1,0.615384615384615,5,0,5,0,0,4,"UEFA",7
347,"Mexico 2022","WC-2022","T-46","Mexico","Group C",3,1,1,1,2,3,-1,4,0,"CONCACAF","North America",2022,16,26,28.5769230769231,0.307692307692308,0.346153846153846,1.80769230769231,0.807692307692308,4,0.615384615384615,7,0,7,0,1,4,"CONCACAF",7
348,"Saudi Arabia 2022","WC-2022","T-63","Saudi Arabia","Group C",3,1,0,2,3,5,-2,3,0,"AFC","Middle East",2022,5,26,27.4230769230769,0.230769230769231,0.307692307692308,1.34615384615385,0.346153846153846,1,0.653846153846154,14,0,14,0,1,3,"AFC",7
349,"France 2022","WC-2022","T-30","France","Group D",3,2,0,1,6,3,3,6,1,"UEFA","Europe",2022,13,26,26.6923076923077,0.307692307692308,0.346153846153846,1.65384615384615,0.653846153846154,3,0.576923076923077,1,0,1,0,0,6,"UEFA",7
350,"Australia 2022","WC-2022","T-04","Australia","Group D",3,2,0,1,3,4,-1,6,1,"AFC","Oceania",2022,5,26,27.2307692307692,0.307692307692308,0.346153846153846,1.42307692307692,0.423076923076923,2,0.653846153846154,5,0,5,0,0,6,"AFC",7
351,"Tunisia 2022","WC-2022","T-79","Tunisia","Group D",3,1,1,1,1,1,0,4,0,"CAF","Africa",2022,5,26,28.0769230769231,0.269230769230769,0.307692307692308,1.38461538461538,0.384615384615385,1,0.615384615384615,5,0,5,0,0,4,"CAF",7
352,"Denmark 2022","WC-2022","T-22","Denmark","Group D",3,0,1,2,1,3,-2,1,0,"UEFA","Europe",2022,5,26,27.2307692307692,0.192307692307692,0.346153846153846,1.5,0.5,2,0.576923076923077,5,0,5,0,0,1,"UEFA",7
353,"Japan 2022","WC-2022","T-44","Japan","Group E",3,2,0,1,4,3,1,6,1,"AFC","East Asia",2022,6,26,27.8076923076923,0.153846153846154,0.307692307692308,1.5,0.5,3,0.730769230769231,6,0,6,0,0,6,"AFC",7
354,"Spain 2022","WC-2022","T-73","Spain","Group E",3,1,1,1,9,3,6,4,1,"UEFA","Europe",2022,14,26,25.3846153846154,0.307692307692308,0.307692307692308,1.42307692307692,0.423076923076923,3,0.769230769230769,1,0,1,0,0,4,"UEFA",7
355,"Germany 2022","WC-2022","T-31","Germany","Group E",3,1,1,1,6,5,1,4,0,"UEFA","Europe",2022,7,26,26.8461538461538,0.192307692307692,0.346153846153846,1.65384615384615,0.653846153846154,3,0.538461538461538,3,0,3,0,0,4,"UEFA",7
356,"Costa Rica 2022","WC-2022","T-17","Costa Rica","Group E",3,1,0,2,3,11,-8,3,0,"CONCACAF","Central America",2022,5,26,27.2307692307692,0.115384615384615,0.307692307692308,1.61538461538462,0.615384615384615,2,0.615384615384615,6,0,6,0,1,3,"CONCACAF",7
357,"Morocco 2022","WC-2022","T-47","Morocco","Group F",3,2,1,0,4,1,3,7,1,"CAF","Africa",2022,5,26,26.3076923076923,0.192307692307692,0.307692307692308,1.30769230769231,0.307692307692308,1,0.692307692307692,2,0,2,0,0,7,"CAF",7
358,"Croatia 2022","WC-2022","T-18","Croatia","Group F",3,1,2,0,4,1,3,5,1,"UEFA","Europe",2022,5,26,27.4230769230769,0.230769230769231,0.346153846153846,1.57692307692308,0.576923076923077,3,0.692307692307692,2,0,2,0,0,5,"UEFA",7
359,"Belgium 2022","WC-2022","T-06","Belgium","Group F",3,1,1,1,1,2,-1,4,0,"UEFA","Europe",2022,11,26,27.8846153846154,0.346153846153846,0.230769230769231,1.96153846153846,0.961538461538462,2,0.384615384615385,5,0,5,0,1,4,"UEFA",7
360,"Canada 2022","WC-2022","T-12","Canada","Group F",3,0,0,3,2,7,-5,0,0,"CONCACAF","North America",2022,1,26,27.0769230769231,0.230769230769231,0.269230769230769,1,0,0,1,8,0,8,0,1,0,"CONCACAF",7
361,"Brazil 2022","WC-2022","T-09","Brazil","Group G",3,2,0,1,3,1,2,6,1,"CONMEBOL","South America",2022,19,26,28,0.346153846153846,0.307692307692308,1.53846153846154,0.538461538461538,3,0.615384615384615,3,0,3,0,0,6,"CONMEBOL",7
362,"Switzerland 2022","WC-2022","T-75","Switzerland","Group G",3,2,0,1,4,3,1,6,1,"UEFA","Europe",2022,9,26,27.1153846153846,0.153846153846154,0.307692307692308,1.69230769230769,0.692307692307692,3,0.576923076923077,7,0,7,0,0,6,"UEFA",7
363,"Cameroon 2022","WC-2022","T-11","Cameroon","Group G",3,1,1,1,4,4,0,4,0,"CAF","Africa",2022,7,26,26.3846153846154,0.269230769230769,0.307692307692308,1.23076923076923,0.230769230769231,2,0.884615384615385,7,1,7,0,0,4,"CAF",7
364,"Serbia 2022","WC-2022","T-66","Serbia","Group G",3,0,1,2,5,8,-3,1,0,"UEFA","Europe",2022,2,26,26.9230769230769,0.230769230769231,0.269230769230769,1.46153846153846,0.461538461538462,1,0.538461538461538,12,0,12,0,0,1,"UEFA",7
365,"Portugal 2022","WC-2022","T-58","Portugal","Group H",3,2,0,1,6,4,2,6,1,"UEFA","Europe",2022,7,26,26.8846153846154,0.269230769230769,0.307692307692308,1.65384615384615,0.653846153846154,4,0.615384615384615,5,0,5,0,0,6,"UEFA",7
366,"South Korea 2022","WC-2022","T-71","South Korea","Group H",3,1,1,1,4,4,0,4,1,"AFC","East Asia",2022,10,26,27.8076923076923,0.0769230769230769,0.346153846153846,1.42307692307692,0.423076923076923,2,0.692307692307692,5,0,5,0,1,4,"AFC",7
367,"Uruguay 2022","WC-2022","T-84","Uruguay","Group H",3,1,1,1,2,2,0,4,0,"CONMEBOL","South America",2022,13,26,27.8461538461538,0.230769230769231,0.346153846153846,1.96153846153846,0.961538461538462,3,0.5,8,0,8,0,0,4,"CONMEBOL",7
368,"Ghana 2022","WC-2022","T-32","Ghana","Group H",3,1,0,2,5,7,-2,3,0,"CAF","Africa",2022,3,26,24.9230769230769,0.153846153846154,0.346153846153846,1.11538461538462,0.115384615384615,2,0.923076923076923,8,0,8,0,0,3,"CAF",7
