Timestamp,Station,District,Route,Direction of Travel,Lane Type,Station Length,Samples,% Observed,Total Flow,Avg Occupancy,Avg Speed,Delay (V_t=35),Delay (V_t=40),Delay (V_t=45),Delay (V_t=50),Delay (V_t=55),Delay (V_t=60)
02/01/2022 00:00:00,715918,7,5,N,ML,0.885,0,0,1384.0,0.0247,68.2,0.0,0.0,0.0,0.0,0.0,0.0
02/01/2022 00:00:00,715920,7,5,S,ML,1.29,0,0,1711.0,0.04,63.9,0.0,0.0,0.0,0.0,0.0,0.2
02/01/2022 00:00:00,715924,7,5,N,OR,,114,100,0.0,0.0,,,,,,,
02/01/2022 00:00:00,715925,7,5,S,OR,,114,100,0.0,0.0,,,,,,,
02/01/2022 00:00:00,715926,7,5,N,OR,,114,100,0.0,0.0,,,,,,,
02/01/2022 00:00:00,715927,7,5,N,OR,,114,100,78.0,0.0095,,,,,,,
02/01/2022 00:00:00,715929,7,5,S,ML,0.47,456,100,1402.0,0.0294,69.3,0.0,0.0,0.0,0.0,0.0,0.0
02/01/2022 00:00:00,715930,7,5,N,ML,0.505,456,100,1287.0,0.0294,66.6,0.0,0.0,0.0,0.0,0.0,0.1
02/01/2022 00:00:00,715932,7,5,S,OR,,114,100,85.0,0.0147,,,,,,,
02/01/2022 00:00:00,715933,7,5,N,ML,0.425,456,100,1185.0,0.0232,67.2,0.0,0.0,0.0,0.0,0.0,0.1
02/01/2022 00:00:00,715935,7,5,S,OR,,114,100,76.0,0.0123,,,,,,,
02/01/2022 00:00:00,715937,7,5,S,OR,,114,100,127.0,0.0168,,,,,,,
02/01/2022 00:00:00,715938,7,5,N,ML,0.545,456,100,1480.0,0.0272,68.7,0.0,0.0,0.0,0.0,0.0,0.1
02/01/2022 00:00:00,715941,7,5,S,OR,,114,100,40.0,0.006,,,,,,,
02/01/2022 00:00:00,715944,7,5,N,ML,0.323,456,75,1768.0,0.0428,64.9,0.0,0.0,0.0,0.0,0.0,0.1
02/01/2022 00:00:00,715947,7,5,S,ML,0.495,341,100,550.0,0.0109,68.5,0.0,0.0,0.0,0.0,0.0,0.0
02/01/2022 00:00:00,715952,7,5,S,OR,,114,100,37.0,0.0073,,,,,,,
02/01/2022 00:00:00,715966,7,5,S,OR,,114,100,16.0,0.0016,,,,,,,
02/01/2022 00:00:00,715970,7,5,N,OR,,114,100,48.0,0.0043,,,,,,,
02/01/2022 00:00:00,715972,7,210,E,OR,,114,100,23.0,0.002,,,,,,,
02/01/2022 00:00:00,715973,7,5,S,OR,,114,100,33.0,0.0065,,,,,,,
02/01/2022 00:00:00,715976,7,5,N,OR,,114,100,17.0,0.0015,,,,,,,
02/01/2022 00:00:00,715977,7,5,N,OR,,114,100,31.0,0.004,,,,,,,
02/01/2022 00:00:00,715978,7,5,S,OR,,113,100,48.0,0.0058,,,,,,,
02/01/2022 00:00:00,715979,7,5,S,OR,,114,100,25.0,0.0043,,,,,,,
02/01/2022 00:00:00,715980,7,5,N,OR,,114,100,24.0,0.0042,,,,,,,
02/01/2022 00:00:00,715981,7,5,N,OR,,112,100,39.0,0.0037,,,,,,,
02/01/2022 00:00:00,715982,7,5,N,OR,,114,100,37.0,0.0057,,,,,,,
02/01/2022 00:00:00,715996,7,5,S,ML,0.275,0,0,1469.0,0.0285,66.8,0.0,0.0,0.0,0.0,0.0,0.0
02/01/2022 00:00:00,716002,7,5,S,OR,,114,100,31.0,0.0045,,,,,,,
02/01/2022 00:00:00,716004,7,5,S,OR,,114,100,25.0,0.0039,,,,,,,
02/01/2022 00:00:00,716005,7,5,N,OR,,114,100,39.0,0.0046,,,,,,,
02/01/2022 00:00:00,716007,7,5,N,ML,1.75,0,0,1435.0,0.0341,62.9,0.0,0.0,0.0,0.0,0.0,0.4
02/01/2022 00:00:00,716010,7,5,S,ML,0.6,0,0,150.0,0.0064,65.1,0.0,0.0,0.0,0.0,0.0,0.0
02/01/2022 00:00:00,716016,7,5,S,ML,0.65,0,0,150.0,0.0064,65.1,0.0,0.0,0.0,0.0,0.0,0.0
02/01/2022 00:00:00,716017,7,5,N,ML,0.53,0,0,150.0,0.0064,65.1,0.0,0.0,0.0,0.0,0.0,0.0
02/01/2022 00:00:00,716018,7,5,S,OR,,120,100,31.0,0.0025,,,,,,,
02/01/2022 00:00:00,716023,7,5,N,ML,5.0,0,0,1329.0,0.0528,64.3,0.0,0.0,0.0,0.0,0.0,0.4
02/01/2022 00:00:00,716025,7,5,N,OR,,120,100,3.0,0.0012,,,,,,,
02/01/2022 00:00:00,716026,7,210,E,HV,0.8,114,100,37.0,0.002,64.9,0.0,0.0,0.0,0.0,0.0,0.0
02/01/2022 00:00:00,716028,7,10,E,ML,0.291,341,100,719.0,0.0136,69.2,0.0,0.0,0.0,0.0,0.0,0.0
02/01/2022 00:00:00,716032,7,10,W,ML,0.38,0,0,1567.0,0.0371,64.5,0.0,0.0,0.0,0.0,0.0,0.0
02/01/2022 00:00:00,716036,7,10,E,ML,0.38,0,0,2011.0,0.0378,67.0,0.0,0.0,0.0,0.0,0.0,0.0
02/01/2022 00:00:00,716047,7,10,E,ML,0.265,0,0,2178.0,0.0441,64.6,0.0,0.0,0.0,0.0,0.0,0.0
02/01/2022 00:00:00,716050,7,10,E,ML,0.42,0,0,2030.0,0.0437,67.8,0.0,0.0,0.0,0.0,0.0,0.0
02/01/2022 00:00:00,716057,7,10,E,ML,0.25,0,0,150.0,0.0064,65.1,0.0,0.0,0.0,0.0,0.0,0.0
02/01/2022 00:00:00,716063,7,10,W,ML,0.225,0,0,150.0,0.0064,65.1,0.0,0.0,0.0,0.0,0.0,0.0
02/01/2022 00:00:00,716067,7,10,E,ML,0.125,342,67,459.0,0.0113,68.4,0.0,0.0,0.0,0.0,0.0,0.0
02/01/2022 00:00:00,716069,7,10,E,ML,0.25,414,0,1729.0,0.0414,65.7,0.0,0.0,0.0,0.0,0.0,0.0
02/01/2022 00:00:00,716071,7,10,W,OR,,114,100,52.0,0.004,,,,,,,
02/01/2022 00:00:00,716072,7,10,E,ML,0.28,684,33,1591.0,0.0232,67.7,0.0,0.0,0.0,0.0,0.0,0.0
02/01/2022 00:00:00,716074,7,10,W,FR,,114,100,65.0,0.0052,,,,,,,
02/01/2022 00:00:00,716075,7,10,E,ML,0.37,684,100,1556.0,0.0179,70.3,0.0,0.0,0.0,0.0,0.0,0.0
02/01/2022 00:00:00,716076,7,10,W,ML,0.37,684,100,934.0,0.0128,68.6,0.0,0.0,0.0,0.0,0.0,0.1
02/01/2022 00:00:00,716078,7,10,E,ML,0.5,684,0,1833.0,0.0264,65.7,0.0,0.0,0.0,0.0,0.0,0.0
02/01/2022 00:00:00,716081,7,10,E,ML,0.19,456,100,1302.0,0.0214,68.6,0.0,0.0,0.0,0.0,0.0,0.0
02/01/2022 00:00:00,716084,7,10,W,ML,0.34,456,100,753.0,0.0138,67.4,0.0,0.0,0.0,0.0,0.0,0.0
02/01/2022 00:00:00,716085,7,10,E,ML,0.38,456,100,1494.0,0.0297,67.1,0.0,0.0,0.0,0.0,0.0,0.0
02/01/2022 00:00:00,716087,7,10,E,ML,0.428,570,100,1797.0,0.0235,72.9,0.0,0.0,0.0,0.0,0.0,0.0
02/01/2022 00:00:00,716088,7,10,W,ML,0.29,456,100,1022.0,0.0188,68.6,0.0,0.0,0.0,0.0,0.0,0.0
02/01/2022 00:00:00,716089,7,10,W,OR,,114,100,22.0,0.0034,,,,,,,
02/01/2022 00:00:00,716091,7,10,W,ML,0.495,456,0,1604.0,0.0236,65.7,0.0,0.0,0.0,0.0,0.0,0.0
02/01/2022 00:00:00,716092,7,10,E,ML,0.446,456,100,1604.0,0.0267,69.1,0.0,0.0,0.0,0.0,0.0,0.0
02/01/2022 00:00:00,716093,7,10,E,OR,,114,100,32.0,0.0062,,,,,,,
02/01/2022 00:00:00,716094,7,10,W,OR,,114,100,28.0,0.0052,,,,,,,
02/01/2022 00:00:00,716095,7,10,E,OR,,114,100,28.0,0.0069,,,,,,,
02/01/2022 00:00:00,716096,7,10,W,OR,,114,100,37.0,0.0113,,,,,,,
02/01/2022 00:00:00,716097,7,10,E,OR,,114,100,42.0,0.0077,,,,,,,
02/01/2022 00:00:00,716098,7,10,W,OR,,114,100,53.0,0.0084,,,,,,,
02/01/2022 00:00:00,716099,7,10,E,OR,,114,100,61.0,0.0154,,,,,,,
02/01/2022 00:00:00,716100,7,10,W,OR,,113,100,42.0,0.0102,,,,,,,
02/01/2022 00:00:00,716101,7,10,W,ML,0.38,342,75,1255.0,0.0262,67.6,0.0,0.0,0.0,0.0,0.0,0.0
02/01/2022 00:00:00,716103,7,10,E,OR,,114,100,39.0,0.0073,,,,,,,
02/01/2022 00:00:00,716104,7,10,W,OR,,114,100,24.0,0.0043,,,,,,,
02/01/2022 00:00:00,716105,7,10,E,OR,,114,100,34.0,0.007,,,,,,,
02/01/2022 00:00:00,716106,7,10,W,OR,,114,100,42.0,0.0078,,,,,,,
02/01/2022 00:00:00,716108,7,10,W,OR,,114,100,38.0,0.0034,,,,,,,
02/01/2022 00:00:00,716112,7,10,W,OR,,114,100,52.0,0.01,,,,,,,
02/01/2022 00:00:00,716113,7,10,E,OR,,114,100,28.0,0.0052,,,,,,,
02/01/2022 00:00:00,716116,7,10,W,OR,,114,100,42.0,0.0072,,,,,,,
02/01/2022 00:00:00,716118,7,10,E,OR,,114,100,55.0,0.0096,,,,,,,
02/01/2022 00:00:00,716119,7,10,W,OR,,114,100,31.0,0.0042,,,,,,,
02/01/2022 00:00:00,716120,7,10,E,OR,,114,100,35.0,0.004,,,,,,,
02/01/2022 00:00:00,716124,7,10,W,OR,,114,100,149.0,0.0203,,,,,,,
02/01/2022 00:00:00,716126,7,10,E,ML,0.475,0,0,1458.0,0.0399,64.4,0.0,0.0,0.0,0.0,0.0,0.0
02/01/2022 00:00:00,716127,7,10,W,OR,,114,100,118.0,0.0109,,,,,,,
02/01/2022 00:00:00,716128,7,10,E,OR,,114,100,70.0,0.0055,,,,,,,
02/01/2022 00:00:00,716129,7,10,W,OR,,114,100,67.0,0.0087,,,,,,,
02/01/2022 00:00:00,716130,7,10,E,OR,,114,100,42.0,0.0055,,,,,,,
02/01/2022 00:00:00,716131,7,10,W,OR,,114,100,46.0,0.0056,,,,,,,
02/01/2022 00:00:00,716135,7,10,W,OR,,120,100,59.0,0.0052,,,,,,,
02/01/2022 00:00:00,716136,7,10,W,OR,,120,100,45.0,0.0051,,,,,,,
02/01/2022 00:00:00,716137,7,10,E,OR,,120,100,0.0,0.0,,,,,,,
02/01/2022 00:00:00,716138,7,10,W,OR,,120,100,99.0,0.0273,,,,,,,
02/01/2022 00:00:00,716142,7,210,E,ML,0.8,456,100,1166.0,0.0253,67.6,0.0,0.0,0.0,0.0,0.1,0.2
02/01/2022 00:00:00,716143,7,210,E,ML,0.65,456,100,859.0,0.0225,68.7,0.0,0.0,0.0,0.0,0.0,0.1
02/01/2022 00:00:00,716146,7,10,W,ML,0.5,342,0,1673.0,0.0404,63.6,0.0,0.0,0.0,0.0,0.0,0.1
02/01/2022 00:00:00,716152,7,10,E,ML,0.48,456,50,1222.0,0.0286,65.3,0.0,0.0,0.0,0.0,0.0,0.1
02/01/2022 00:00:00,716153,7,10,W,ML,0.48,570,40,1431.0,0.0279,65.4,0.0,0.0,0.0,0.0,0.0,0.1
02/01/2022 00:00:00,716158,7,10,W,OR,,114,100,55.0,0.0051,,,,,,,
02/01/2022 00:00:00,716159,7,10,W,OR,,114,100,12.0,0.0013,,,,,,,
02/01/2022 00:00:00,716160,7,10,E,OR,,114,100,35.0,0.0035,,,,,,,
02/01/2022 00:00:00,716161,7,10,W,OR,,114,100,22.0,0.0021,,,,,,,
02/01/2022 00:00:00,716162,7,10,W,OR,,114,100,22.0,0.0026,,,,,,,
02/01/2022 00:00:00,716165,7,10,E,OR,,114,100,24.0,0.0032,,,,,,,
02/01/2022 00:00:00,716166,7,10,W,OR,,114,100,7.0,0.0006,,,,,,,
02/01/2022 00:00:00,716167,7,10,E,OR,,114,100,2.0,0.0003,,,,,,,
02/01/2022 00:00:00,716168,7,10,W,OR,,114,100,4.0,0.0005,,,,,,,
02/01/2022 00:00:00,716169,7,10,E,OR,,114,100,8.0,0.0007,,,,,,,
02/01/2022 00:00:00,716170,7,10,W,OR,,114,100,10.0,0.001,,,,,,,
02/01/2022 00:00:00,716171,7,10,E,OR,,114,100,7.0,0.0003,,,,,,,
02/01/2022 00:00:00,716172,7,10,E,ML,0.695,444,50,1142.0,0.0234,66.8,0.0,0.0,0.0,0.0,0.0,0.0
02/01/2022 00:00:00,716174,7,10,W,ML,0.625,456,100,840.0,0.0098,72.8,0.0,0.0,0.0,0.0,0.0,0.0
02/01/2022 00:00:00,716176,7,10,W,ML,0.39,570,100,1069.0,0.0184,70.9,0.0,0.0,0.0,0.0,0.0,0.0
02/01/2022 00:00:00,716181,7,10,E,ML,0.89,1050,0,3511.0,0.0711,54.5,0.0,0.0,0.0,0.0,2.0,5.5
02/01/2022 00:00:00,716182,7,10,W,OR,,114,100,240.0,0.0172,,,,,,,
02/01/2022 00:00:00,716183,7,10,E,OR,,114,100,240.0,0.02,,,,,,,
02/01/2022 00:00:00,716184,7,10,W,OR,,114,100,120.0,0.0122,,,,,,,
02/01/2022 00:00:00,716185,7,10,E,OR,,120,100,24.0,0.0029,,,,,,,
02/01/2022 00:00:00,716187,7,10,E,ML,0.515,816,75,3291.0,0.067,58.6,0.1,1.5,2.6,3.5,4.3,5.1
02/01/2022 00:00:00,716188,7,10,W,OR,,114,100,22.0,0.0009,,,,,,,
02/01/2022 00:00:00,716189,7,10,W,OR,,114,100,65.0,0.0061,,,,,,,
02/01/2022 00:00:00,716191,7,10,W,OR,,114,100,80.0,0.006,,,,,,,
02/01/2022 00:00:00,716192,7,10,E,OR,,114,100,47.0,0.004,,,,,,,
02/01/2022 00:00:00,716193,7,10,W,ML,0.2,453,100,2146.0,0.0781,61.1,0.0,0.0,0.0,0.1,0.3,0.5
02/01/2022 00:00:00,716195,7,10,W,OR,,111,100,84.0,0.0058,,,,,,,
02/01/2022 00:00:00,716196,7,10,E,OR,,114,100,109.0,0.0109,,,,,,,
02/01/2022 00:00:00,716203,7,57,N,ML,0.56,237,33,145.0,0.0053,64.5,0.0,0.0,0.0,0.0,0.0,0.0
02/01/2022 00:00:00,716206,7,60,W,ML,0.54,0,0,149.0,0.0064,65.0,0.0,0.0,0.0,0.0,0.0,0.0
02/01/2022 00:00:00,716213,7,60,E,ML,0.47,0,0,2025.0,0.0307,69.3,0.0,0.0,0.0,0.0,0.0,0.0
02/01/2022 00:00:00,716222,7,60,E,OR,,114,100,31.0,0.0024,,,,,,,
02/01/2022 00:00:00,716231,7,60,E,OR,,114,100,5.0,0.0011,,,,,,,
02/01/2022 00:00:00,716232,7,60,W,OR,,114,100,2.0,0.0005,,,,,,,
02/01/2022 00:00:00,716235,7,60,E,ML,0.56,0,0,723.0,0.0273,66.8,0.0,0.0,0.0,0.0,0.0,0.0
02/01/2022 00:00:00,716237,7,60,E,ML,0.535,0,0,2025.0,0.0307,69.7,0.0,0.0,0.0,0.0,0.0,0.0
02/01/2022 00:00:00,716238,7,60,W,ML,0.569,0,0,1383.0,0.0247,68.8,0.0,0.0,0.0,0.0,0.0,0.0
02/01/2022 00:00:00,716241,7,60,W,ML,0.45,479,100,1199.0,0.0336,69.0,0.0,0.0,0.0,0.0,0.0,0.0
02/01/2022 00:00:00,716253,7,60,W,ML,0.25,0,0,1385.0,0.0247,68.1,0.0,0.0,0.0,0.0,0.0,0.0
02/01/2022 00:00:00,716254,7,60,E,ML,0.18,0,0,1385.0,0.0247,68.1,0.0,0.0,0.0,0.0,0.0,0.0
02/01/2022 00:00:00,716259,7,60,E,OR,,120,100,54.0,0.0029,,,,,,,
02/01/2022 00:00:00,716265,7,60,E,ML,0.405,454,75,1793.0,0.0512,67.4,0.0,0.0,0.0,0.0,0.0,0.1
02/01/2022 00:00:00,716271,7,71,S,ML,1.218,0,0,366.0,0.0461,64.1,0.0,0.0,0.0,0.1,0.2,0.2
02/01/2022 00:00:00,716272,7,91,E,ML,0.333,0,0,261.0,0.0165,64.7,0.0,0.0,0.0,0.0,0.0,0.0
02/01/2022 00:00:00,716273,7,91,E,ML,0.525,336,100,389.0,0.012,64.6,0.0,0.0,0.0,0.0,0.0,0.0
02/01/2022 00:00:00,716274,7,91,W,OR,,114,100,41.0,0.0041,,,,,,,
02/01/2022 00:00:00,716275,7,91,E,OR,,114,100,67.0,0.0135,,,,,,,
02/01/2022 00:00:00,716276,7,91,W,OR,,114,100,58.0,0.0095,,,,,,,
02/01/2022 00:00:00,716279,7,91,W,OR,,114,100,113.0,0.0119,,,,,,,
02/01/2022 00:00:00,716281,7,91,E,OR,,113,100,139.0,0.0133,,,,,,,
02/01/2022 00:00:00,716282,7,91,W,OR,,114,100,127.0,0.0116,,,,,,,
02/01/2022 00:00:00,716283,7,91,E,OR,,113,100,252.0,0.0208,,,,,,,
02/01/2022 00:00:00,716284,7,91,W,OR,,114,100,135.0,0.0128,,,,,,,
02/01/2022 00:00:00,716287,7,91,E,OR,,114,100,51.0,0.0103,,,,,,,
02/01/2022 00:00:00,716292,7,91,W,OR,,114,100,27.0,0.0022,,,,,,,
02/01/2022 00:00:00,716294,7,91,E,OR,,114,100,46.0,0.0054,,,,,,,
02/01/2022 00:00:00,716295,7,91,W,ML,0.405,570,100,1164.0,0.0189,68.0,0.0,0.0,0.0,0.0,0.0,0.0
02/01/2022 00:00:00,716296,7,91,E,ML,0.53,437,60,3127.0,0.0364,69.6,0.0,0.0,0.0,0.0,0.0,0.0
02/01/2022 00:00:00,716297,7,91,W,OR,,114,100,88.0,0.0132,,,,,,,
02/01/2022 00:00:00,716298,7,91,E,OR,,114,100,57.0,0.0073,,,,,,,
02/01/2022 00:00:00,716299,7,91,W,OR,,114,100,95.0,0.0113,,,,,,,
02/01/2022 00:00:00,716300,7,91,E,OR,,114,100,47.0,0.0058,,,,,,,
02/01/2022 00:00:00,716301,7,91,W,OR,,114,100,86.0,0.009,,,,,,,
02/01/2022 00:00:00,716302,7,91,E,OR,,114,100,40.0,0.0041,,,,,,,
02/01/2022 00:00:00,716303,7,91,W,OR,,114,100,41.0,0.0052,,,,,,,
02/01/2022 00:00:00,716304,7,91,E,OR,,114,100,24.0,0.0054,,,,,,,
02/01/2022 00:00:00,716305,7,91,W,OR,,114,100,68.0,0.0092,,,,,,,
02/01/2022 00:00:00,716306,7,91,E,OR,,114,100,44.0,0.0061,,,,,,,
02/01/2022 00:00:00,716307,7,91,E,OR,,107,100,5.0,0.0072,,,,,,,
02/01/2022 00:00:00,716309,7,91,E,OR,,114,100,0.0,0.0,,,,,,,
02/01/2022 00:00:00,716310,7,91,W,OR,,114,100,139.0,0.0053,,,,,,,
02/01/2022 00:00:00,716311,7,91,W,ML,0.52,570,0,2010.0,0.0476,62.3,0.0,0.0,0.0,0.0,0.0,0.2
02/01/2022 00:00:00,716312,7,91,E,ML,0.52,0,0,1555.0,0.0439,53.8,0.0,0.0,0.2,0.7,1.1,1.9
02/01/2022 00:00:00,716313,7,91,E,ML,0.575,0,0,932.0,0.0206,66.5,0.0,0.0,0.0,0.0,0.0,0.1
02/01/2022 00:00:00,716314,7,91,W,ML,0.575,0,0,1385.0,0.0247,68.1,0.0,0.0,0.0,0.0,0.0,0.0
02/01/2022 00:00:00,716315,7,91,E,OR,,114,100,14.0,0.002,,,,,,,
02/01/2022 00:00:00,716316,7,91,W,OR,,114,100,23.0,0.0022,,,,,,,
02/01/2022 00:00:00,716317,7,91,W,OR,,114,100,36.0,0.0072,,,,,,,
02/01/2022 00:00:00,716319,7,91,E,OR,,114,100,13.0,0.0022,,,,,,,
02/01/2022 00:00:00,716321,7,91,E,OR,,114,100,10.0,0.0011,,,,,,,
02/01/2022 00:00:00,716322,7,91,W,OR,,114,100,12.0,0.0024,,,,,,,
02/01/2022 00:00:00,716323,7,91,W,OR,,114,100,79.0,0.007,,,,,,,
02/01/2022 00:00:00,716325,7,91,W,OR,,114,100,38.0,0.0026,,,,,,,
02/01/2022 00:00:00,716328,7,101,S,ML,0.365,0,0,2025.0,0.0307,69.3,0.0,0.0,0.0,0.0,0.0,0.0
02/01/2022 00:00:00,716331,7,101,S,ML,0.355,0,0,1716.0,0.0339,67.5,0.0,0.0,0.0,0.0,0.0,0.0
02/01/2022 00:00:00,716337,7,101,N,ML,0.46,0,0,1385.0,0.0247,68.1,0.0,0.0,0.0,0.0,0.0,0.0
02/01/2022 00:00:00,716338,7,57,S,OR,,119,100,37.0,0.0036,,,,,,,
02/01/2022 00:00:00,716339,7,101,S,ML,0.525,0,0,2220.0,0.0339,68.4,0.0,0.0,0.0,0.0,0.0,0.0
02/01/2022 00:00:00,716359,7,101,N,ML,0.565,478,100,1475.0,0.0167,72.2,0.0,0.0,0.0,0.0,0.0,0.0
02/01/2022 00:00:00,716367,7,101,N,OR,,114,100,85.0,0.0065,,,,,,,
02/01/2022 00:00:00,716368,7,101,S,OR,,113,100,70.0,0.0066,,,,,,,
02/01/2022 00:00:00,716369,7,101,N,OR,,114,100,122.0,0.01,,,,,,,
02/01/2022 00:00:00,716390,7,101,S,ML,0.79,364,75,683.0,0.0206,67.9,0.0,0.0,0.0,0.0,0.0,0.0
02/01/2022 00:00:00,716391,7,101,S,ML,0.76,456,100,687.0,0.0181,67.0,0.0,0.0,0.0,0.0,0.0,0.0
02/01/2022 00:00:00,716392,7,101,S,ML,0.6,452,100,526.0,0.0144,68.2,0.0,0.0,0.0,0.0,0.0,0.0
02/01/2022 00:00:00,716399,7,101,S,OR,,114,100,29.0,0.0025,,,,,,,
02/01/2022 00:00:00,716402,7,105,W,ML,0.75,0,0,1384.0,0.0247,68.2,0.0,0.0,0.0,0.0,0.0,0.0
02/01/2022 00:00:00,716404,7,105,W,ML,0.35,342,0,1384.0,0.0247,68.2,0.0,0.0,0.0,0.0,0.0,0.0
02/01/2022 00:00:00,716405,7,105,W,ML,0.45,0,0,1385.0,0.0247,68.1,0.0,0.0,0.0,0.0,0.0,0.0
02/01/2022 00:00:00,716407,7,105,W,ML,0.65,114,0,1200.0,0.0367,64.8,0.0,0.0,0.0,0.0,0.0,0.0
02/01/2022 00:00:00,716409,7,105,W,ML,0.75,309,33,683.0,0.0168,64.9,0.0,0.0,0.0,0.0,0.0,0.0
02/01/2022 00:00:00,716413,7,105,W,ML,0.6,0,0,1860.0,0.0466,63.8,0.0,0.0,0.0,0.0,0.0,0.1
02/01/2022 00:00:00,716414,7,105,E,ML,0.5,0,0,1385.0,0.0247,68.1,0.0,0.0,0.0,0.0,0.0,0.0
02/01/2022 00:00:00,716415,7,105,W,OR,,114,100,37.0,0.0027,,,,,,,
02/01/2022 00:00:00,716419,7,105,E,ML,0.55,0,0,1385.0,0.0247,68.1,0.0,0.0,0.0,0.0,0.0,0.0
02/01/2022 00:00:00,716420,7,105,W,ML,0.6,0,0,1385.0,0.0247,68.1,0.0,0.0,0.0,0.0,0.0,0.0
02/01/2022 00:00:00,716421,7,105,E,ML,0.55,0,0,1385.0,0.0247,68.1,0.0,0.0,0.0,0.0,0.0,0.0
02/01/2022 00:00:00,716422,7,105,W,ML,0.5,0,0,1587.0,0.0499,63.2,0.0,0.0,0.0,0.0,0.0,0.1
02/01/2022 00:00:00,716423,7,105,W,OR,,114,100,102.0,0.0068,,,,,,,
02/01/2022 00:00:00,716424,7,105,E,ML,0.6,0,0,148.0,0.0064,65.7,0.0,0.0,0.0,0.0,0.0,0.0
02/01/2022 00:00:00,716426,7,105,W,ML,0.495,0,0,1163.0,0.019,67.8,0.0,0.0,0.0,0.0,0.0,0.0
02/01/2022 00:00:00,716427,7,105,E,ML,0.32,0,0,1384.0,0.0247,68.2,0.0,0.0,0.0,0.0,0.0,0.0
02/01/2022 00:00:00,716428,7,105,W,ML,0.55,0,0,149.0,0.0064,65.0,0.0,0.0,0.0,0.0,0.0,0.0
02/01/2022 00:00:00,716431,7,105,E,ML,0.3,0,0,1385.0,0.0247,68.1,0.0,0.0,0.0,0.0,0.0,0.0
02/01/2022 00:00:00,716432,7,105,W,HV,0.3,0,0,149.0,0.0064,65.1,0.0,0.0,0.0,0.0,0.0,0.0
02/01/2022 00:00:00,716433,7,105,E,ML,0.3,0,0,1385.0,0.0247,68.1,0.0,0.0,0.0,0.0,0.0,0.0
02/01/2022 00:00:00,716434,7,105,W,ML,0.3,0,0,1385.0,0.0247,68.1,0.0,0.0,0.0,0.0,0.0,0.0
02/01/2022 00:00:00,716437,7,105,W,ML,0.65,342,67,1197.0,0.0299,66.2,0.0,0.0,0.0,0.0,0.0,0.1
02/01/2022 00:00:00,716438,7,105,E,OR,,114,100,13.0,0.0007,,,,,,,
02/01/2022 00:00:00,716440,7,105,E,ML,0.6,0,0,1517.0,0.0906,49.2,0.0,0.2,0.7,1.5,2.4,3.5
02/01/2022 00:00:00,716441,7,105,W,ML,0.4,0,0,149.0,0.0064,65.0,0.0,0.0,0.0,0.0,0.0,0.0
02/01/2022 00:00:00,716442,7,105,E,ML,0.6,0,0,1384.0,0.0247,68.2,0.0,0.0,0.0,0.0,0.0,0.0
02/01/2022 00:00:00,716443,7,105,W,ML,0.45,0,0,149.0,0.0064,65.0,0.0,0.0,0.0,0.0,0.0,0.0
02/01/2022 00:00:00,716448,7,105,W,ML,0.5,0,0,1384.0,0.0247,68.2,0.0,0.0,0.0,0.0,0.0,0.0
02/01/2022 00:00:00,716449,7,105,E,ML,0.65,0,0,150.0,0.0064,65.1,0.0,0.0,0.0,0.0,0.0,0.0
02/01/2022 00:00:00,716450,7,105,W,ML,0.455,0,0,1482.0,0.0131,69.7,0.0,0.0,0.0,0.0,0.0,0.0
02/01/2022 00:00:00,716453,7,105,E,ML,0.305,0,0,3246.0,0.0426,68.7,0.0,0.0,0.0,0.0,0.0,0.0
02/01/2022 00:00:00,716456,7,105,E,ML,0.47,0,0,3247.0,0.0426,69.3,0.0,0.0,0.0,0.0,0.0,0.0
02/01/2022 00:00:00,716457,7,105,W,ML,0.55,0,0,148.0,0.0064,65.7,0.0,0.0,0.0,0.0,0.0,0.0
02/01/2022 00:00:00,716459,7,105,W,ML,0.45,0,0,149.0,0.0064,65.0,0.0,0.0,0.0,0.0,0.0,0.0
02/01/2022 00:00:00,716460,7,105,E,ML,0.4,0,0,1384.0,0.0247,68.2,0.0,0.0,0.0,0.0,0.0,0.0
02/01/2022 00:00:00,716461,7,105,W,ML,0.35,0,0,1273.0,0.0318,65.7,0.0,0.0,0.0,0.0,0.0,0.0
02/01/2022 00:00:00,716466,7,105,E,ML,0.45,0,0,1384.0,0.0247,68.2,0.0,0.0,0.0,0.0,0.0,0.0
02/01/2022 00:00:00,716470,7,105,E,ML,0.665,360,50,2246.0,0.0724,70.0,0.0,0.0,0.0,0.0,0.0,0.1
02/01/2022 00:00:00,716471,7,105,W,ML,0.55,0,0,150.0,0.0064,65.1,0.0,0.0,0.0,0.0,0.0,0.0
02/01/2022 00:00:00,716480,7,110,N,OR,,114,100,65.0,0.0098,,,,,,,
02/01/2022 00:00:00,716481,7,110,S,ML,0.67,0,0,149.0,0.0064,65.0,0.0,0.0,0.0,0.0,0.0,0.0
02/01/2022 00:00:00,716482,7,110,N,FF,,228,100,508.0,0.009,,,,,,,
02/01/2022 00:00:00,716484,7,110,N,ML,0.77,0,0,1802.0,0.0372,66.3,0.0,0.0,0.0,0.0,0.0,0.0
02/01/2022 00:00:00,716485,7,110,S,ML,0.555,0,0,1215.0,0.0262,69.3,0.0,0.0,0.0,0.0,0.0,0.0
02/01/2022 00:00:00,716490,7,110,N,ML,0.445,0,0,1208.0,0.0259,69.8,0.0,0.0,0.0,0.0,0.0,0.0
02/01/2022 00:00:00,716491,7,110,S,ML,0.515,0,0,1208.0,0.0259,69.8,0.0,0.0,0.0,0.0,0.0,0.0
02/01/2022 00:00:00,716494,7,110,S,ML,0.32,0,0,987.0,0.0133,70.9,0.0,0.0,0.0,0.0,0.0,0.0
02/01/2022 00:00:00,716495,7,110,N,ML,0.27,0,0,1489.0,0.021,70.2,0.0,0.0,0.0,0.0,0.0,0.0
02/01/2022 00:00:00,716499,7,110,N,ML,0.39,570,0,2032.0,0.0307,70.0,0.0,0.0,0.0,0.0,0.0,0.0
02/01/2022 00:00:00,716500,7,110,S,ML,0.795,684,50,2224.0,0.0302,66.9,0.0,0.0,0.0,0.0,0.0,0.0
02/01/2022 00:00:00,716527,7,118,W,OR,,113,100,31.0,0.0029,,,,,,,
02/01/2022 00:00:00,716528,7,118,E,OR,,114,100,94.0,0.0078,,,,,,,
02/01/2022 00:00:00,716529,7,118,E,OR,,114,100,129.0,0.0133,,,,,,,
02/01/2022 00:00:00,716530,7,118,W,OR,,111,100,39.0,0.0041,,,,,,,
02/01/2022 00:00:00,716531,7,118,W,OR,,114,100,22.0,0.0018,,,,,,,
02/01/2022 00:00:00,716532,7,118,E,OR,,113,100,118.0,0.0093,,,,,,,
02/01/2022 00:00:00,716533,7,118,W,OR,,114,100,22.0,0.0016,,,,,,,
02/01/2022 00:00:00,716534,7,118,E,OR,,113,100,124.0,0.0088,,,,,,,
02/01/2022 00:00:00,716535,7,118,W,OR,,114,100,40.0,0.003,,,,,,,
02/01/2022 00:00:00,716536,7,118,E,OR,,114,100,34.0,0.0032,,,,,,,
02/01/2022 00:00:00,716537,7,118,E,OR,,113,100,33.0,0.0023,,,,,,,
02/01/2022 00:00:00,716538,7,118,E,OR,,114,100,49.0,0.0038,,,,,,,
02/01/2022 00:00:00,716540,7,118,W,OR,,114,100,9.0,0.0009,,,,,,,
02/01/2022 00:00:00,716541,7,118,E,HV,0.495,114,100,0.0,0.0,65.0,0.0,0.0,0.0,0.0,0.0,0.0
02/01/2022 00:00:00,716544,7,134,W,OR,,110,100,74.0,0.0061,,,,,,,
02/01/2022 00:00:00,716551,7,134,W,ML,0.556,0,0,150.0,0.0064,65.1,0.0,0.0,0.0,0.0,0.0,0.0
02/01/2022 00:00:00,716554,7,134,W,ML,0.355,228,0,1385.0,0.0247,68.1,0.0,0.0,0.0,0.0,0.0,0.0
02/01/2022 00:00:00,716571,7,170,S,ML,1.16,0,0,150.0,0.0064,65.1,0.0,0.0,0.0,0.0,0.0,0.0
02/01/2022 00:00:00,716573,7,170,S,ML,0.325,0,0,149.0,0.0064,65.0,0.0,0.0,0.0,0.0,0.0,0.0
02/01/2022 00:00:00,716575,7,210,W,OR,,114,100,18.0,0.0015,,,,,,,
02/01/2022 00:00:00,716576,7,210,E,OR,,114,100,14.0,0.0012,,,,,,,
02/01/2022 00:00:00,716577,7,210,E,OR,,114,100,46.0,0.0047,,,,,,,
02/01/2022 00:00:00,716578,7,210,W,OR,,114,100,15.0,0.0018,,,,,,,
02/01/2022 00:00:00,716579,7,210,W,OR,,114,100,7.0,0.0006,,,,,,,
02/01/2022 00:00:00,716580,7,210,E,OR,,114,100,20.0,0.0017,,,,,,,
02/01/2022 00:00:00,716582,7,210,W,OR,,114,100,15.0,0.0015,,,,,,,
02/01/2022 00:00:00,716583,7,210,W,OR,,114,100,63.0,0.0071,,,,,,,
02/01/2022 00:00:00,716585,7,210,E,OR,,114,100,101.0,0.0074,,,,,,,
02/01/2022 00:00:00,716586,7,210,W,OR,,114,100,76.0,0.0074,,,,,,,
02/01/2022 00:00:00,716587,7,210,E,OR,,114,100,77.0,0.0059,,,,,,,
02/01/2022 00:00:00,716588,7,210,W,OR,,114,100,55.0,0.0052,,,,,,,
02/01/2022 00:00:00,716589,7,210,E,OR,,114,100,19.0,0.0008,,,,,,,
02/01/2022 00:00:00,716590,7,210,E,OR,,114,100,23.0,0.001,,,,,,,
02/01/2022 00:00:00,716591,7,210,W,OR,,114,100,26.0,0.0024,,,,,,,
02/01/2022 00:00:00,716592,7,210,W,OR,,114,100,33.0,0.0031,,,,,,,
02/01/2022 00:00:00,716593,7,210,E,OR,,114,100,25.0,0.0019,,,,,,,
02/01/2022 00:00:00,716594,7,210,W,OR,,114,100,25.0,0.0021,,,,,,,
02/01/2022 00:00:00,716595,7,210,E,OR,,114,100,18.0,0.0016,,,,,,,
02/01/2022 00:00:00,716596,7,210,W,OR,,114,100,17.0,0.0024,,,,,,,
02/01/2022 00:00:00,716598,7,210,E,OR,,114,100,20.0,0.0016,,,,,,,
02/01/2022 00:00:00,716599,7,210,W,OR,,114,100,16.0,0.0024,,,,,,,
02/01/2022 00:00:00,716600,7,210,E,OR,,114,100,14.0,0.0009,,,,,,,
02/01/2022 00:00:00,716601,7,210,W,OR,,114,100,13.0,0.0013,,,,,,,
02/01/2022 00:00:00,716602,7,210,W,OR,,114,100,37.0,0.0053,,,,,,,
02/01/2022 00:00:00,716603,7,210,E,OR,,114,100,43.0,0.0039,,,,,,,
02/01/2022 00:00:00,716604,7,210,W,OR,,114,100,17.0,0.0012,,,,,,,
02/01/2022 00:00:00,716605,7,210,E,OR,,114,100,46.0,0.0049,,,,,,,
02/01/2022 00:00:00,716606,7,210,E,OR,,114,100,46.0,0.0034,,,,,,,
02/01/2022 00:00:00,716607,7,210,W,OR,,113,100,47.0,0.0047,,,,,,,
02/01/2022 00:00:00,716608,7,210,W,OR,,114,100,40.0,0.0046,,,,,,,
02/01/2022 00:00:00,716610,7,210,W,OR,,114,100,20.0,0.002,,,,,,,
02/01/2022 00:00:00,716611,7,210,W,OR,,114,100,41.0,0.0052,,,,,,,
02/01/2022 00:00:00,716612,7,210,W,OR,,114,100,52.0,0.0041,,,,,,,
02/01/2022 00:00:00,716613,7,210,W,OR,,114,100,31.0,0.0024,,,,,,,
02/01/2022 00:00:00,716614,7,210,W,OR,,114,100,18.0,0.0014,,,,,,,
02/01/2022 00:00:00,716615,7,210,W,OR,,113,100,27.0,0.0051,,,,,,,
02/01/2022 00:00:00,716616,7,210,E,OR,,114,100,23.0,0.002,,,,,,,
02/01/2022 00:00:00,716620,7,405,N,OR,,114,100,21.0,0.0034,,,,,,,
02/01/2022 00:00:00,716621,7,405,S,OR,,114,100,6.0,0.0007,,,,,,,
02/01/2022 00:00:00,716622,7,405,N,OR,,114,100,7.0,0.0008,,,,,,,
02/01/2022 00:00:00,716623,7,405,S,OR,,114,100,17.0,0.002,,,,,,,
02/01/2022 00:00:00,716624,7,405,N,OR,,114,100,8.0,0.0016,,,,,,,
02/01/2022 00:00:00,716625,7,405,S,OR,,114,100,5.0,0.001,,,,,,,
02/01/2022 00:00:00,716626,7,405,S,ML,0.26,568,60,1002.0,0.0136,69.8,0.0,0.0,0.0,0.0,0.0,0.0
02/01/2022 00:00:00,716628,7,405,S,OR,,114,100,33.0,0.0052,,,,,,,
02/01/2022 00:00:00,716630,7,405,N,OR,,114,100,18.0,0.0027,,,,,,,
02/01/2022 00:00:00,716631,7,405,S,OR,,114,100,14.0,0.002,,,,,,,
02/01/2022 00:00:00,716632,7,405,N,ML,0.385,569,100,965.0,0.0158,71.0,0.0,0.0,0.0,0.0,0.0,0.0
02/01/2022 00:00:00,716636,7,405,N,OR,,114,100,75.0,0.014,,,,,,,
02/01/2022 00:00:00,716638,7,405,N,OR,,113,100,34.0,0.0071,,,,,,,
02/01/2022 00:00:00,716640,7,405,N,OR,,114,100,26.0,0.0037,,,,,,,
02/01/2022 00:00:00,716641,7,405,N,OR,,114,100,37.0,0.0078,,,,,,,
02/01/2022 00:00:00,716643,7,405,S,OR,,114,100,18.0,0.0032,,,,,,,
02/01/2022 00:00:00,716644,7,405,N,FR,,114,100,59.0,0.0071,,,,,,,
02/01/2022 00:00:00,716645,7,405,S,OR,,114,100,40.0,0.0051,,,,,,,
02/01/2022 00:00:00,716646,7,405,N,OR,,114,100,50.0,0.0052,,,,,,,
02/01/2022 00:00:00,716647,7,405,N,OR,,114,100,14.0,0.0023,,,,,,,
02/01/2022 00:00:00,716649,7,405,N,OR,,114,100,14.0,0.0018,,,,,,,
02/01/2022 00:00:00,716650,7,405,S,OR,,114,100,52.0,0.0065,,,,,,,
02/01/2022 00:00:00,716651,7,405,S,OR,,114,100,66.0,0.0149,,,,,,,
02/01/2022 00:00:00,716652,7,405,N,OR,,114,100,144.0,0.0068,,,,,,,
02/01/2022 00:00:00,716653,7,405,N,OR,,114,100,85.0,0.0272,,,,,,,
02/01/2022 00:00:00,716654,7,405,S,OR,,112,100,205.0,0.03,,,,,,,
02/01/2022 00:00:00,716655,7,405,S,OR,,113,100,45.0,0.0043,,,,,,,
02/01/2022 00:00:00,716656,7,405,N,OR,,114,100,40.0,0.0067,,,,,,,
02/01/2022 00:00:00,716657,7,405,S,OR,,114,100,31.0,0.0033,,,,,,,
02/01/2022 00:00:00,716658,7,405,N,OR,,114,100,84.0,0.0077,,,,,,,
02/01/2022 00:00:00,716659,7,405,N,ML,0.365,569,80,1175.0,0.0209,66.7,0.0,0.0,0.0,0.0,0.0,0.1
02/01/2022 00:00:00,716660,7,405,S,ML,0.375,0,0,2087.0,0.041,65.1,0.0,0.0,0.0,0.0,0.0,0.0
02/01/2022 00:00:00,716661,7,405,S,OR,,114,100,38.0,0.0053,,,,,,,
02/01/2022 00:00:00,716663,7,405,N,ML,0.355,447,100,905.0,0.0218,64.3,0.0,0.0,0.0,0.0,0.1,0.2
02/01/2022 00:00:00,716664,7,405,N,OR,,114,100,121.0,0.0072,,,,,,,
02/01/2022 00:00:00,716670,7,405,N,ML,0.545,0,0,1396.0,0.0405,63.6,0.0,0.0,0.0,0.0,0.0,0.1
02/01/2022 00:00:00,716674,7,405,S,ML,0.48,456,100,1336.0,0.0261,65.7,0.0,0.0,0.0,0.1,0.2,0.4
02/01/2022 00:00:00,716675,7,405,S,OR,,114,100,88.0,0.01,,,,,,,
02/01/2022 00:00:00,716680,7,405,N,OR,,114,100,47.0,0.0083,,,,,,,
02/01/2022 00:00:00,716681,7,405,S,OR,,113,100,45.0,0.0067,,,,,,,
02/01/2022 00:00:00,716682,7,405,S,OR,,114,100,41.0,0.0055,,,,,,,
02/01/2022 00:00:00,716685,7,405,N,OR,,114,100,23.0,0.0032,,,,,,,
02/01/2022 00:00:00,716687,7,405,N,OR,,114,100,88.0,0.0139,,,,,,,
02/01/2022 00:00:00,716689,7,405,N,ML,0.385,570,80,1173.0,0.0204,66.5,0.0,0.0,0.0,0.0,0.0,0.1
02/01/2022 00:00:00,716691,7,405,S,OR,,113,100,48.0,0.0063,,,,,,,
02/01/2022 00:00:00,716692,7,405,N,OR,,114,100,46.0,0.0049,,,,,,,
02/01/2022 00:00:00,716694,7,405,N,ML,0.488,568,80,926.0,0.0164,67.3,0.0,0.0,0.0,0.0,0.0,0.1
02/01/2022 00:00:00,716699,7,405,S,OR,,112,100,231.0,0.0182,,,,,,,
02/01/2022 00:00:00,716700,7,405,S,OR,,114,100,27.0,0.0028,,,,,,,
02/01/2022 00:00:00,716709,7,405,S,OR,,114,100,48.0,0.0032,,,,,,,
02/01/2022 00:00:00,716712,7,405,S,OR,,114,100,80.0,0.0074,,,,,,,
02/01/2022 00:00:00,716713,7,405,N,OR,,114,100,81.0,0.0092,,,,,,,
02/01/2022 00:00:00,716714,7,405,N,ML,0.22,569,100,1714.0,0.0249,70.6,0.0,0.0,0.0,0.0,0.0,0.0
02/01/2022 00:00:00,716719,7,405,S,ML,0.335,0,0,2161.0,0.0782,62.5,0.0,0.0,0.0,0.0,0.1,0.2
02/01/2022 00:00:00,716720,7,405,N,ML,0.41,0,0,2320.0,0.0465,63.6,0.0,0.0,0.0,0.0,0.0,0.3
02/01/2022 00:00:00,716721,7,405,S,OR,,114,100,223.0,0.0131,,,,,,,
02/01/2022 00:00:00,716723,7,405,S,OR,,114,100,84.0,0.0077,,,,,,,
02/01/2022 00:00:00,716724,7,405,N,OR,,114,100,148.0,0.0141,,,,,,,
02/01/2022 00:00:00,716725,7,405,S,OR,,114,100,115.0,0.0086,,,,,,,
02/01/2022 00:00:00,716727,7,405,N,OR,,114,100,30.0,0.0034,,,,,,,
02/01/2022 00:00:00,716728,7,405,S,OR,,114,100,70.0,0.0081,,,,,,,
02/01/2022 00:00:00,716729,7,405,N,OR,,114,100,480.0,0.0511,,,,,,,
02/01/2022 00:00:00,716731,7,405,N,OR,,114,100,7.0,0.0007,,,,,,,
02/01/2022 00:00:00,716732,7,405,S,OR,,114,100,0.0,0.0,,,,,,,
02/01/2022 00:00:00,716733,7,405,N,ML,0.59,570,100,1615.0,0.023,71.6,0.0,0.0,0.0,0.0,0.0,0.0
02/01/2022 00:00:00,716735,7,405,S,OR,,114,100,15.0,0.0012,,,,,,,
02/01/2022 00:00:00,716736,7,405,N,OR,,114,100,20.0,0.002,,,,,,,
02/01/2022 00:00:00,716738,7,405,N,ML,0.605,684,67,1950.0,0.0252,67.9,0.0,0.0,0.0,0.0,0.0,0.1
02/01/2022 00:00:00,716739,7,405,N,ML,0.425,0,0,2429.0,0.0356,67.0,0.0,0.0,0.0,0.0,0.0,0.1
02/01/2022 00:00:00,716740,7,405,S,FR,,113,100,27.0,0.0029,,,,,,,
02/01/2022 00:00:00,716741,7,405,S,OR,,114,100,13.0,0.0016,,,,,,,
02/01/2022 00:00:00,716742,7,101,S,OR,,114,100,42.0,0.0048,,,,,,,
02/01/2022 00:00:00,716743,7,405,N,OR,,114,100,26.0,0.0024,,,,,,,
02/01/2022 00:00:00,716744,7,405,S,OR,,113,100,29.0,0.0067,,,,,,,
02/01/2022 00:00:00,716745,7,405,N,OR,,114,100,44.0,0.0035,,,,,,,
02/01/2022 00:00:00,716746,7,405,N,OR,,114,100,66.0,0.0091,,,,,,,
02/01/2022 00:00:00,716747,7,405,S,OR,,114,100,66.0,0.0097,,,,,,,
02/01/2022 00:00:00,716748,7,405,S,OR,,114,100,78.0,0.0093,,,,,,,
02/01/2022 00:00:00,716751,7,405,N,OR,,114,100,177.0,0.0234,,,,,,,
02/01/2022 00:00:00,716754,7,405,S,OR,,114,100,23.0,0.002,,,,,,,
02/01/2022 00:00:00,716755,7,405,S,OR,,114,100,22.0,0.003,,,,,,,
02/01/2022 00:00:00,716756,7,605,N,OR,,113,100,44.0,0.0059,,,,,,,
02/01/2022 00:00:00,716758,7,605,N,OR,,113,100,53.0,0.007,,,,,,,
02/01/2022 00:00:00,716760,7,605,N,ML,0.47,456,100,750.0,0.0135,65.6,0.0,0.0,0.0,0.1,0.1,0.1
02/01/2022 00:00:00,716761,7,605,N,OR,,114,100,23.0,0.0035,,,,,,,
02/01/2022 00:00:00,716762,7,605,N,OR,,114,100,64.0,0.0052,,,,,,,
02/01/2022 00:00:00,716763,7,605,N,OR,,113,100,39.0,0.006,,,,,,,
02/01/2022 00:00:00,716768,7,605,S,OR,,114,100,24.0,0.001,,,,,,,
02/01/2022 00:00:00,716769,7,605,S,OR,,109,100,94.0,0.0116,,,,,,,
02/01/2022 00:00:00,716772,7,605,S,OR,,114,100,54.0,0.0117,,,,,,,
02/01/2022 00:00:00,716773,7,605,S,OR,,112,100,48.0,0.0047,,,,,,,
02/01/2022 00:00:00,716774,7,605,S,OR,,114,100,17.0,0.0025,,,,,,,
02/01/2022 00:00:00,716775,7,605,S,ML,0.535,0,0,1396.0,0.0294,64.0,0.0,0.0,0.0,0.0,0.0,0.0
02/01/2022 00:00:00,716776,7,605,S,ML,0.56,0,0,1385.0,0.0247,68.1,0.0,0.0,0.0,0.0,0.0,0.0
02/01/2022 00:00:00,716778,7,605,S,ML,0.42,0,0,2184.0,0.0298,65.9,0.0,0.0,0.0,0.0,0.0,0.0
02/01/2022 00:00:00,716779,7,605,S,OR,,113,100,38.0,0.0028,,,,,,,
02/01/2022 00:00:00,716780,7,605,N,OR,,112,100,51.0,0.0073,,,,,,,
02/01/2022 00:00:00,716781,7,605,S,OR,,113,100,26.0,0.0041,,,,,,,
02/01/2022 00:00:00,716784,7,605,N,ML,0.465,570,100,1061.0,0.015,68.5,0.0,0.0,0.0,0.1,0.1,0.1
02/01/2022 00:00:00,716785,7,605,S,OR,,114,100,17.0,0.0015,,,,,,,
02/01/2022 00:00:00,716788,7,605,N,ML,0.24,228,40,1316.0,0.0203,68.1,0.0,0.0,0.0,0.0,0.0,0.0
02/01/2022 00:00:00,716792,7,605,S,OR,,114,50,64.0,0.0013,,,,,,,
02/01/2022 00:00:00,716794,7,605,N,OR,,114,100,80.0,0.0099,,,,,,,
02/01/2022 00:00:00,716795,7,605,S,OR,,114,100,84.0,0.0092,,,,,,,
02/01/2022 00:00:00,716797,7,605,S,ML,0.598,0,0,1715.0,0.0339,67.6,0.0,0.0,0.0,0.0,0.0,0.0
02/01/2022 00:00:00,716800,7,605,N,ML,0.557,0,0,1603.0,0.0361,70.2,0.0,0.0,0.0,0.0,0.0,0.0
02/01/2022 00:00:00,716804,7,605,S,OR,,114,100,35.0,0.005,,,,,,,
02/01/2022 00:00:00,716807,7,605,N,OR,,114,100,59.0,0.007,,,,,,,
02/01/2022 00:00:00,716808,7,605,S,FR,,114,100,51.0,0.005,,,,,,,
02/01/2022 00:00:00,716810,7,605,S,ML,0.453,0,0,2359.0,0.0946,59.6,0.0,0.0,0.0,0.0,0.1,0.7
02/01/2022 00:00:00,716811,7,605,S,OR,,114,100,54.0,0.0018,,,,,,,
02/01/2022 00:00:00,716812,7,605,N,OR,,114,100,34.0,0.0012,,,,,,,
02/01/2022 00:00:00,716813,7,605,S,OR,,114,100,45.0,0.0063,,,,,,,
02/01/2022 00:00:00,716819,7,605,N,ML,0.473,0,0,1385.0,0.0247,68.1,0.0,0.0,0.0,0.0,0.0,0.0
02/01/2022 00:00:00,716821,7,605,S,OR,,114,100,26.0,0.0037,,,,,,,
02/01/2022 00:00:00,716823,7,605,N,OR,,114,100,19.0,0.0027,,,,,,,
02/01/2022 00:00:00,716824,7,605,S,FR,,114,100,182.0,0.0282,,,,,,,
02/01/2022 00:00:00,716827,7,605,N,OR,,114,100,35.0,0.0058,,,,,,,
02/01/2022 00:00:00,716828,7,605,S,OR,,113,100,25.0,0.0051,,,,,,,
02/01/2022 00:00:00,716829,7,605,N,ML,0.97,0,0,1320.0,0.0475,66.2,0.0,0.0,0.0,0.0,0.0,0.0
02/01/2022 00:00:00,716834,7,605,N,ML,0.401,456,100,1252.0,0.0264,64.6,0.0,0.0,0.0,0.0,0.0,0.1
02/01/2022 00:00:00,716837,7,605,N,OR,,114,100,45.0,0.005,,,,,,,
02/01/2022 00:00:00,716838,7,605,S,OR,,114,100,114.0,0.0105,,,,,,,
02/01/2022 00:00:00,716841,7,605,N,ML,0.426,456,100,886.0,0.0147,65.6,0.0,0.0,0.0,0.0,0.0,0.0
02/01/2022 00:00:00,716842,7,605,N,OR,,114,100,29.0,0.0039,,,,,,,
02/01/2022 00:00:00,716843,7,710,S,OR,,114,100,94.0,0.0284,,,,,,,
02/01/2022 00:00:00,716844,7,710,N,OR,,113,100,20.0,0.0019,,,,,,,
02/01/2022 00:00:00,716845,7,710,S,OR,,113,100,29.0,0.0031,,,,,,,
02/01/2022 00:00:00,716847,7,710,S,ML,0.665,342,0,1420.0,0.0395,66.2,0.0,0.0,0.0,0.0,0.0,0.0
02/01/2022 00:00:00,716849,7,710,S,OR,,113,100,48.0,0.0069,,,,,,,
02/01/2022 00:00:00,716853,7,710,S,OR,,112,100,19.0,0.002,,,,,,,
02/01/2022 00:00:00,716857,7,710,S,ML,0.493,114,0,1383.0,0.0247,68.8,0.0,0.0,0.0,0.0,0.0,0.0
02/01/2022 00:00:00,716858,7,710,N,OR,,114,100,48.0,0.0067,,,,,,,
02/01/2022 00:00:00,716860,7,710,S,OR,,114,100,72.0,0.0124,,,,,,,
02/01/2022 00:00:00,716861,7,710,N,OR,,114,100,28.0,0.0035,,,,,,,
02/01/2022 00:00:00,716863,7,710,S,OR,,112,100,177.0,0.0167,,,,,,,
02/01/2022 00:00:00,716864,7,710,N,OR,,114,100,75.0,0.0106,,,,,,,
02/01/2022 00:00:00,716866,7,710,N,OR,,114,100,64.0,0.0024,,,,,,,
02/01/2022 00:00:00,716868,7,710,S,OR,,117,100,126.0,0.0189,,,,,,,
02/01/2022 00:00:00,716869,7,710,N,OR,,112,100,166.0,0.0252,,,,,,,
02/01/2022 00:00:00,716872,7,57,S,OR,,114,100,39.0,0.0023,,,,,,,
02/01/2022 00:00:00,716875,7,710,S,ML,0.265,480,0,1756.0,0.0451,64.4,0.0,0.0,0.0,0.0,0.0,0.0
02/01/2022 00:00:00,716880,7,60,W,OR,,114,100,0.0,0.0,,,,,,,
02/01/2022 00:00:00,716881,7,210,W,OR,,114,100,9.0,0.0007,,,,,,,
02/01/2022 00:00:00,716885,7,57,S,OR,,118,100,27.0,0.0033,,,,,,,
02/01/2022 00:00:00,716887,7,10,E,OR,,176,50,74.0,0.0023,,,,,,,
02/01/2022 00:00:00,716891,7,710,S,ML,0.435,0,0,1293.0,0.0432,65.7,0.0,0.0,0.0,0.0,0.0,0.0
02/01/2022 00:00:00,716893,7,60,E,OR,,120,100,11.0,0.0012,,,,,,,
02/01/2022 00:00:00,716895,7,5,S,ML,0.575,447,50,1363.0,0.0427,65.9,0.0,0.0,0.1,0.1,0.2,0.2
02/01/2022 00:00:00,716896,7,5,N,ML,0.455,0,0,1385.0,0.0247,68.1,0.0,0.0,0.0,0.0,0.0,0.0
02/01/2022 00:00:00,716898,7,5,S,ML,0.66,0,0,2029.0,0.0307,69.4,0.0,0.0,0.0,0.0,0.0,0.0
02/01/2022 00:00:00,716899,7,5,N,ML,0.425,0,0,1384.0,0.0247,68.2,0.0,0.0,0.0,0.0,0.0,0.0
02/01/2022 00:00:00,716900,7,5,N,ML,0.46,0,0,1384.0,0.0247,68.2,0.0,0.0,0.0,0.0,0.0,0.0
02/01/2022 00:00:00,716902,7,5,S,ML,0.385,0,0,1706.0,0.0295,68.4,0.0,0.0,0.0,0.0,0.0,0.0
02/01/2022 00:00:00,716904,7,5,N,ML,0.265,0,0,1706.0,0.0295,68.4,0.0,0.0,0.0,0.0,0.0,0.0
02/01/2022 00:00:00,716906,7,5,S,ML,0.5,0,0,2029.0,0.0307,69.4,0.0,0.0,0.0,0.0,0.0,0.0
02/01/2022 00:00:00,716907,7,5,S,ML,0.41,0,0,2029.0,0.0307,69.4,0.0,0.0,0.0,0.0,0.0,0.0
02/01/2022 00:00:00,716908,7,5,S,ML,0.635,0,0,2029.0,0.0307,69.4,0.0,0.0,0.0,0.0,0.0,0.0
02/01/2022 00:00:00,716911,7,5,S,ML,0.47,0,0,1706.0,0.0295,68.4,0.0,0.0,0.0,0.0,0.0,0.0
02/01/2022 00:00:00,716912,7,5,S,ML,0.875,0,0,2029.0,0.0307,69.4,0.0,0.0,0.0,0.0,0.0,0.0
02/01/2022 00:00:00,716916,7,5,S,ML,0.275,0,0,1480.0,0.0365,65.3,0.0,0.0,0.0,0.0,0.0,0.0
02/01/2022 00:00:00,716918,7,5,S,ML,0.36,456,100,1401.0,0.0309,69.0,0.0,0.0,0.0,0.0,0.0,0.0
02/01/2022 00:00:00,716920,7,5,S,ML,0.415,456,100,1170.0,0.0217,67.6,0.0,0.0,0.0,0.0,0.0,0.1
02/01/2022 00:00:00,716921,7,5,N,ML,0.415,456,75,1342.0,0.0255,67.5,0.0,0.0,0.0,0.0,0.0,0.0
02/01/2022 00:00:00,716922,7,5,S,ML,0.485,456,100,1345.0,0.0245,68.3,0.0,0.0,0.0,0.0,0.0,0.0
02/01/2022 00:00:00,716923,7,5,N,ML,0.485,456,100,1112.0,0.0204,68.0,0.0,0.0,0.0,0.0,0.0,0.1
02/01/2022 00:00:00,716924,7,5,S,ML,0.44,456,100,1248.0,0.0235,68.3,0.0,0.0,0.0,0.0,0.0,0.0
02/01/2022 00:00:00,716925,7,5,N,ML,0.44,455,100,1217.0,0.0263,67.0,0.0,0.0,0.0,0.0,0.0,0.1
02/01/2022 00:00:00,716928,7,5,S,ML,0.421,456,50,1237.0,0.0313,64.7,0.0,0.0,0.0,0.0,0.0,0.1
02/01/2022 00:00:00,716929,7,5,N,ML,0.421,456,100,1366.0,0.026,67.9,0.0,0.0,0.0,0.0,0.0,0.0
02/01/2022 00:00:00,716930,7,5,S,ML,0.323,456,100,1366.0,0.0291,63.9,0.0,0.0,0.0,0.0,0.2,0.4
02/01/2022 00:00:00,716933,7,5,N,ML,0.565,456,60,2099.0,0.0374,67.8,0.0,0.0,0.0,0.0,0.0,0.0
02/01/2022 00:00:00,716934,7,5,S,ML,0.546,567,100,917.0,0.0143,73.3,0.0,0.0,0.0,0.0,0.0,0.0
02/01/2022 00:00:00,716936,7,5,S,ML,0.4,570,100,863.0,0.0161,68.9,0.0,0.0,0.0,0.1,0.1,0.1
02/01/2022 00:00:00,716937,7,5,N,ML,0.495,0,0,1759.0,0.0288,69.5,0.0,0.0,0.0,0.0,0.0,0.0
02/01/2022 00:00:00,716938,7,5,S,ML,0.835,0,0,1762.0,0.0288,69.0,0.0,0.0,0.0,0.0,0.0,0.0
02/01/2022 00:00:00,716939,7,5,S,ML,0.72,0,0,1759.0,0.0288,69.5,0.0,0.0,0.0,0.0,0.0,0.0
02/01/2022 00:00:00,716940,7,5,S,ML,0.575,114,0,1759.0,0.0288,69.5,0.0,0.0,0.0,0.0,0.0,0.0
02/01/2022 00:00:00,716941,7,5,S,ML,0.39,0,0,1416.0,0.0467,62.7,0.0,0.0,0.0,0.0,0.0,0.1
02/01/2022 00:00:00,716942,7,5,N,ML,1.935,570,80,1327.0,0.0209,69.1,0.0,0.0,0.0,0.0,0.0,0.2
02/01/2022 00:00:00,716943,7,5,S,ML,0.43,342,50,1137.0,0.0309,64.8,0.0,0.0,0.0,0.0,0.0,0.0
02/01/2022 00:00:00,716944,7,5,S,ML,0.81,0,0,1526.0,0.0498,63.1,0.0,0.0,0.0,0.0,0.0,0.2
02/01/2022 00:00:00,716945,7,57,S,FR,,240,100,15.0,0.0007,,,,,,,
02/01/2022 00:00:00,716946,7,5,S,ML,0.625,0,0,1126.0,0.0313,69.6,0.0,0.0,0.0,0.0,0.0,0.0
02/01/2022 00:00:00,716949,7,5,S,ML,0.57,569,80,1359.0,0.0165,69.8,0.0,0.0,0.0,0.0,0.0,0.0
02/01/2022 00:00:00,716951,7,5,N,ML,0.735,0,0,1762.0,0.0288,68.8,0.0,0.0,0.0,0.0,0.0,0.0
02/01/2022 00:00:00,716952,7,5,N,FR,,228,50,37.0,0.0034,,,,,,,
02/01/2022 00:00:00,716953,7,5,N,ML,0.465,570,80,1711.0,0.0344,68.9,0.0,0.0,0.0,0.0,0.0,0.0
02/01/2022 00:00:00,716955,7,5,S,ML,0.465,0,0,2005.0,0.041,63.3,0.0,0.0,0.0,0.0,0.0,0.1
02/01/2022 00:00:00,716956,7,5,N,ML,0.55,570,60,1161.0,0.027,68.5,0.0,0.0,0.0,0.0,0.0,0.0
02/01/2022 00:00:00,716958,7,5,S,ML,0.704,0,0,1372.0,0.0446,62.4,0.0,0.0,0.0,0.0,0.0,0.2
02/01/2022 00:00:00,716959,7,5,S,CD,,228,50,13.0,0.0004,,,,,,,
02/01/2022 00:00:00,716960,7,5,S,ML,0.48,342,75,1235.0,0.0421,64.3,0.0,0.0,0.0,0.1,0.1,0.3
02/01/2022 00:00:00,716963,7,5,N,ML,0.36,227,25,1457.0,0.0382,64.3,0.0,0.0,0.0,0.0,0.0,0.0
02/01/2022 00:00:00,716965,7,5,S,ML,0.27,0,0,1661.0,0.04,63.7,0.0,0.0,0.0,0.0,0.0,0.0
02/01/2022 00:00:00,716968,7,5,N,ML,0.315,455,100,846.0,0.0158,67.0,0.0,0.0,0.0,0.0,0.0,0.0
02/01/2022 00:00:00,716971,7,5,N,ML,0.265,456,100,1021.0,0.0218,69.0,0.0,0.0,0.0,0.0,0.0,0.0
02/01/2022 00:00:00,716973,7,5,N,ML,0.435,456,75,1203.0,0.0264,67.1,0.0,0.0,0.0,0.0,0.0,0.0
02/01/2022 00:00:00,716974,7,5,N,ML,0.76,456,50,1312.0,0.0341,65.6,0.0,0.0,0.0,0.0,0.0,0.0
02/01/2022 00:00:00,716975,7,5,S,ML,0.505,0,0,150.0,0.0064,65.1,0.0,0.0,0.0,0.0,0.0,0.0
02/01/2022 00:00:00,716977,7,5,S,ML,0.495,0,0,1624.0,0.0418,63.3,0.0,0.0,0.0,0.0,0.0,0.1
02/01/2022 00:00:00,716978,7,5,N,ML,0.71,0,0,1856.0,0.0519,67.1,0.0,0.0,0.0,0.0,0.0,0.0
02/01/2022 00:00:00,716979,7,5,S,ML,0.765,0,0,150.0,0.0064,65.1,0.0,0.0,0.0,0.0,0.0,0.0
02/01/2022 00:00:00,716981,7,5,N,ML,0.72,0,0,150.0,0.0064,65.1,0.0,0.0,0.0,0.0,0.0,0.0
02/01/2022 00:00:00,716983,7,5,S,ML,0.795,0,0,150.0,0.0064,65.1,0.0,0.0,0.0,0.0,0.0,0.0
02/01/2022 00:00:00,716985,7,5,N,ML,0.86,0,0,150.0,0.0064,65.1,0.0,0.0,0.0,0.0,0.0,0.0
02/01/2022 00:00:00,716986,7,5,S,ML,0.905,0,0,150.0,0.0064,65.1,0.0,0.0,0.0,0.0,0.0,0.0
02/01/2022 00:00:00,716988,7,5,N,ML,1.155,0,0,150.0,0.0064,65.1,0.0,0.0,0.0,0.0,0.0,0.0
02/01/2022 00:00:00,716989,7,5,S,ML,0.65,0,0,150.0,0.0064,65.1,0.0,0.0,0.0,0.0,0.0,0.0
02/01/2022 00:00:00,716990,7,5,N,ML,0.915,0,0,150.0,0.0064,65.1,0.0,0.0,0.0,0.0,0.0,0.0
02/01/2022 00:00:00,716991,7,5,S,ML,0.505,0,0,150.0,0.0064,65.1,0.0,0.0,0.0,0.0,0.0,0.0
02/01/2022 00:00:00,716993,7,5,S,ML,0.65,0,0,150.0,0.0064,65.1,0.0,0.0,0.0,0.0,0.0,0.0
02/01/2022 00:00:00,716994,7,5,N,ML,0.51,0,0,150.0,0.0064,65.1,0.0,0.0,0.0,0.0,0.0,0.0
02/01/2022 00:00:00,716996,7,5,S,ML,0.415,0,0,150.0,0.0064,65.1,0.0,0.0,0.0,0.0,0.0,0.0
02/01/2022 00:00:00,716997,7,5,N,ML,0.55,0,0,150.0,0.0064,65.1,0.0,0.0,0.0,0.0,0.0,0.0
02/01/2022 00:00:00,716999,7,5,S,ML,0.48,0,0,150.0,0.0064,65.1,0.0,0.0,0.0,0.0,0.0,0.0
02/01/2022 00:00:00,717000,7,5,N,ML,0.84,0,0,1429.0,0.0325,66.2,0.0,0.0,0.0,0.0,0.0,0.2
02/01/2022 00:00:00,717001,7,5,S,ML,0.84,0,0,1145.0,0.0282,64.1,0.0,0.0,0.0,0.0,0.0,0.2
02/01/2022 00:00:00,717002,7,5,S,ML,0.54,456,100,929.0,0.0155,68.1,0.0,0.0,0.0,0.0,0.0,0.0
02/01/2022 00:00:00,717004,7,5,S,ML,0.27,684,83,1404.0,0.0201,68.5,0.0,0.0,0.0,0.0,0.0,0.0
02/01/2022 00:00:00,717005,7,5,S,FR,,228,50,47.0,0.003,,,,,,,
02/01/2022 00:00:00,717006,7,5,S,ML,0.435,0,0,1804.0,0.0279,65.8,0.0,0.0,0.0,0.0,0.0,0.0
02/01/2022 00:00:00,717008,7,10,E,ML,0.36,0,0,2135.0,0.0418,63.8,0.0,0.0,0.0,0.0,0.0,0.1
02/01/2022 00:00:00,717009,7,10,E,ML,0.535,0,0,2067.0,0.0294,70.3,0.0,0.0,0.0,0.0,0.0,0.0
02/01/2022 00:00:00,717011,7,10,E,ML,0.28,570,100,1259.0,0.0148,71.8,0.0,0.0,0.0,0.0,0.0,0.0
02/01/2022 00:00:00,717012,7,10,W,ML,0.46,0,0,1762.0,0.0288,68.8,0.0,0.0,0.0,0.0,0.0,0.0
02/01/2022 00:00:00,717014,7,10,E,ML,0.325,0,0,1385.0,0.0247,68.1,0.0,0.0,0.0,0.0,0.0,0.0
02/01/2022 00:00:00,717015,7,10,W,ML,0.425,0,0,1762.0,0.0288,68.8,0.0,0.0,0.0,0.0,0.0,0.0
02/01/2022 00:00:00,717016,7,10,E,ML,0.23,0,0,1385.0,0.0247,68.1,0.0,0.0,0.0,0.0,0.0,0.0
02/01/2022 00:00:00,717019,7,10,W,ML,0.535,0,0,1762.0,0.0288,68.8,0.0,0.0,0.0,0.0,0.0,0.0
02/01/2022 00:00:00,717020,7,10,E,ML,0.25,0,0,1385.0,0.0247,68.1,0.0,0.0,0.0,0.0,0.0,0.0
02/01/2022 00:00:00,717022,7,10,E,ML,0.295,0,0,2067.0,0.0294,70.3,0.0,0.0,0.0,0.0,0.0,0.0
02/01/2022 00:00:00,717026,7,10,W,ML,0.15,0,0,1762.0,0.0288,68.8,0.0,0.0,0.0,0.0,0.0,0.0
02/01/2022 00:00:00,717027,7,10,E,FR,,114,100,95.0,0.0175,,,,,,,
02/01/2022 00:00:00,717028,7,10,E,ML,0.2,342,75,1706.0,0.0261,66.8,0.0,0.0,0.0,0.0,0.0,0.0
02/01/2022 00:00:00,717029,7,10,W,ML,0.265,0,0,1762.0,0.0288,68.8,0.0,0.0,0.0,0.0,0.0,0.0
02/01/2022 00:00:00,717031,7,10,W,ML,0.25,0,0,1759.0,0.0288,69.5,0.0,0.0,0.0,0.0,0.0,0.0
02/01/2022 00:00:00,717032,7,10,E,ML,0.585,456,80,1687.0,0.0232,70.4,0.0,0.0,0.0,0.0,0.0,0.0
02/01/2022 00:00:00,717033,7,10,W,ML,0.515,570,80,914.0,0.0111,70.1,0.0,0.0,0.0,0.0,0.0,0.0
02/01/2022 00:00:00,717035,7,10,E,ML,0.455,0,0,1835.0,0.0303,65.6,0.0,0.0,0.0,0.0,0.0,0.0
02/01/2022 00:00:00,717036,7,10,W,ML,0.235,0,0,1762.0,0.0288,68.8,0.0,0.0,0.0,0.0,0.0,0.0
02/01/2022 00:00:00,717039,7,10,E,ML,0.43,0,0,1710.0,0.0339,68.2,0.0,0.0,0.0,0.0,0.0,0.0
02/01/2022 00:00:00,717040,7,10,W,ML,0.255,0,0,1385.0,0.0247,68.1,0.0,0.0,0.0,0.0,0.0,0.0
02/01/2022 00:00:00,717041,7,10,W,ML,0.29,0,0,1385.0,0.0247,68.1,0.0,0.0,0.0,0.0,0.0,0.0
02/01/2022 00:00:00,717042,7,10,E,ML,0.255,0,0,2220.0,0.0339,68.4,0.0,0.0,0.0,0.0,0.0,0.0
02/01/2022 00:00:00,717043,7,10,W,ML,0.21,0,0,1383.0,0.0247,68.8,0.0,0.0,0.0,0.0,0.0,0.0
02/01/2022 00:00:00,717045,7,10,W,ML,0.275,0,0,1389.0,0.0247,68.5,0.0,0.0,0.0,0.0,0.0,0.0
02/01/2022 00:00:00,717046,7,10,E,ML,0.145,0,0,2223.0,0.0339,69.1,0.0,0.0,0.0,0.0,0.0,0.0
02/01/2022 00:00:00,717047,7,10,W,ML,0.306,342,100,417.0,0.0085,68.9,0.0,0.0,0.0,0.0,0.0,0.0
02/01/2022 00:00:00,717049,7,10,W,ML,0.245,342,100,424.0,0.008,68.3,0.0,0.0,0.0,0.0,0.0,0.0
02/01/2022 00:00:00,717052,7,10,W,ML,0.185,456,100,688.0,0.0126,68.2,0.0,0.0,0.0,0.0,0.0,0.0
02/01/2022 00:00:00,717053,7,10,W,FR,,114,100,139.0,0.0115,,,,,,,
02/01/2022 00:00:00,717055,7,10,W,ML,0.28,456,100,659.0,0.0119,68.0,0.0,0.0,0.0,0.0,0.0,0.0
02/01/2022 00:00:00,717056,7,10,W,HV,0.28,228,100,24.0,0.0011,65.0,0.0,0.0,0.0,0.0,0.0,0.0
02/01/2022 00:00:00,717059,7,10,E,ML,0.315,609,17,1419.0,0.0177,67.0,0.0,0.0,0.0,0.0,0.0,0.0
02/01/2022 00:00:00,717060,7,10,W,ML,0.38,684,83,986.0,0.0121,69.3,0.0,0.0,0.0,0.0,0.0,0.0
02/01/2022 00:00:00,717065,7,10,W,ML,0.19,456,50,923.0,0.0206,64.6,0.0,0.0,0.0,0.0,0.0,0.0
02/01/2022 00:00:00,717070,7,10,E,ML,0.25,456,100,1321.0,0.0212,67.8,0.0,0.0,0.0,0.0,0.0,0.0
02/01/2022 00:00:00,717071,7,10,W,ML,0.39,342,100,716.0,0.0167,67.9,0.0,0.0,0.0,0.0,0.0,0.0
02/01/2022 00:00:00,717072,7,10,W,FR,,114,100,60.0,0.0096,,,,,,,
02/01/2022 00:00:00,717073,7,10,W,ML,0.395,456,100,2828.0,0.2353,76.2,0.0,0.0,0.0,0.0,0.0,0.0
02/01/2022 00:00:00,717074,7,10,E,FR,,114,100,53.0,0.0059,,,,,,,
02/01/2022 00:00:00,717075,7,10,E,ML,0.32,456,100,1447.0,0.0209,68.2,0.0,0.0,0.0,0.0,0.0,0.1
02/01/2022 00:00:00,717076,7,10,E,FR,,114,100,56.0,0.01,,,,,,,
02/01/2022 00:00:00,717077,7,10,E,ML,0.235,456,100,1484.0,0.0245,68.0,0.0,0.0,0.0,0.0,0.0,0.1
02/01/2022 00:00:00,717078,7,10,W,FR,,114,100,61.0,0.0103,,,,,,,
02/01/2022 00:00:00,717079,7,10,W,ML,0.28,455,100,961.0,0.0153,68.6,0.0,0.0,0.0,0.0,0.0,0.0
02/01/2022 00:00:00,717080,7,10,W,FR,,114,100,75.0,0.0144,,,,,,,
02/01/2022 00:00:00,717081,7,10,W,ML,0.33,456,100,1043.0,0.0215,69.2,0.0,0.0,0.0,0.0,0.0,0.0
02/01/2022 00:00:00,717082,7,10,E,FR,,114,100,89.0,0.0167,,,,,,,
02/01/2022 00:00:00,717083,7,10,E,ML,0.195,456,100,1479.0,0.0267,68.8,0.0,0.0,0.0,0.0,0.0,0.0
02/01/2022 00:00:00,717084,7,10,E,ML,0.37,456,100,1609.0,0.0252,69.2,0.0,0.0,0.0,0.0,0.0,0.0
02/01/2022 00:00:00,717086,7,10,W,FR,,114,100,59.0,0.0103,,,,,,,
02/01/2022 00:00:00,717087,7,10,W,ML,0.33,455,100,1043.0,0.0173,69.3,0.0,0.0,0.0,0.0,0.0,0.0
02/01/2022 00:00:00,717088,7,10,E,FR,,114,100,43.0,0.008,,,,,,,
02/01/2022 00:00:00,717089,7,10,E,ML,0.325,456,100,1431.0,0.0235,68.2,0.0,0.0,0.0,0.0,0.0,0.0
02/01/2022 00:00:00,717090,7,10,W,FR,,114,100,70.0,0.0121,,,,,,,
02/01/2022 00:00:00,717091,7,10,W,ML,0.18,456,100,1032.0,0.018,69.4,0.0,0.0,0.0,0.0,0.0,0.0
02/01/2022 00:00:00,717092,7,10,E,FR,,114,100,48.0,0.0091,,,,,,,
02/01/2022 00:00:00,717093,7,10,E,ML,0.275,456,100,1561.0,0.0257,69.2,0.0,0.0,0.0,0.0,0.0,0.0
02/01/2022 00:00:00,717094,7,10,W,FR,,114,100,62.0,0.0119,,,,,,,
02/01/2022 00:00:00,717095,7,10,W,ML,0.29,341,75,1082.0,0.0219,66.9,0.0,0.0,0.0,0.0,0.0,0.0
02/01/2022 00:00:00,717096,7,10,E,FR,,114,100,44.0,0.0089,,,,,,,
02/01/2022 00:00:00,717097,7,10,E,ML,0.245,113,2,1733.0,0.0412,55.1,0.0,0.3,0.6,0.8,1.0,1.2
02/01/2022 00:00:00,717099,7,134,W,ML,0.855,0,0,844.0,0.0266,63.0,0.0,0.0,0.0,0.0,0.0,0.2
02/01/2022 00:00:00,717100,7,10,W,FR,,114,100,44.0,0.0072,,,,,,,
02/01/2022 00:00:00,717101,7,10,W,ML,0.235,455,100,1063.0,0.019,69.3,0.0,0.0,0.0,0.0,0.0,0.0
02/01/2022 00:00:00,717105,7,10,E,ML,0.26,0,0,1293.0,0.0207,65.0,0.0,0.0,0.0,0.0,0.0,0.0
02/01/2022 00:00:00,717107,7,210,W,OR,,114,100,31.0,0.0034,,,,,,,
02/01/2022 00:00:00,717108,7,10,W,ML,0.25,456,100,1131.0,0.0195,68.2,0.0,0.0,0.0,0.0,0.0,0.0
02/01/2022 00:00:00,717110,7,10,E,ML,0.255,456,100,1488.0,0.024,67.8,0.0,0.0,0.0,0.0,0.0,0.1
02/01/2022 00:00:00,717112,7,10,W,ML,0.265,0,0,1166.0,0.0279,65.5,0.0,0.0,0.0,0.0,0.0,0.0
02/01/2022 00:00:00,717114,7,10,E,ML,0.25,0,0,1493.0,0.0463,64.6,0.0,0.0,0.0,0.0,0.0,0.0
02/01/2022 00:00:00,717115,7,10,W,FR,,114,100,44.0,0.0088,,,,,,,
02/01/2022 00:00:00,717116,7,10,W,ML,0.255,456,100,1108.0,0.0183,68.9,0.0,0.0,0.0,0.0,0.0,0.0
02/01/2022 00:00:00,717117,7,10,E,FR,,114,100,82.0,0.0138,,,,,,,
02/01/2022 00:00:00,717119,7,10,W,ML,0.246,0,0,1283.0,0.0242,64.8,0.0,0.0,0.0,0.0,0.0,0.0
02/01/2022 00:00:00,717120,7,10,W,FR,,114,100,45.0,0.0071,,,,,,,
02/01/2022 00:00:00,717121,7,10,W,ML,0.445,456,100,923.0,0.0143,68.4,0.0,0.0,0.0,0.0,0.0,0.0
02/01/2022 00:00:00,717123,7,10,E,ML,0.45,0,0,1668.0,0.0451,62.8,0.0,0.0,0.0,0.0,0.0,0.2
02/01/2022 00:00:00,717125,7,10,W,ML,0.309,0,0,1175.0,0.0229,64.2,0.0,0.0,0.0,0.0,0.0,0.0
02/01/2022 00:00:00,717126,7,10,E,FR,,114,100,79.0,0.0118,,,,,,,
02/01/2022 00:00:00,717127,7,10,E,ML,0.315,456,100,1439.0,0.0266,67.7,0.0,0.0,0.0,0.1,0.1,0.1
02/01/2022 00:00:00,717128,7,10,W,FR,,114,100,63.0,0.0085,,,,,,,
02/01/2022 00:00:00,717129,7,10,W,ML,0.17,456,100,1078.0,0.0174,69.8,0.0,0.0,0.0,0.0,0.0,0.0
02/01/2022 00:00:00,717130,7,10,E,FR,,114,100,91.0,0.0138,,,,,,,
02/01/2022 00:00:00,717131,7,10,E,ML,0.165,456,100,1435.0,0.023,69.6,0.0,0.0,0.0,0.0,0.0,0.0
02/01/2022 00:00:00,717133,7,10,E,ML,0.445,0,0,1348.0,0.0344,66.5,0.0,0.0,0.0,0.0,0.0,0.0
02/01/2022 00:00:00,717134,7,10,W,ML,0.36,0,0,1809.0,0.0477,65.1,0.0,0.0,0.0,0.0,0.0,0.0
02/01/2022 00:00:00,717135,7,10,W,ML,0.48,456,100,2364.0,0.0369,71.0,0.0,0.0,0.0,0.0,0.0,0.0
02/01/2022 00:00:00,717136,7,10,E,ML,0.485,570,0,1383.0,0.0247,68.8,0.0,0.0,0.0,0.0,0.0,0.0
02/01/2022 00:00:00,717139,7,10,W,ML,0.465,0,0,1728.0,0.0448,65.0,0.0,0.0,0.0,0.0,0.0,0.1
02/01/2022 00:00:00,717140,7,10,E,HV,0.554,0,0,149.0,0.0064,65.1,0.0,0.0,0.0,0.0,0.0,0.0
02/01/2022 00:00:00,717141,7,10,W,FR,,114,100,72.0,0.0389,,,,,,,
02/01/2022 00:00:00,717142,7,10,W,ML,0.505,456,100,1018.0,0.0167,68.9,0.0,0.0,0.0,0.0,0.0,0.0
02/01/2022 00:00:00,717143,7,605,N,ML,0.325,455,100,704.0,0.0124,67.9,0.0,0.0,0.0,0.0,0.0,0.0
02/01/2022 00:00:00,717145,7,10,E,FR,,114,100,73.0,0.0086,,,,,,,
02/01/2022 00:00:00,717146,7,10,E,ML,0.505,456,100,1339.0,0.0217,68.6,0.0,0.0,0.0,0.0,0.0,0.0
02/01/2022 00:00:00,717148,7,10,E,HV,0.505,114,100,50.0,0.0026,64.9,0.0,0.0,0.0,0.0,0.0,0.0
02/01/2022 00:00:00,717149,7,10,W,FR,,114,100,17.0,0.0025,,,,,,,
02/01/2022 00:00:00,717150,7,10,W,ML,0.256,570,100,1021.0,0.0135,75.6,0.0,0.0,0.0,0.0,0.0,0.0
02/01/2022 00:00:00,717152,7,10,E,ML,0.44,456,100,927.0,0.0151,71.1,0.0,0.0,0.0,0.0,0.0,0.0
02/01/2022 00:00:00,717153,7,10,W,FR,,114,100,16.0,0.0023,,,,,,,
02/01/2022 00:00:00,717154,7,10,W,ML,0.32,570,100,991.0,0.0132,73.5,0.0,0.0,0.0,0.0,0.0,0.0
02/01/2022 00:00:00,717155,7,10,E,ML,0.59,0,0,1505.0,0.0392,63.8,0.0,0.0,0.0,0.0,0.0,0.1
02/01/2022 00:00:00,717156,7,10,E,ML,0.66,0,0,1580.0,0.0334,64.5,0.0,0.0,0.0,0.0,0.0,0.1
02/01/2022 00:00:00,717157,7,10,W,ML,0.66,0,0,1385.0,0.0247,68.1,0.0,0.0,0.0,0.0,0.0,0.0
02/01/2022 00:00:00,717158,7,10,E,HV,1.01,0,0,149.0,0.0064,65.1,0.0,0.0,0.0,0.0,0.0,0.0
02/01/2022 00:00:00,717159,7,10,W,FR,,239,100,124.0,0.0071,,,,,,,
02/01/2022 00:00:00,717160,7,10,W,ML,0.455,120,25,1193.0,0.044,63.3,0.0,0.0,0.0,0.0,0.0,0.1
02/01/2022 00:00:00,717162,7,10,W,ML,0.305,480,100,941.0,0.0171,68.6,0.0,0.0,0.0,0.0,0.0,0.0
02/01/2022 00:00:00,717164,7,10,E,FR,,120,100,34.0,0.0061,,,,,,,
02/01/2022 00:00:00,717165,7,10,E,ML,0.25,120,25,464.0,0.0134,66.3,0.0,0.0,0.0,0.0,0.0,0.0
02/01/2022 00:00:00,717166,7,10,W,FR,,118,100,54.0,0.0117,,,,,,,
02/01/2022 00:00:00,717167,7,10,W,ML,0.145,479,100,914.0,0.0158,68.7,0.0,0.0,0.0,0.0,0.0,0.0
02/01/2022 00:00:00,717169,7,10,W,ML,0.49,456,0,1355.0,0.0414,65.0,0.0,0.0,0.0,0.0,0.0,0.0
02/01/2022 00:00:00,717171,7,10,W,ML,0.595,227,50,1214.0,0.0259,67.4,0.0,0.0,0.0,0.0,0.0,0.0
02/01/2022 00:00:00,717174,7,10,E,ML,0.75,0,0,993.0,0.0328,62.7,0.0,0.0,0.0,0.0,0.0,0.1
02/01/2022 00:00:00,717176,7,10,W,ML,0.45,0,0,1514.0,0.0401,64.8,0.0,0.0,0.0,0.0,0.0,0.0
02/01/2022 00:00:00,717178,7,10,E,FR,,228,50,85.0,0.0053,,,,,,,
02/01/2022 00:00:00,717179,7,10,E,ML,0.45,228,50,789.0,0.0227,64.4,0.0,0.0,0.0,0.0,0.0,0.0
02/01/2022 00:00:00,717184,7,10,E,FR,,228,50,64.0,0.0028,,,,,,,
02/01/2022 00:00:00,717185,7,10,E,ML,0.3,228,50,1005.0,0.0261,63.8,0.0,0.0,0.0,0.0,0.0,0.0
02/01/2022 00:00:00,717187,7,10,W,ML,0.275,228,50,1267.0,0.0304,67.2,0.0,0.0,0.0,0.0,0.0,0.0
02/01/2022 00:00:00,717190,7,10,E,ML,0.27,228,50,1005.0,0.0269,64.4,0.0,0.0,0.0,0.0,0.0,0.0
02/01/2022 00:00:00,717192,7,10,W,ML,0.27,228,50,1290.0,0.0298,67.8,0.0,0.0,0.0,0.0,0.0,0.0
02/01/2022 00:00:00,717194,7,10,E,FR,,114,100,102.0,0.0091,,,,,,,
02/01/2022 00:00:00,717195,7,10,E,ML,0.332,228,50,1157.0,0.0286,64.9,0.0,0.0,0.0,0.0,0.0,0.0
02/01/2022 00:00:00,717196,7,10,W,ML,0.314,342,25,1369.0,0.0352,66.8,0.0,0.0,0.0,0.0,0.0,0.0
02/01/2022 00:00:00,717198,7,10,E,ML,0.27,114,25,1305.0,0.0352,64.1,0.0,0.0,0.0,0.0,0.0,0.0
02/01/2022 00:00:00,717200,7,10,W,ML,0.295,228,50,1252.0,0.0305,66.9,0.0,0.0,0.0,0.0,0.0,0.0
02/01/2022 00:00:00,717202,7,10,W,ML,0.26,456,0,1475.0,0.0434,62.7,0.0,0.0,0.0,0.0,0.0,0.1
02/01/2022 00:00:00,717205,7,10,E,ML,0.545,445,0,1470.0,0.0376,64.6,0.0,0.0,0.0,0.0,0.0,0.0
02/01/2022 00:00:00,717206,7,10,W,FR,,114,100,33.0,0.0035,,,,,,,
02/01/2022 00:00:00,717207,7,10,W,ML,0.245,456,0,2025.0,0.0307,69.3,0.0,0.0,0.0,0.0,0.0,0.0
02/01/2022 00:00:00,717209,7,10,W,ML,0.275,415,0,2025.0,0.0307,69.3,0.0,0.0,0.0,0.0,0.0,0.0
02/01/2022 00:00:00,717211,7,10,W,ML,0.235,400,0,1610.0,0.0231,71.0,0.0,0.0,0.0,0.0,0.0,0.0
02/01/2022 00:00:00,717213,7,10,E,FR,,114,100,96.0,0.0084,,,,,,,
02/01/2022 00:00:00,717214,7,10,E,ML,0.43,570,40,1278.0,0.0279,68.2,0.0,0.0,0.0,0.0,0.0,0.0
02/01/2022 00:00:00,717216,7,10,W,ML,0.41,0,0,1206.0,0.0287,64.4,0.0,0.0,0.0,0.0,0.0,0.0
02/01/2022 00:00:00,717218,7,10,E,FR,,114,100,9.0,0.0009,,,,,,,
02/01/2022 00:00:00,717219,7,10,E,ML,0.33,570,80,1164.0,0.0184,69.3,0.0,0.0,0.0,0.0,0.0,0.0
02/01/2022 00:00:00,717220,7,10,W,ML,0.33,456,25,1352.0,0.0198,67.2,0.0,0.0,0.0,0.0,0.0,0.0
02/01/2022 00:00:00,717223,7,10,W,FR,,114,100,24.0,0.0021,,,,,,,
02/01/2022 00:00:00,717224,7,10,W,ML,0.255,446,0,1229.0,0.0283,64.5,0.0,0.0,0.0,0.0,0.0,0.0
02/01/2022 00:00:00,717225,7,10,W,FR,,114,100,11.0,0.001,,,,,,,
02/01/2022 00:00:00,717226,7,10,W,ML,0.65,455,0,1361.0,0.0329,68.2,0.0,0.0,0.0,0.0,0.0,0.0
02/01/2022 00:00:00,717235,7,10,W,ML,0.58,0,0,1472.0,0.0424,68.1,0.0,0.0,0.0,0.0,0.0,0.0
02/01/2022 00:00:00,717236,7,10,E,ML,1.03,0,0,2074.0,0.0383,63.1,0.0,0.0,0.0,0.0,0.0,0.2
02/01/2022 00:00:00,717238,7,10,W,ML,0.77,696,0,3302.0,0.075,54.6,0.0,0.0,0.0,0.0,1.6,4.4
02/01/2022 00:00:00,717239,7,10,W,FR,,468,100,73.0,0.0018,,,,,,,
02/01/2022 00:00:00,717240,7,10,W,ML,0.545,936,100,3146.0,0.0634,57.9,0.0,0.1,1.1,2.0,2.9,4.2
02/01/2022 00:00:00,717241,7,10,E,ML,0.685,932,100,3323.0,0.0612,58.3,0.0,0.0,0.4,1.4,2.2,3.6
02/01/2022 00:00:00,717242,7,10,E,FR,,120,100,40.0,0.0033,,,,,,,
02/01/2022 00:00:00,717243,7,10,E,ML,0.46,478,100,1121.0,0.0237,69.0,0.0,0.0,0.0,0.0,0.0,0.0
02/01/2022 00:00:00,717245,7,10,W,ML,0.655,582,0,1700.0,0.0499,63.5,0.0,0.0,0.0,0.0,0.0,0.1
02/01/2022 00:00:00,717246,7,10,W,ML,0.47,455,100,1012.0,0.0242,67.6,0.0,0.0,0.0,0.0,0.0,0.1
02/01/2022 00:00:00,717247,7,10,E,ML,0.471,454,75,1292.0,0.0268,66.6,0.0,0.0,0.0,0.0,0.0,0.0
02/01/2022 00:00:00,717249,7,10,W,ML,0.427,455,100,960.0,0.0261,67.2,0.0,0.0,0.0,0.0,0.0,0.0
02/01/2022 00:00:00,717251,7,10,E,ML,0.468,0,0,1128.0,0.0334,65.0,0.0,0.0,0.0,0.0,0.0,0.1
02/01/2022 00:00:00,717252,7,10,W,ML,0.278,456,100,950.0,0.0231,66.9,0.0,0.0,0.0,0.0,0.0,0.0
02/01/2022 00:00:00,717254,7,10,E,ML,0.595,455,100,1002.0,0.0216,69.8,0.0,0.0,0.0,0.0,0.0,0.0
02/01/2022 00:00:00,717257,7,10,E,ML,0.335,456,100,885.0,0.0198,67.6,0.0,0.0,0.0,0.0,0.0,0.0
02/01/2022 00:00:00,717258,7,10,W,ML,0.48,454,100,880.0,0.021,66.9,0.0,0.0,0.0,0.0,0.0,0.0
02/01/2022 00:00:00,717260,7,10,E,ML,0.48,456,100,1015.0,0.0372,63.1,0.0,0.0,0.0,0.1,0.2,0.4
02/01/2022 00:00:00,717262,7,60,E,ML,0.934,0,0,1384.0,0.0247,68.2,0.0,0.0,0.0,0.0,0.0,0.0
02/01/2022 00:00:00,717263,7,60,W,ML,0.625,0,0,1164.0,0.019,68.5,0.0,0.0,0.0,0.0,0.0,0.0
02/01/2022 00:00:00,717264,7,60,E,ML,0.525,0,0,763.0,0.011,70.7,0.0,0.0,0.0,0.0,0.0,0.0
02/01/2022 00:00:00,717265,7,60,E,ML,0.45,0,0,1383.0,0.0247,68.8,0.0,0.0,0.0,0.0,0.0,0.0
02/01/2022 00:00:00,717266,7,60,W,ML,0.495,0,0,1164.0,0.019,68.5,0.0,0.0,0.0,0.0,0.0,0.0
02/01/2022 00:00:00,717268,7,60,E,ML,0.515,0,0,2032.0,0.0307,70.0,0.0,0.0,0.0,0.0,0.0,0.0
02/01/2022 00:00:00,717269,7,60,W,ML,0.47,0,0,1383.0,0.0247,68.8,0.0,0.0,0.0,0.0,0.0,0.0
02/01/2022 00:00:00,717270,7,60,W,ML,0.44,0,0,150.0,0.0064,65.1,0.0,0.0,0.0,0.0,0.0,0.0
02/01/2022 00:00:00,717273,7,60,E,ML,0.382,0,0,2067.0,0.0294,70.3,0.0,0.0,0.0,0.0,0.0,0.0
02/01/2022 00:00:00,717274,7,60,W,ML,0.365,0,0,1389.0,0.0247,68.5,0.0,0.0,0.0,0.0,0.0,0.0
02/01/2022 00:00:00,717277,7,60,W,ML,0.295,0,0,1383.0,0.0247,68.8,0.0,0.0,0.0,0.0,0.0,0.0
02/01/2022 00:00:00,717279,7,60,E,ML,0.293,0,0,2064.0,0.0294,70.0,0.0,0.0,0.0,0.0,0.0,0.0
02/01/2022 00:00:00,717281,7,60,W,ML,0.445,0,0,877.0,0.014,70.3,0.0,0.0,0.0,0.0,0.0,0.0
02/01/2022 00:00:00,717282,7,60,W,ML,0.15,0,0,1383.0,0.0247,68.8,0.0,0.0,0.0,0.0,0.0,0.0
02/01/2022 00:00:00,717285,7,60,E,ML,0.155,0,0,1345.0,0.0392,63.9,0.0,0.0,0.0,0.0,0.0,0.0
02/01/2022 00:00:00,717288,7,60,W,ML,0.3,0,0,1383.0,0.0247,68.8,0.0,0.0,0.0,0.0,0.0,0.0
02/01/2022 00:00:00,717290,7,60,E,ML,0.23,455,100,822.0,0.0162,67.5,0.0,0.0,0.0,0.0,0.0,0.0
02/01/2022 00:00:00,717292,7,60,E,ML,0.383,0,0,1385.0,0.0247,68.1,0.0,0.0,0.0,0.0,0.0,0.0
02/01/2022 00:00:00,717294,7,60,W,ML,0.383,0,0,1383.0,0.0247,68.8,0.0,0.0,0.0,0.0,0.0,0.0
02/01/2022 00:00:00,717296,7,60,E,ML,0.305,0,0,1385.0,0.0247,68.1,0.0,0.0,0.0,0.0,0.0,0.0
02/01/2022 00:00:00,717298,7,60,W,ML,0.27,0,0,1383.0,0.0247,68.8,0.0,0.0,0.0,0.0,0.0,0.0
02/01/2022 00:00:00,717300,7,60,W,ML,0.355,0,0,2169.0,0.0494,65.4,0.0,0.0,0.0,0.0,0.0,0.0
02/01/2022 00:00:00,717301,7,60,E,ML,0.335,0,0,2032.0,0.0307,70.0,0.0,0.0,0.0,0.0,0.0,0.0
02/01/2022 00:00:00,717303,7,60,E,ML,0.325,0,0,1572.0,0.0355,67.0,0.0,0.0,0.0,0.0,0.0,0.0
02/01/2022 00:00:00,717306,7,60,W,ML,0.38,569,100,2524.0,0.0411,66.9,0.0,0.0,0.0,0.0,0.0,0.1
02/01/2022 00:00:00,717308,7,60,E,ML,0.235,459,60,1383.0,0.0239,68.8,0.0,0.0,0.0,0.0,0.0,0.0
02/01/2022 00:00:00,717312,7,60,E,ML,0.485,552,78,1483.0,0.0282,70.9,0.0,0.0,0.0,0.0,0.0,0.0
02/01/2022 00:00:00,717314,7,60,W,FR,,114,100,69.0,0.0108,,,,,,,
02/01/2022 00:00:00,717315,7,60,W,ML,0.485,570,0,1802.0,0.0306,67.4,0.0,0.0,0.0,0.0,0.0,0.0
02/01/2022 00:00:00,717316,7,60,W,ML,0.55,0,0,1385.0,0.0247,68.1,0.0,0.0,0.0,0.0,0.0,0.0
02/01/2022 00:00:00,717318,7,60,E,ML,0.55,0,0,1383.0,0.0247,68.8,0.0,0.0,0.0,0.0,0.0,0.0
02/01/2022 00:00:00,717320,7,60,W,ML,0.246,0,0,1759.0,0.0288,69.5,0.0,0.0,0.0,0.0,0.0,0.0
02/01/2022 00:00:00,717322,7,60,E,ML,0.36,0,0,1442.0,0.0474,62.6,0.0,0.0,0.0,0.0,0.0,0.2
02/01/2022 00:00:00,717324,7,60,W,ML,0.58,0,0,1743.0,0.0489,64.8,0.0,0.0,0.0,0.0,0.0,0.1
02/01/2022 00:00:00,717328,7,60,E,ML,0.325,0,0,1385.0,0.0247,68.1,0.0,0.0,0.0,0.0,0.0,0.0
02/01/2022 00:00:00,717330,7,60,W,ML,0.3,0,0,1200.0,0.0385,65.4,0.0,0.0,0.0,0.0,0.0,0.0
02/01/2022 00:00:00,717332,7,60,E,ML,0.37,0,0,1385.0,0.0247,68.1,0.0,0.0,0.0,0.0,0.0,0.0
02/01/2022 00:00:00,717334,7,60,E,ML,0.205,0,0,1385.0,0.0247,68.1,0.0,0.0,0.0,0.0,0.0,0.0
02/01/2022 00:00:00,717337,7,60,W,ML,0.29,0,0,1385.0,0.0247,68.1,0.0,0.0,0.0,0.0,0.0,0.0
02/01/2022 00:00:00,717339,7,60,W,ML,0.51,0,0,1385.0,0.0247,68.1,0.0,0.0,0.0,0.0,0.0,0.0
02/01/2022 00:00:00,717340,7,60,E,ML,0.555,478,100,1340.0,0.0332,69.1,0.0,0.0,0.0,0.0,0.0,0.1
02/01/2022 00:00:00,717342,7,60,W,ML,0.515,0,0,1385.0,0.0247,68.1,0.0,0.0,0.0,0.0,0.0,0.0
02/01/2022 00:00:00,717343,7,60,E,ML,0.24,0,0,1664.0,0.0534,64.0,0.0,0.0,0.0,0.0,0.0,0.0
02/01/2022 00:00:00,717345,7,60,E,FR,,237,100,109.0,0.0085,,,,,,,
02/01/2022 00:00:00,717346,7,60,E,ML,0.315,480,75,1460.0,0.0391,65.4,0.0,0.0,0.0,0.0,0.0,0.2
02/01/2022 00:00:00,717350,7,60,W,ML,0.33,0,0,1668.0,0.0482,68.1,0.0,0.0,0.0,0.0,0.0,0.0
02/01/2022 00:00:00,717352,7,60,E,ML,0.31,0,0,1353.0,0.0288,64.4,0.0,0.0,0.0,0.0,0.0,0.1
02/01/2022 00:00:00,717355,7,60,W,ML,0.65,0,0,1647.0,0.0387,69.4,0.0,0.0,0.0,0.0,0.0,0.0
02/01/2022 00:00:00,717357,7,60,E,ML,0.345,0,0,1163.0,0.0397,65.5,0.0,0.0,0.0,0.0,0.0,0.1
02/01/2022 00:00:00,717358,7,60,E,ML,0.42,0,0,2134.0,0.0703,64.1,0.0,0.0,0.0,0.0,0.0,0.1
02/01/2022 00:00:00,717361,7,60,W,ML,0.26,0,0,150.0,0.0064,65.1,0.0,0.0,0.0,0.0,0.0,0.0
02/01/2022 00:00:00,717365,7,91,W,ML,0.495,342,100,789.0,0.0202,66.7,0.0,0.0,0.0,0.0,0.0,0.0
02/01/2022 00:00:00,717366,7,91,E,FR,,228,100,32.0,0.0048,,,,,,,
02/01/2022 00:00:00,717367,7,91,E,ML,0.495,566,100,845.0,0.019,67.5,0.0,0.0,0.0,0.1,0.1,0.1
02/01/2022 00:00:00,717368,7,91,W,ML,0.485,105,29,1054.0,0.0267,63.3,0.0,0.0,0.0,0.0,0.0,0.1
02/01/2022 00:00:00,717369,7,91,E,ML,0.325,456,100,1046.0,0.014,65.7,0.0,0.0,0.0,0.0,0.0,0.0
02/01/2022 00:00:00,717373,7,91,E,ML,0.42,452,100,874.0,0.0176,66.6,0.0,0.0,0.0,0.0,0.0,0.1
02/01/2022 00:00:00,717374,7,91,W,ML,0.415,453,100,856.0,0.014,66.5,0.0,0.0,0.0,0.0,0.0,0.1
02/01/2022 00:00:00,717375,7,91,W,ML,0.385,456,100,922.0,0.0163,63.6,0.0,0.0,0.0,0.0,0.0,0.1
02/01/2022 00:00:00,717376,7,91,E,ML,0.385,456,100,914.0,0.0194,64.8,0.0,0.0,0.0,0.0,0.1,0.2
02/01/2022 00:00:00,717378,7,91,W,ML,0.545,441,100,743.0,0.0158,64.0,0.0,0.0,0.0,0.0,0.0,0.1
02/01/2022 00:00:00,717379,7,91,E,ML,0.545,453,75,1179.0,0.0171,67.7,0.0,0.0,0.0,0.0,0.0,0.0
02/01/2022 00:00:00,717380,7,91,W,ML,0.515,453,100,871.0,0.019,67.5,0.0,0.0,0.0,0.0,0.0,0.0
02/01/2022 00:00:00,717381,7,91,E,ML,0.51,452,100,1210.0,0.0259,64.5,0.0,0.0,0.0,0.0,0.1,0.3
02/01/2022 00:00:00,717383,7,91,E,ML,0.405,0,0,1735.0,0.046,63.3,0.0,0.0,0.0,0.0,0.0,0.1
02/01/2022 00:00:00,717384,7,91,W,ML,0.405,0,0,1148.0,0.0432,63.9,0.0,0.0,0.0,0.0,0.0,0.1
02/01/2022 00:00:00,717385,7,91,E,HV,0.685,0,0,149.0,0.0064,65.1,0.0,0.0,0.0,0.0,0.0,0.0
02/01/2022 00:00:00,717386,7,91,E,FR,,114,100,71.0,0.0291,,,,,,,
02/01/2022 00:00:00,717387,7,91,E,ML,0.45,456,100,1138.0,0.0244,67.4,0.0,0.0,0.0,0.0,0.0,0.0
02/01/2022 00:00:00,717388,7,91,W,ML,0.45,456,100,953.0,0.0207,64.7,0.0,0.0,0.0,0.1,0.2,0.3
02/01/2022 00:00:00,717390,7,91,E,ML,0.65,0,0,1725.0,0.0333,64.8,0.0,0.0,0.0,0.0,0.0,0.2
02/01/2022 00:00:00,717392,7,91,W,ML,0.585,342,100,535.0,0.0141,66.6,0.0,0.0,0.0,0.0,0.0,0.1
02/01/2022 00:00:00,717393,7,91,E,ML,0.585,342,100,676.0,0.0203,66.1,0.0,0.0,0.0,0.0,0.0,0.1
02/01/2022 00:00:00,717394,7,91,W,HV,1.44,114,100,9.0,0.0004,65.0,0.0,0.0,0.0,0.0,0.0,0.0
02/01/2022 00:00:00,717395,7,91,E,FR,,228,50,39.0,0.0016,,,,,,,
02/01/2022 00:00:00,717396,7,91,E,ML,0.395,570,100,1255.0,0.0254,67.0,0.0,0.0,0.0,0.0,0.0,0.1
02/01/2022 00:00:00,717397,7,91,W,ML,0.395,456,100,642.0,0.0137,65.0,0.0,0.0,0.0,0.0,0.0,0.1
02/01/2022 00:00:00,717398,7,91,W,FR,,227,50,119.0,0.0055,,,,,,,
02/01/2022 00:00:00,717399,7,91,W,ML,0.47,569,60,1329.0,0.0223,67.8,0.0,0.0,0.0,0.0,0.0,0.0
02/01/2022 00:00:00,717400,7,91,W,HV,0.865,114,100,12.0,0.0005,65.0,0.0,0.0,0.0,0.0,0.0,0.0
02/01/2022 00:00:00,717401,7,91,E,FR,,114,100,120.0,0.0141,,,,,,,
02/01/2022 00:00:00,717402,7,91,E,ML,0.56,0,0,1444.0,0.0374,57.2,0.0,0.0,0.0,0.1,0.4,1.0
02/01/2022 00:00:00,717403,7,91,W,FR,,228,50,59.0,0.0034,,,,,,,
02/01/2022 00:00:00,717404,7,91,W,ML,0.495,570,100,1117.0,0.0182,68.2,0.0,0.0,0.0,0.0,0.0,0.0
02/01/2022 00:00:00,717405,7,91,E,FR,,227,100,268.0,0.0319,,,,,,,
02/01/2022 00:00:00,717406,7,91,E,ML,0.475,456,100,1213.0,0.0312,63.8,0.0,0.0,0.0,0.0,0.2,0.4
02/01/2022 00:00:00,717407,7,91,E,FR,,228,50,104.0,0.0049,,,,,,,
02/01/2022 00:00:00,717409,7,91,W,FR,,228,50,47.0,0.0074,,,,,,,
02/01/2022 00:00:00,717410,7,91,W,ML,0.52,456,100,1281.0,0.0253,68.0,0.0,0.0,0.0,0.0,0.0,0.0
02/01/2022 00:00:00,717412,7,91,W,HV,0.52,114,100,16.0,0.0009,65.1,0.0,0.0,0.0,0.0,0.0,0.0
02/01/2022 00:00:00,717413,7,91,W,ML,0.325,456,100,1220.0,0.0244,66.8,0.0,0.0,0.0,0.0,0.0,0.0
02/01/2022 00:00:00,717415,7,91,W,FR,,342,100,63.0,0.0037,,,,,,,
02/01/2022 00:00:00,717416,7,91,W,ML,0.335,456,75,1085.0,0.0225,67.4,0.0,0.0,0.0,0.0,0.0,0.0
02/01/2022 00:00:00,717417,7,91,W,HV,0.335,114,100,14.0,0.0008,65.0,0.0,0.0,0.0,0.0,0.0,0.0
02/01/2022 00:00:00,717418,7,91,E,ML,0.315,433,100,1151.0,0.1444,49.7,2.1,2.4,2.6,2.8,3.0,3.2
02/01/2022 00:00:00,717419,7,91,E,HV,0.505,114,0,149.0,0.0064,65.1,0.0,0.0,0.0,0.0,0.0,0.0
02/01/2022 00:00:00,717420,7,91,E,ML,0.37,564,100,1071.0,0.0452,65.0,0.3,0.3,0.4,0.5,0.6,0.6
02/01/2022 00:00:00,717421,7,91,W,ML,0.445,456,100,1086.0,0.0245,66.8,0.0,0.0,0.0,0.0,0.0,0.0
02/01/2022 00:00:00,717422,7,91,E,HV,0.37,111,100,35.0,0.0549,33.5,0.0,0.1,0.1,0.1,0.2,0.2
02/01/2022 00:00:00,717423,7,91,W,FR,,226,100,98.0,0.0172,,,,,,,
02/01/2022 00:00:00,717424,7,91,W,ML,0.27,456,100,1182.0,0.0294,66.3,0.0,0.0,0.0,0.0,0.0,0.0
02/01/2022 00:00:00,717426,7,91,E,ML,0.34,555,80,778.0,0.0341,47.7,0.1,0.1,0.3,0.7,1.1,1.4
02/01/2022 00:00:00,717428,7,91,W,ML,0.42,455,75,1309.0,0.033,65.6,0.0,0.0,0.0,0.0,0.0,0.1
02/01/2022 00:00:00,717429,7,91,W,HV,0.42,114,100,20.0,0.0009,65.0,0.0,0.0,0.0,0.0,0.0,0.0
02/01/2022 00:00:00,717430,7,91,E,FR,,114,100,89.0,0.0093,,,,,,,
02/01/2022 00:00:00,717431,7,91,E,ML,0.42,0,0,1730.0,0.0449,64.9,0.0,0.0,0.0,0.0,0.0,0.0
02/01/2022 00:00:00,717433,7,91,W,ML,0.27,456,75,1396.0,0.0339,66.5,0.0,0.0,0.0,0.0,0.0,0.0
02/01/2022 00:00:00,717434,7,91,E,ML,0.29,455,100,1244.0,0.0268,69.0,0.0,0.0,0.0,0.0,0.0,0.0
02/01/2022 00:00:00,717435,7,91,W,ML,0.245,456,100,1154.0,0.0244,66.9,0.0,0.0,0.0,0.0,0.0,0.0
02/01/2022 00:00:00,717436,7,91,E,ML,0.28,228,0,1714.0,0.0489,64.4,0.0,0.0,0.0,0.0,0.0,0.1
02/01/2022 00:00:00,717437,7,91,W,FR,,114,100,32.0,0.0036,,,,,,,
02/01/2022 00:00:00,717438,7,91,W,ML,0.28,415,75,1206.0,0.0257,65.1,0.0,0.0,0.0,0.0,0.0,0.1
02/01/2022 00:00:00,717439,7,91,E,ML,0.285,0,0,3566.0,0.1405,57.4,0.4,0.9,1.6,2.1,2.6,3.1
02/01/2022 00:00:00,717440,7,91,W,ML,0.35,342,75,1167.0,0.0222,66.5,0.0,0.0,0.0,0.0,0.0,0.1
02/01/2022 00:00:00,717441,7,91,E,ML,0.32,456,0,1523.0,0.0428,64.2,0.0,0.0,0.0,0.0,0.0,0.0
02/01/2022 00:00:00,717442,7,91,W,ML,0.6,446,75,996.0,0.02,66.1,0.0,0.0,0.0,0.0,0.0,0.1
02/01/2022 00:00:00,717443,7,91,E,ML,0.6,456,100,1079.0,0.0225,69.1,0.0,0.0,0.0,0.0,0.0,0.0
02/01/2022 00:00:00,717445,7,101,N,ML,0.571,0,0,1762.0,0.0288,68.8,0.0,0.0,0.0,0.0,0.0,0.0
02/01/2022 00:00:00,717446,7,101,S,ML,0.36,0,0,1716.0,0.0339,67.5,0.0,0.0,0.0,0.0,0.0,0.0
02/01/2022 00:00:00,717447,7,101,N,ML,0.43,0,0,1385.0,0.0247,68.1,0.0,0.0,0.0,0.0,0.0,0.0
02/01/2022 00:00:00,717450,7,101,S,ML,0.47,0,0,1716.0,0.0339,67.5,0.0,0.0,0.0,0.0,0.0,0.0
02/01/2022 00:00:00,717452,7,101,N,ML,0.45,0,0,1762.0,0.0288,68.8,0.0,0.0,0.0,0.0,0.0,0.0
02/01/2022 00:00:00,717453,7,101,S,ML,0.46,0,0,2220.0,0.0339,68.4,0.0,0.0,0.0,0.0,0.0,0.0
02/01/2022 00:00:00,717456,7,101,N,ML,0.29,0,0,1385.0,0.0247,68.1,0.0,0.0,0.0,0.0,0.0,0.0
02/01/2022 00:00:00,717458,7,101,S,ML,0.445,0,0,2220.0,0.0339,68.4,0.0,0.0,0.0,0.0,0.0,0.0
02/01/2022 00:00:00,717459,7,101,N,ML,0.29,0,0,1385.0,0.0247,68.1,0.0,0.0,0.0,0.0,0.0,0.0
02/01/2022 00:00:00,717460,7,101,N,ML,0.35,0,0,1385.0,0.0247,68.1,0.0,0.0,0.0,0.0,0.0,0.0
02/01/2022 00:00:00,717461,7,101,S,ML,0.35,0,0,1716.0,0.0339,67.5,0.0,0.0,0.0,0.0,0.0,0.0
02/01/2022 00:00:00,717462,7,101,S,ML,0.405,0,0,1716.0,0.0339,67.5,0.0,0.0,0.0,0.0,0.0,0.0
02/01/2022 00:00:00,717463,7,101,N,ML,0.405,0,0,1385.0,0.0247,68.1,0.0,0.0,0.0,0.0,0.0,0.0
02/01/2022 00:00:00,717465,7,101,N,ML,0.31,0,0,1385.0,0.0247,68.1,0.0,0.0,0.0,0.0,0.0,0.0
02/01/2022 00:00:00,717466,7,101,S,ML,0.31,0,0,1716.0,0.0339,67.5,0.0,0.0,0.0,0.0,0.0,0.0
02/01/2022 00:00:00,717468,7,101,S,ML,0.23,0,0,1716.0,0.0339,67.5,0.0,0.0,0.0,0.0,0.0,0.0
02/01/2022 00:00:00,717469,7,101,N,ML,0.235,0,0,1385.0,0.0247,68.1,0.0,0.0,0.0,0.0,0.0,0.0
02/01/2022 00:00:00,717472,7,101,S,ML,0.2,0,0,150.0,0.0064,65.1,0.0,0.0,0.0,0.0,0.0,0.0
02/01/2022 00:00:00,717473,7,101,N,ML,0.2,0,0,1385.0,0.0247,68.1,0.0,0.0,0.0,0.0,0.0,0.0
02/01/2022 00:00:00,717479,7,101,S,ML,0.385,0,0,150.0,0.0064,65.1,0.0,0.0,0.0,0.0,0.0,0.0
02/01/2022 00:00:00,717480,7,101,N,ML,0.6,0,0,1385.0,0.0247,68.1,0.0,0.0,0.0,0.0,0.0,0.0
02/01/2022 00:00:00,717481,7,101,S,ML,0.355,0,0,150.0,0.0064,65.1,0.0,0.0,0.0,0.0,0.0,0.0
02/01/2022 00:00:00,717483,7,101,N,ML,0.45,0,0,2032.0,0.0307,70.0,0.0,0.0,0.0,0.0,0.0,0.0
02/01/2022 00:00:00,717484,7,101,S,ML,0.45,0,0,1385.0,0.0247,68.1,0.0,0.0,0.0,0.0,0.0,0.0
02/01/2022 00:00:00,717486,7,101,S,ML,0.4,0,0,2032.0,0.0307,70.0,0.0,0.0,0.0,0.0,0.0,0.0
02/01/2022 00:00:00,717488,7,101,S,ML,0.35,0,0,1383.0,0.0247,68.8,0.0,0.0,0.0,0.0,0.0,0.0
02/01/2022 00:00:00,717489,7,101,S,ML,0.565,0,0,2032.0,0.0307,70.0,0.0,0.0,0.0,0.0,0.0,0.0
02/01/2022 00:00:00,717490,7,101,S,ML,0.5,0,0,1383.0,0.0247,68.8,0.0,0.0,0.0,0.0,0.0,0.0
02/01/2022 00:00:00,717491,7,101,N,ML,0.5,0,0,2378.0,0.0385,66.5,0.0,0.0,0.0,0.0,0.0,0.0
02/01/2022 00:00:00,717492,7,101,N,ML,0.699,0,0,2032.0,0.0307,70.0,0.0,0.0,0.0,0.0,0.0,0.0
02/01/2022 00:00:00,717493,7,101,S,ML,0.76,0,0,1383.0,0.0247,68.8,0.0,0.0,0.0,0.0,0.0,0.0
02/01/2022 00:00:00,717495,7,101,S,ML,0.45,455,40,1656.0,0.028,66.5,0.0,0.0,0.0,0.0,0.0,0.0
02/01/2022 00:00:00,717497,7,101,N,ML,0.45,228,17,3201.0,0.0575,61.1,0.0,0.0,0.0,0.0,0.1,0.6
02/01/2022 00:00:00,717498,7,101,N,ML,0.45,570,100,1268.0,0.0203,64.3,0.0,0.0,0.0,0.0,0.0,0.2
02/01/2022 00:00:00,717499,7,101,S,ML,0.55,114,20,1878.0,0.0361,63.8,0.0,0.0,0.0,0.0,0.0,0.1
02/01/2022 00:00:00,717501,7,101,N,ML,0.55,570,100,1269.0,0.018,64.3,0.0,0.0,0.0,0.0,0.0,0.2
02/01/2022 00:00:00,717502,7,101,N,ML,0.341,0,0,2492.0,0.0393,65.9,0.0,0.0,0.0,0.0,0.0,0.0
02/01/2022 00:00:00,717504,7,101,S,ML,0.475,0,0,2112.0,0.0407,65.8,0.0,0.0,0.0,0.0,0.0,0.0
02/01/2022 00:00:00,717508,7,101,S,ML,0.58,456,60,1403.0,0.0273,65.9,0.0,0.0,0.0,0.0,0.1,0.1
02/01/2022 00:00:00,717510,7,101,N,ML,0.58,263,20,1807.0,0.0334,65.8,0.0,0.0,0.0,0.0,0.0,0.0
02/01/2022 00:00:00,717511,7,101,S,ML,0.96,568,100,973.0,0.0177,69.1,0.0,0.0,0.0,0.0,0.0,0.0
02/01/2022 00:00:00,717513,7,101,N,ML,0.555,570,60,902.0,0.0169,64.0,0.0,0.0,0.0,0.0,0.0,0.0
02/01/2022 00:00:00,717514,7,101,S,ML,0.87,570,80,739.0,0.0121,69.5,0.0,0.0,0.0,0.0,0.0,0.0
02/01/2022 00:00:00,717515,7,101,N,ML,0.315,563,100,1070.0,0.0232,67.5,0.0,0.0,0.0,0.0,0.1,0.1
02/01/2022 00:00:00,717516,7,101,S,ML,0.765,570,100,851.0,0.016,68.9,0.0,0.0,0.0,0.0,0.0,0.0
02/01/2022 00:00:00,717517,7,101,N,ML,0.875,568,100,905.0,0.0134,63.8,0.0,0.2,0.3,0.4,0.6,0.8
02/01/2022 00:00:00,717518,7,101,S,ML,0.77,114,20,1536.0,0.0315,64.8,0.0,0.0,0.0,0.0,0.0,0.0
02/01/2022 00:00:00,717519,7,101,N,ML,0.68,224,40,2369.0,0.036,68.5,0.0,0.0,0.0,0.0,0.0,0.1
02/01/2022 00:00:00,717520,7,101,S,ML,0.515,0,0,1851.0,0.0453,63.8,0.0,0.0,0.0,0.0,0.0,0.1
02/01/2022 00:00:00,717522,7,101,N,ML,0.67,243,50,1089.0,0.0459,60.7,0.0,0.1,0.3,0.5,0.6,0.9
02/01/2022 00:00:00,717524,7,101,N,ML,0.455,454,100,594.0,0.0136,65.8,0.0,0.0,0.0,0.0,0.0,0.0
02/01/2022 00:00:00,717525,7,118,E,ML,0.55,454,100,212.0,0.0039,68.4,0.0,0.0,0.0,0.0,0.0,0.0
02/01/2022 00:00:00,717526,7,118,E,HV,0.55,114,100,0.0,0.0,65.0,0.0,0.0,0.0,0.0,0.0,0.0
02/01/2022 00:00:00,717527,7,118,W,FR,,227,100,96.0,0.0044,,,,,,,
02/01/2022 00:00:00,717528,7,118,W,ML,0.5,455,100,326.0,0.005,67.8,0.0,0.0,0.0,0.0,0.0,0.0
02/01/2022 00:00:00,717529,7,118,E,FR,,228,100,19.0,0.0006,,,,,,,
02/01/2022 00:00:00,717530,7,118,E,ML,0.5,340,75,447.0,0.0095,66.7,0.0,0.0,0.0,0.0,0.0,0.0
02/01/2022 00:00:00,717531,7,118,E,HV,0.5,114,100,0.0,0.0,65.0,0.0,0.0,0.0,0.0,0.0,0.0
02/01/2022 00:00:00,717532,7,118,W,ML,0.5,454,100,428.0,0.0073,67.3,0.0,0.0,0.0,0.0,0.0,0.0
02/01/2022 00:00:00,717533,7,118,E,ML,0.5,455,100,487.0,0.0083,67.8,0.0,0.0,0.0,0.0,0.0,0.0
02/01/2022 00:00:00,717534,7,118,E,HV,0.5,114,100,1.0,0.0001,65.5,0.0,0.0,0.0,0.0,0.0,0.0
02/01/2022 00:00:00,717535,7,118,W,ML,0.6,453,100,540.0,0.0096,66.3,0.0,0.0,0.0,0.0,0.0,0.0
02/01/2022 00:00:00,717536,7,118,E,ML,0.6,456,100,595.0,0.0116,67.6,0.0,0.0,0.0,0.0,0.0,0.0
02/01/2022 00:00:00,717537,7,118,W,ML,0.555,456,100,578.0,0.0097,67.1,0.0,0.0,0.0,0.0,0.0,0.0
02/01/2022 00:00:00,717538,7,118,E,FR,,228,100,58.0,0.003,,,,,,,
02/01/2022 00:00:00,717539,7,118,E,ML,0.295,456,100,628.0,0.0095,68.3,0.0,0.0,0.0,0.0,0.0,0.0
02/01/2022 00:00:00,717540,7,118,E,HV,0.295,114,100,0.0,0.0,65.0,0.0,0.0,0.0,0.0,0.0,0.0
02/01/2022 00:00:00,717541,7,118,E,ML,0.39,570,80,857.0,0.0125,68.7,0.0,0.0,0.0,0.0,0.0,0.0
02/01/2022 00:00:00,717542,7,118,E,HV,0.39,114,100,0.0,0.0,65.0,0.0,0.0,0.0,0.0,0.0,0.0
02/01/2022 00:00:00,717543,7,118,E,ML,0.47,568,100,715.0,0.0092,70.5,0.0,0.0,0.0,0.0,0.0,0.0
02/01/2022 00:00:00,717544,7,118,W,ML,0.625,564,100,676.0,0.0082,70.2,0.0,0.0,0.0,0.0,0.0,0.0
02/01/2022 00:00:00,717545,7,118,E,HV,0.47,114,100,0.0,0.0,65.0,0.0,0.0,0.0,0.0,0.0,0.0
02/01/2022 00:00:00,717546,7,118,W,ML,0.495,567,80,876.0,0.0124,68.1,0.0,0.0,0.0,0.0,0.0,0.0
02/01/2022 00:00:00,717547,7,118,E,ML,0.495,570,100,682.0,0.0072,69.9,0.0,0.0,0.0,0.0,0.0,0.0
02/01/2022 00:00:00,717548,7,118,W,OR,,114,100,11.0,0.0008,,,,,,,
02/01/2022 00:00:00,717549,7,118,W,ML,0.1,456,100,372.0,0.0048,68.1,0.0,0.0,0.0,0.0,0.0,0.0
02/01/2022 00:00:00,717550,7,118,W,FR,,228,50,12.0,0.0009,,,,,,,
02/01/2022 00:00:00,717551,7,118,E,OR,,114,100,9.0,0.0011,,,,,,,
02/01/2022 00:00:00,717552,7,118,E,FR,,228,100,19.0,0.0013,,,,,,,
02/01/2022 00:00:00,717553,7,118,E,ML,0.215,456,100,230.0,0.0038,67.7,0.0,0.0,0.0,0.0,0.0,0.0
02/01/2022 00:00:00,717554,7,118,W,ML,2.935,227,100,128.0,0.005,69.1,0.0,0.0,0.0,0.0,0.0,0.0
02/01/2022 00:00:00,717555,7,118,W,OR,,114,100,2.0,0.0002,,,,,,,
02/01/2022 00:00:00,717556,7,118,W,FR,,227,50,15.0,0.0008,,,,,,,
02/01/2022 00:00:00,717557,7,118,W,ML,0.3,456,75,434.0,0.0101,68.0,0.0,0.0,0.0,0.0,0.0,0.0
02/01/2022 00:00:00,717558,7,118,W,ML,0.315,454,100,247.0,0.0067,66.5,0.0,0.0,0.0,0.0,0.0,0.0
02/01/2022 00:00:00,717559,7,118,E,OR,,114,100,6.0,0.0004,,,,,,,
02/01/2022 00:00:00,717560,7,118,E,ML,0.215,456,100,231.0,0.0035,67.3,0.0,0.0,0.0,0.0,0.0,0.0
02/01/2022 00:00:00,717561,7,118,W,OR,,114,100,13.0,0.001,,,,,,,
02/01/2022 00:00:00,717562,7,118,W,ML,1.26,456,100,309.0,0.0048,67.3,0.0,0.0,0.0,0.0,0.0,0.0
02/01/2022 00:00:00,717563,7,118,E,OR,,114,100,14.0,0.0013,,,,,,,
02/01/2022 00:00:00,717564,7,118,E,FR,,228,50,2.0,0.0006,,,,,,,
02/01/2022 00:00:00,717565,7,118,E,ML,0.68,456,100,213.0,0.0033,68.2,0.0,0.0,0.0,0.0,0.0,0.0
02/01/2022 00:00:00,717566,7,118,W,ML,0.741,225,100,153.0,0.0054,66.8,0.0,0.0,0.0,0.0,0.0,0.0
02/01/2022 00:00:00,717567,7,118,E,OR,,114,100,7.0,0.0006,,,,,,,
02/01/2022 00:00:00,717568,7,118,E,ML,0.744,454,100,229.0,0.0036,68.6,0.0,0.0,0.0,0.0,0.0,0.0
02/01/2022 00:00:00,717570,7,134,E,ML,0.705,456,75,570.0,0.0128,63.3,0.0,0.0,0.0,0.0,0.0,0.0
02/01/2022 00:00:00,717571,7,134,W,ML,0.76,456,0,1019.0,0.0319,65.1,0.0,0.0,0.0,0.0,0.0,0.1
02/01/2022 00:00:00,717572,7,134,W,ML,0.74,0,0,816.0,0.0272,65.5,0.0,0.0,0.0,0.0,0.0,0.0
02/01/2022 00:00:00,717573,7,134,E,ML,0.55,0,0,1385.0,0.0247,68.1,0.0,0.0,0.0,0.0,0.0,0.0
02/01/2022 00:00:00,717576,7,134,W,ML,0.525,0,0,1385.0,0.0247,68.1,0.0,0.0,0.0,0.0,0.0,0.0
02/01/2022 00:00:00,717578,7,134,E,ML,0.39,0,0,498.0,0.02,61.5,0.0,0.0,0.0,0.0,0.0,0.1
02/01/2022 00:00:00,717580,7,134,E,ML,0.655,456,100,538.0,0.0114,66.3,0.0,0.0,0.0,0.0,0.0,0.0
02/01/2022 00:00:00,717582,7,134,W,ML,0.585,0,0,150.0,0.0064,65.1,0.0,0.0,0.0,0.0,0.0,0.0
02/01/2022 00:00:00,717583,7,134,E,ML,0.68,447,100,511.0,0.0302,51.6,0.0,0.1,0.2,0.5,0.9,1.2
02/01/2022 00:00:00,717584,7,134,E,FR,,342,33,240.0,0.0113,,,,,,,
02/01/2022 00:00:00,717585,7,134,E,ML,0.285,456,50,4236.0,0.0676,70.4,0.0,0.0,0.0,0.0,0.0,0.0
02/01/2022 00:00:00,717586,7,134,E,HV,0.285,114,0,149.0,0.0064,65.1,0.0,0.0,0.0,0.0,0.0,0.0
02/01/2022 00:00:00,717587,7,134,E,ML,0.29,570,100,618.0,0.0151,71.2,0.0,0.0,0.0,0.0,0.0,0.0
02/01/2022 00:00:00,717588,7,134,E,HV,0.29,114,0,149.0,0.0064,65.1,0.0,0.0,0.0,0.0,0.0,0.0
02/01/2022 00:00:00,717590,7,134,W,ML,0.405,0,0,1080.0,0.0296,64.4,0.0,0.0,0.0,0.0,0.0,0.0
02/01/2022 00:00:00,717592,7,134,E,ML,0.405,0,0,496.0,0.0214,67.3,0.0,0.0,0.0,0.0,0.0,0.0
02/01/2022 00:00:00,717593,7,134,E,HV,0.405,0,0,149.0,0.0064,65.1,0.0,0.0,0.0,0.0,0.0,0.0
02/01/2022 00:00:00,717595,7,134,E,ML,0.49,0,0,1385.0,0.0247,68.1,0.0,0.0,0.0,0.0,0.0,0.0
02/01/2022 00:00:00,717597,7,134,W,ML,0.49,455,100,650.0,0.0137,68.5,0.0,0.0,0.0,0.0,0.1,0.1
02/01/2022 00:00:00,717599,7,134,W,ML,0.57,456,100,743.0,0.0157,68.2,0.0,0.0,0.0,0.0,0.0,0.0
02/01/2022 00:00:00,717601,7,134,E,ML,0.77,455,100,673.0,0.0102,69.5,0.0,0.0,0.0,0.0,0.0,0.0
02/01/2022 00:00:00,717603,7,134,W,ML,0.833,568,100,670.0,0.0104,72.2,0.0,0.0,0.0,0.0,0.0,0.0
02/01/2022 00:00:00,717604,7,134,W,HV,0.833,114,0,149.0,0.0064,65.1,0.0,0.0,0.0,0.0,0.0,0.0
02/01/2022 00:00:00,717605,7,134,E,FR,,113,100,53.0,0.0035,,,,,,,
02/01/2022 00:00:00,717606,7,134,E,ML,0.526,340,50,563.0,0.0119,67.4,0.0,0.0,0.0,0.0,0.0,0.0
02/01/2022 00:00:00,717607,7,134,E,HV,0.526,114,0,149.0,0.0064,65.1,0.0,0.0,0.0,0.0,0.0,0.0
02/01/2022 00:00:00,717608,7,170,S,ML,0.67,0,0,150.0,0.0064,65.1,0.0,0.0,0.0,0.0,0.0,0.0
02/01/2022 00:00:00,717609,7,170,S,HV,0.67,0,0,149.0,0.0064,65.1,0.0,0.0,0.0,0.0,0.0,0.0
02/01/2022 00:00:00,717610,7,170,S,ML,0.6,0,0,150.0,0.0064,65.1,0.0,0.0,0.0,0.0,0.0,0.0
02/01/2022 00:00:00,717612,7,170,S,ML,0.35,0,0,150.0,0.0064,65.1,0.0,0.0,0.0,0.0,0.0,0.0
02/01/2022 00:00:00,717613,7,170,S,ML,0.805,0,0,149.0,0.0064,65.0,0.0,0.0,0.0,0.0,0.0,0.0
02/01/2022 00:00:00,717614,7,170,S,ML,0.516,0,0,149.0,0.0064,65.0,0.0,0.0,0.0,0.0,0.0,0.0
02/01/2022 00:00:00,717615,7,210,W,ML,0.805,455,100,341.0,0.0129,64.8,0.0,0.0,0.0,0.0,0.0,0.1
02/01/2022 00:00:00,717617,7,210,E,ML,0.78,453,50,604.0,0.0188,62.0,0.0,0.0,0.0,0.0,0.0,0.1
02/01/2022 00:00:00,717619,7,210,E,FR,,228,50,16.0,0.0009,,,,,,,
02/01/2022 00:00:00,717620,7,210,E,ML,0.78,453,100,363.0,0.0115,63.0,0.0,0.0,0.0,0.0,0.0,0.1
02/01/2022 00:00:00,717622,7,210,W,ML,0.745,455,100,345.0,0.0136,64.2,0.0,0.0,0.0,0.0,0.0,0.1
02/01/2022 00:00:00,717624,7,210,W,ML,0.326,569,100,430.0,0.0115,66.5,0.0,0.0,0.0,0.0,0.0,0.0
02/01/2022 00:00:00,717625,7,210,E,ML,0.651,455,75,424.0,0.0131,63.2,0.0,0.0,0.0,0.0,0.0,0.1
02/01/2022 00:00:00,717627,7,210,W,ML,0.479,228,100,33.0,0.001,66.4,0.0,0.0,0.0,0.0,0.0,0.0
02/01/2022 00:00:00,717628,7,210,E,ML,0.339,114,0,198.0,0.0273,68.1,0.0,0.0,0.0,0.0,0.0,0.0
02/01/2022 00:00:00,717630,7,210,W,ML,0.39,453,100,537.0,0.0109,70.3,0.0,0.0,0.0,0.0,0.0,0.0
02/01/2022 00:00:00,717631,7,210,E,ML,0.455,452,100,607.0,0.0124,69.1,0.0,0.0,0.0,0.0,0.0,0.0
02/01/2022 00:00:00,717632,7,210,W,HV,2.64,114,100,16.0,0.0009,65.0,0.0,0.0,0.0,0.0,0.0,0.0
02/01/2022 00:00:00,717633,7,210,E,ML,0.675,684,100,993.0,0.0144,65.6,0.0,0.0,0.0,0.0,0.2,0.5
02/01/2022 00:00:00,717634,7,210,W,ML,0.56,570,100,953.0,0.0181,66.9,0.0,0.0,0.0,0.0,0.0,0.1
02/01/2022 00:00:00,717635,7,210,E,ML,0.71,570,100,1741.0,0.0344,70.0,0.0,0.0,0.0,0.0,0.0,0.0
02/01/2022 00:00:00,717636,7,210,W,FR,,114,100,19.0,0.0022,,,,,,,
02/01/2022 00:00:00,717637,7,210,W,ML,0.955,569,100,924.0,0.0186,70.8,0.0,0.0,0.0,0.0,0.0,0.0
02/01/2022 00:00:00,717638,7,210,E,ML,0.58,570,100,978.0,0.0133,68.7,0.0,0.0,0.0,0.0,0.1,0.2
02/01/2022 00:00:00,717640,7,210,E,ML,0.77,569,80,760.0,0.0108,69.5,0.0,0.0,0.0,0.0,0.0,0.0
02/01/2022 00:00:00,717641,7,210,E,HV,0.33,114,100,18.0,0.0008,64.8,0.0,0.0,0.0,0.0,0.0,0.0
02/01/2022 00:00:00,717642,7,210,W,ML,0.735,570,100,981.0,0.0207,71.0,0.0,0.0,0.0,0.0,0.0,0.0
02/01/2022 00:00:00,717643,7,210,W,HV,0.735,114,100,23.0,0.0012,64.9,0.0,0.0,0.0,0.0,0.0,0.0
02/01/2022 00:00:00,717644,7,210,W,ML,0.57,567,100,1765.0,0.0419,75.4,0.0,0.0,0.0,0.0,0.0,0.0
02/01/2022 00:00:00,717645,7,210,W,HV,0.57,114,100,236.0,0.0158,64.2,0.0,0.0,0.0,0.0,0.0,0.0
02/01/2022 00:00:00,717646,7,210,E,ML,0.905,570,100,893.0,0.017,69.7,0.0,0.0,0.0,0.0,0.1,0.2
02/01/2022 00:00:00,717648,7,210,W,FR,,342,100,11.0,0.0006,,,,,,,
02/01/2022 00:00:00,717649,7,210,W,ML,0.805,568,100,1049.0,0.0388,70.5,0.0,0.0,0.1,0.1,0.2,0.3
02/01/2022 00:00:00,717650,7,210,E,ML,0.675,570,100,938.0,0.019,69.9,0.0,0.0,0.0,0.1,0.1,0.1
02/01/2022 00:00:00,717651,7,210,E,FR,,114,100,16.0,0.0016,,,,,,,
02/01/2022 00:00:00,717652,7,210,W,FR,,114,100,21.0,0.0037,,,,,,,
02/01/2022 00:00:00,717653,7,210,W,ML,0.414,570,100,948.0,0.0203,72.0,0.0,0.0,0.0,0.0,0.0,0.0
02/01/2022 00:00:00,717654,7,210,E,ML,0.429,456,100,852.0,0.0203,66.8,0.0,0.0,0.0,0.0,0.0,0.0
02/01/2022 00:00:00,717657,7,210,W,ML,0.13,0,0,953.0,0.034,67.1,0.0,0.0,0.0,0.0,0.0,0.0
02/01/2022 00:00:00,717658,7,210,E,FR,,228,100,28.0,0.0012,,,,,,,
02/01/2022 00:00:00,717659,7,210,E,ML,0.33,456,100,879.0,0.0214,66.5,0.0,0.0,0.0,0.0,0.0,0.1
02/01/2022 00:00:00,717660,7,710,N,ML,0.3,454,100,772.0,0.0196,65.3,0.0,0.0,0.0,0.0,0.0,0.1
02/01/2022 00:00:00,717661,7,210,W,ML,0.345,453,100,977.0,0.0257,67.9,0.0,0.0,0.0,0.0,0.0,0.0
02/01/2022 00:00:00,717662,7,210,W,FR,,228,50,17.0,0.0007,,,,,,,
02/01/2022 00:00:00,717663,7,210,W,ML,0.155,456,100,879.0,0.0215,69.2,0.0,0.0,0.0,0.0,0.0,0.0
02/01/2022 00:00:00,717664,7,210,W,ML,0.62,456,100,849.0,0.023,68.3,0.0,0.0,0.0,0.0,0.0,0.0
02/01/2022 00:00:00,717665,7,210,W,HV,0.62,114,100,23.0,0.0013,64.9,0.0,0.0,0.0,0.0,0.0,0.0
02/01/2022 00:00:00,717666,7,210,E,FR,,342,100,46.0,0.003,,,,,,,
02/01/2022 00:00:00,717667,7,210,E,ML,0.83,456,100,886.0,0.0228,67.2,0.0,0.0,0.0,0.0,0.1,0.3
02/01/2022 00:00:00,717669,7,210,W,ML,0.6,456,100,909.0,0.0241,68.7,0.0,0.0,0.0,0.0,0.0,0.0
02/01/2022 00:00:00,717670,7,210,W,HV,0.6,114,100,23.0,0.0011,64.9,0.0,0.0,0.0,0.0,0.0,0.0
02/01/2022 00:00:00,717671,7,210,E,FR,,342,100,47.0,0.0026,,,,,,,
02/01/2022 00:00:00,717672,7,210,E,ML,0.775,456,100,934.0,0.0215,68.1,0.0,0.0,0.0,0.0,0.0,0.0
02/01/2022 00:00:00,717673,7,210,W,ML,0.3,455,100,619.0,0.0211,69.9,0.0,0.0,0.0,0.0,0.0,0.0
02/01/2022 00:00:00,717674,7,210,W,ML,0.21,453,100,1326.0,0.0407,66.0,0.0,0.0,0.0,0.0,0.0,0.0
02/01/2022 00:00:00,717675,7,210,W,ML,0.359,456,75,1257.0,0.0356,64.4,0.0,0.0,0.0,0.0,0.0,0.1
02/01/2022 00:00:00,717676,7,210,W,ML,0.51,0,0,1592.0,0.0464,66.2,0.0,0.0,0.0,0.0,0.0,0.0
02/01/2022 00:00:00,717677,7,210,W,HV,0.51,114,0,149.0,0.0064,65.1,0.0,0.0,0.0,0.0,0.0,0.0
02/01/2022 00:00:00,717678,7,210,W,ML,0.375,570,100,1110.0,0.0247,70.4,0.0,0.0,0.0,0.0,0.0,0.0
02/01/2022 00:00:00,717679,7,210,E,OR,,114,100,18.0,0.0023,,,,,,,
02/01/2022 00:00:00,717680,7,210,E,FR,,228,100,105.0,0.0062,,,,,,,
02/01/2022 00:00:00,717681,7,210,W,FR,,228,100,73.0,0.0049,,,,,,,
02/01/2022 00:00:00,717682,7,210,W,ML,0.19,456,100,1082.0,0.0298,68.5,0.0,0.0,0.0,0.0,0.0,0.0
02/01/2022 00:00:00,717683,7,210,E,OR,,114,100,40.0,0.0036,,,,,,,
02/01/2022 00:00:00,717684,7,210,E,ML,0.13,456,100,1307.0,0.0346,68.6,0.0,0.0,0.0,0.0,0.0,0.0
02/01/2022 00:00:00,717685,7,210,W,ML,0.6,456,100,1085.0,0.0278,67.6,0.0,0.0,0.0,0.0,0.0,0.1
02/01/2022 00:00:00,717686,7,210,W,ML,0.29,298,50,1047.0,0.0253,67.6,0.0,0.0,0.0,0.0,0.0,0.0
02/01/2022 00:00:00,717687,7,210,W,HV,0.29,114,100,75.0,0.0158,52.1,0.0,0.0,0.0,0.0,0.1,0.1
02/01/2022 00:00:00,717688,7,210,W,ML,0.4,396,75,1229.0,0.0406,67.7,0.0,0.0,0.0,0.0,0.0,0.0
02/01/2022 00:00:00,717689,7,210,W,HV,0.4,114,100,72.0,0.0036,64.8,0.0,0.0,0.0,0.0,0.0,0.0
02/01/2022 00:00:00,717690,7,210,E,OR,,114,100,40.0,0.0037,,,,,,,
02/01/2022 00:00:00,717691,7,210,E,FR,,114,100,52.0,0.0063,,,,,,,
02/01/2022 00:00:00,717692,7,210,E,ML,0.6,342,75,1291.0,0.0389,67.0,0.0,0.0,0.0,0.0,0.0,0.0
02/01/2022 00:00:00,717693,7,210,W,FR,,114,50,12.0,0.0007,,,,,,,
02/01/2022 00:00:00,717694,7,210,W,ML,0.65,454,75,1430.0,0.0619,57.7,0.1,0.2,0.6,1.0,1.6,2.2
