date,time,Station,District,Route,Direction of Travel,Lane Type,Station Length,Samples,% Observed,Total Flow,Avg Occupancy,Avg Speed,Delay (V_t=35),Delay (V_t=40),Delay (V_t=45),Delay (V_t=50),Delay (V_t=55),Delay (V_t=60)
02/07/2022,00:00:00,715898,7,5,S,ML,0.43,0,0,2226,0.0305,69.9,0,0,0,0,0,0
02/07/2022,00:00:00,715918,7,5,N,ML,0.885,0,0,1560,0.0246,68.8,0,0,0,0,0,0
02/07/2022,00:00:00,715920,7,5,S,ML,1.29,0,0,1778,0.04,64.6,0,0,0,0,0,0.1
02/07/2022,00:00:00,715929,7,5,S,ML,0.47,446,100,1525,0.0292,65.6,0.1,0.2,0.3,0.3,0.4,0.5
02/07/2022,00:00:00,715930,7,5,N,ML,0.505,448,100,1641,0.0309,69.4,0,0,0,0,0,0.1
02/07/2022,00:00:00,715933,7,5,N,ML,0.425,448,100,1478,0.0231,69.4,0,0,0,0,0,0
02/07/2022,00:00:00,715938,7,5,N,ML,0.545,448,100,1731,0.0281,70,0,0,0,0,0,0
02/07/2022,00:00:00,715944,7,5,N,ML,0.323,448,75,2087,0.0457,66.5,0,0,0,0,0,0
02/07/2022,00:00:00,715947,7,5,S,ML,0.495,336,100,1265,0.024,65.6,0,0,0,0,0,0.1
02/07/2022,00:00:00,715996,7,5,S,ML,0.275,0,0,1272,0.0236,66.4,0,0,0,0,0,0
02/07/2022,00:00:00,716007,7,5,N,ML,1.75,0,0,1562,0.0246,69.4,0,0,0,0,0,0
02/07/2022,00:00:00,716010,7,5,S,ML,0.6,0,0,201,0.0082,65.1,0,0,0,0,0,0
02/07/2022,00:00:00,716016,7,5,S,ML,0.65,0,0,201,0.0082,65.1,0,0,0,0,0,0
02/07/2022,00:00:00,716017,7,5,N,ML,0.53,0,0,201,0.0082,65.1,0,0,0,0,0,0
02/07/2022,00:00:00,716023,7,5,N,ML,5,0,0,1123,0.0402,63.3,0,0,0,0,0,0.8
02/07/2022,00:00:00,716026,7,210,E,HV,0.8,112,100,84,0.0044,64.9,0,0,0,0,0,0
02/07/2022,00:00:00,716028,7,10,E,ML,0.291,335,100,655,0.015,66.4,0,0,0,0,0.1,0.1
02/07/2022,00:00:00,716032,7,10,W,ML,0.38,0,0,1715,0.0393,63.3,0,0,0,0,0,0.1
02/07/2022,00:00:00,716036,7,10,E,ML,0.38,0,0,2120,0.0385,66.9,0,0,0,0,0,0
02/07/2022,00:00:00,716047,7,10,E,ML,0.265,0,0,2206,0.0446,64.1,0,0,0,0,0,0
02/07/2022,00:00:00,716050,7,10,E,ML,0.42,0,0,2034,0.0434,68.3,0,0,0,0,0,0
02/07/2022,00:00:00,716057,7,10,E,ML,0.25,0,0,201,0.0082,65.1,0,0,0,0,0,0
02/07/2022,00:00:00,716063,7,10,W,ML,0.225,0,0,201,0.0082,65.1,0,0,0,0,0,0
02/07/2022,00:00:00,716067,7,10,E,ML,0.125,336,100,574,0.0107,69.6,0,0,0,0,0,0
02/07/2022,00:00:00,716069,7,10,E,ML,0.25,354,0,1679,0.0378,67.4,0,0,0,0,0,0
02/07/2022,00:00:00,716072,7,10,E,ML,0.28,671,100,1175,0.0125,70.7,0,0,0,0,0,0
02/07/2022,00:00:00,716075,7,10,E,ML,0.37,672,100,1257,0.0132,70.2,0,0,0,0,0,0
02/07/2022,00:00:00,716076,7,10,W,ML,0.37,672,100,987,0.0101,69.5,0,0,0,0,0,0
02/07/2022,00:00:00,716078,7,10,E,ML,0.5,672,0,1589,0.0197,66.2,0,0,0,0,0,0
02/07/2022,00:00:00,716081,7,10,E,ML,0.19,448,100,998,0.0149,68.4,0,0,0,0,0,0
02/07/2022,00:00:00,716084,7,10,W,ML,0.34,446,100,804,0.013,67,0,0,0,0,0,0
02/07/2022,00:00:00,716085,7,10,E,ML,0.38,448,100,1160,0.0203,69.2,0,0,0,0,0,0
02/07/2022,00:00:00,716087,7,10,E,ML,0.428,560,100,1361,0.0165,72,0,0,0,0,0,0
02/07/2022,00:00:00,716088,7,10,W,ML,0.29,448,100,1088,0.0181,67.7,0,0,0,0,0,0
02/07/2022,00:00:00,716091,7,10,W,ML,0.495,448,0,1699,0.0218,65.4,0,0,0,0,0,0
02/07/2022,00:00:00,716092,7,10,E,ML,0.446,448,100,1305,0.02,68.9,0,0,0,0,0,0
02/07/2022,00:00:00,716101,7,10,W,ML,0.38,337,75,1156,0.0221,66.9,0,0,0,0,0,0
02/07/2022,00:00:00,716126,7,10,E,ML,0.475,0,0,1116,0.0352,64.4,0,0,0,0,0,0
02/07/2022,00:00:00,716142,7,210,E,ML,0.8,448,100,1207,0.0205,68.1,0,0,0,0,0.1,0.2
02/07/2022,00:00:00,716143,7,210,E,ML,0.65,448,100,941,0.0166,68.5,0,0,0,0,0,0
02/07/2022,00:00:00,716146,7,10,W,ML,0.5,448,0,1705,0.0392,61.5,0,0,0,0,0,0.3
02/07/2022,00:00:00,716152,7,10,E,ML,0.48,448,50,692,0.0179,63.4,0,0,0,0,0,0
02/07/2022,00:00:00,716153,7,10,W,ML,0.48,560,40,1471,0.0272,64,0,0,0,0,0,0.2
02/07/2022,00:00:00,716172,7,10,E,ML,0.695,448,75,572,0.0119,67,0,0,0,0,0,0
02/07/2022,00:00:00,716174,7,10,W,ML,0.625,446,100,877,0.0102,72.7,0,0,0,0,0,0
02/07/2022,00:00:00,716176,7,10,W,ML,0.39,560,100,1146,0.0171,71.9,0,0,0,0,0,0
02/07/2022,00:00:00,716181,7,10,E,ML,0.89,480,0,1562,0.0246,69.4,0,0,0,0,0,0
02/07/2022,00:00:00,716187,7,10,E,ML,0.515,808,0,1416,0.0381,63.5,0,0,0,0,0,0.1
02/07/2022,00:00:00,716193,7,10,W,ML,0.2,448,100,2080,0.0534,72.8,0,0,0,0,0,0.1
02/07/2022,00:00:00,716203,7,57,N,ML,0.56,240,33,155,0.0055,64.9,0,0,0,0,0,0
02/07/2022,00:00:00,716206,7,60,W,ML,0.54,0,0,201,0.0082,65.2,0,0,0,0,0,0
02/07/2022,00:00:00,716213,7,60,E,ML,0.47,0,0,2226,0.0305,69.8,0,0,0,0,0,0
02/07/2022,00:00:00,716235,7,60,E,ML,0.56,0,0,839,0.0181,66.1,0,0,0,0,0,0
02/07/2022,00:00:00,716237,7,60,E,ML,0.535,0,0,2225,0.0305,70.2,0,0,0,0,0,0
02/07/2022,00:00:00,716238,7,60,W,ML,0.569,0,0,1562,0.0246,69.4,0,0,0,0,0,0
02/07/2022,00:00:00,716241,7,60,W,ML,0.45,480,100,1141,0.0257,69.2,0,0,0,0,0,0
02/07/2022,00:00:00,716253,7,60,W,ML,0.25,0,0,1557,0.0246,68.7,0,0,0,0,0,0
02/07/2022,00:00:00,716254,7,60,E,ML,0.18,0,0,1557,0.0246,68.7,0,0,0,0,0,0
02/07/2022,00:00:00,716265,7,60,E,ML,0.405,448,75,1618,0.0368,66,0,0,0,0,0,0.2
02/07/2022,00:00:00,716271,7,71,S,ML,1.218,0,0,201,0.0082,65.1,0,0,0,0,0,0
02/07/2022,00:00:00,716272,7,91,E,ML,0.333,0,0,241,0.015,65.3,0,0,0,0,0,0
02/07/2022,00:00:00,716273,7,91,E,ML,0.525,332,100,379,0.0098,67.7,0,0,0,0,0,0
02/07/2022,00:00:00,716295,7,91,W,ML,0.405,560,100,1248,0.0149,69.6,0,0,0,0,0,0
02/07/2022,00:00:00,716296,7,91,E,ML,0.53,427,60,2180,0.0248,70.4,0,0,0,0,0,0
02/07/2022,00:00:00,716311,7,91,W,ML,0.52,560,0,2006,0.0426,61.9,0,0,0,0,0,0.3
02/07/2022,00:00:00,716312,7,91,E,ML,0.52,672,0,1397,0.0293,64.3,0,0,0,0,0,0
02/07/2022,00:00:00,716313,7,91,E,ML,0.575,0,0,1101,0.0252,66.3,0,0,0,0,0,0.1
02/07/2022,00:00:00,716314,7,91,W,ML,0.575,0,0,1557,0.0246,68.7,0,0,0,0,0,0
02/07/2022,00:00:00,716328,7,101,S,ML,0.365,0,0,2226,0.0305,69.8,0,0,0,0,0,0
02/07/2022,00:00:00,716331,7,101,S,ML,0.355,0,0,1847,0.0321,68.3,0,0,0,0,0,0
02/07/2022,00:00:00,716337,7,101,N,ML,0.46,0,0,1557,0.0246,68.7,0,0,0,0,0,0
02/07/2022,00:00:00,716339,7,101,S,ML,0.525,0,0,2471,0.0348,69.1,0,0,0,0,0,0
02/07/2022,00:00:00,716359,7,101,N,ML,0.565,479,100,1777,0.0189,73.3,0,0,0,0,0,0
02/07/2022,00:00:00,716390,7,101,S,ML,0.79,359,75,575,0.0134,71.9,0,0,0,0,0,0
02/07/2022,00:00:00,716391,7,101,S,ML,0.76,0,0,932,0.0324,67.8,0,0,0,0,0,0
02/07/2022,00:00:00,716392,7,101,S,ML,0.6,0,0,901,0.0337,63.3,0,0,0,0,0,0.1
02/07/2022,00:00:00,716402,7,105,W,ML,0.75,0,0,1560,0.0246,68.8,0,0,0,0,0,0
02/07/2022,00:00:00,716404,7,105,W,ML,0.35,336,0,1560,0.0246,68.8,0,0,0,0,0,0
02/07/2022,00:00:00,716405,7,105,W,ML,0.45,0,0,1557,0.0246,68.7,0,0,0,0,0,0
02/07/2022,00:00:00,716407,7,105,W,ML,0.65,118,0,1214,0.0374,64.9,0,0,0,0,0,0
02/07/2022,00:00:00,716409,7,105,W,ML,0.75,336,33,688,0.0172,65,0,0,0,0,0,0
02/07/2022,00:00:00,716413,7,105,W,ML,0.6,0,0,1926,0.0476,62.7,0,0,0,0,0,0.2
02/07/2022,00:00:00,716414,7,105,E,ML,0.5,0,0,1557,0.0246,68.7,0,0,0,0,0,0
02/07/2022,00:00:00,716419,7,105,E,ML,0.55,0,0,1557,0.0246,68.7,0,0,0,0,0,0
02/07/2022,00:00:00,716420,7,105,W,ML,0.6,0,0,1557,0.0246,68.7,0,0,0,0,0,0
02/07/2022,00:00:00,716421,7,105,E,ML,0.55,0,0,1557,0.0246,68.7,0,0,0,0,0,0
02/07/2022,00:00:00,716422,7,105,W,ML,0.5,0,0,1498,0.0485,63.2,0,0,0,0,0,0.1
02/07/2022,00:00:00,716424,7,105,E,ML,0.6,0,0,203,0.0082,65.7,0,0,0,0,0,0
02/07/2022,00:00:00,716426,7,105,W,ML,0.495,0,0,1418,0.0196,68.8,0,0,0,0,0,0
02/07/2022,00:00:00,716427,7,105,E,ML,0.32,0,0,1560,0.0246,68.8,0,0,0,0,0,0
02/07/2022,00:00:00,716428,7,105,W,ML,0.55,0,0,201,0.0082,65.2,0,0,0,0,0,0
02/07/2022,00:00:00,716431,7,105,E,ML,0.3,0,0,1557,0.0246,68.7,0,0,0,0,0,0
02/07/2022,00:00:00,716432,7,105,W,HV,0.3,0,0,201,0.0082,65.1,0,0,0,0,0,0
02/07/2022,00:00:00,716433,7,105,E,ML,0.3,0,0,1557,0.0246,68.7,0,0,0,0,0,0
02/07/2022,00:00:00,716434,7,105,W,ML,0.3,0,0,1557,0.0246,68.7,0,0,0,0,0,0
02/07/2022,00:00:00,716437,7,105,W,ML,0.65,336,67,1381,0.0321,67.2,0,0,0,0,0,0
02/07/2022,00:00:00,716440,7,105,E,ML,0.6,0,0,1341,0.1031,39.7,0.9,2,3.4,4.6,5.8,6.9
02/07/2022,00:00:00,716441,7,105,W,ML,0.4,0,0,201,0.0082,65.2,0,0,0,0,0,0
02/07/2022,00:00:00,716442,7,105,E,ML,0.6,0,0,1560,0.0246,68.8,0,0,0,0,0,0
02/07/2022,00:00:00,716443,7,105,W,ML,0.45,0,0,201,0.0082,65.2,0,0,0,0,0,0
02/07/2022,00:00:00,716448,7,105,W,ML,0.5,0,0,1560,0.0246,68.8,0,0,0,0,0,0
02/07/2022,00:00:00,716449,7,105,E,ML,0.65,0,0,201,0.0082,65.1,0,0,0,0,0,0
02/07/2022,00:00:00,716450,7,105,W,ML,0.455,0,0,1454,0.0128,69.7,0,0,0,0,0,0
02/07/2022,00:00:00,716453,7,105,E,ML,0.305,0,0,3634,0.0433,68.6,0,0,0,0,0,0
02/07/2022,00:00:00,716456,7,105,E,ML,0.47,0,0,3632,0.0433,69.2,0,0,0,0,0,0
02/07/2022,00:00:00,716457,7,105,W,ML,0.55,0,0,203,0.0082,65.7,0,0,0,0,0,0
02/07/2022,00:00:00,716459,7,105,W,ML,0.45,0,0,201,0.0082,65.2,0,0,0,0,0,0
02/07/2022,00:00:00,716460,7,105,E,ML,0.4,0,0,1560,0.0246,68.8,0,0,0,0,0,0
02/07/2022,00:00:00,716461,7,105,W,ML,0.35,0,0,1220,0.0251,67.2,0,0,0,0,0,0
02/07/2022,00:00:00,716466,7,105,E,ML,0.45,0,0,1560,0.0246,68.8,0,0,0,0,0,0
02/07/2022,00:00:00,716470,7,105,E,ML,0.665,359,50,1917,0.045,66.5,0,0,0,0,0,0.1
02/07/2022,00:00:00,716471,7,105,W,ML,0.55,0,0,201,0.0082,65.1,0,0,0,0,0,0
02/07/2022,00:00:00,716481,7,110,S,ML,0.67,0,0,201,0.0082,65.2,0,0,0,0,0,0
02/07/2022,00:00:00,716484,7,110,N,ML,0.77,112,0,1848,0.0372,64.6,0,0,0,0,0,0
02/07/2022,00:00:00,716485,7,110,S,ML,0.555,0,0,1365,0.0261,70,0,0,0,0,0,0
02/07/2022,00:00:00,716490,7,110,N,ML,0.445,0,0,1364,0.0258,70.5,0,0,0,0,0,0
02/07/2022,00:00:00,716491,7,110,S,ML,0.515,0,0,1116,0.0222,65.8,0,0,0,0,0,0
02/07/2022,00:00:00,716494,7,110,S,ML,0.32,559,100,1159,0.0146,71.2,0,0,0,0,0,0
02/07/2022,00:00:00,716495,7,110,N,ML,0.27,560,100,1497,0.0204,69.5,0,0,0,0,0,0
02/07/2022,00:00:00,716499,7,110,N,ML,0.39,560,0,2224,0.0305,70.5,0,0,0,0,0,0
02/07/2022,00:00:00,716500,7,110,S,ML,0.795,672,50,2473,0.0336,66.1,0,0,0,0,0,0.1
02/07/2022,00:00:00,716541,7,118,E,HV,0.495,112,100,2,1e-4,64.9,0,0,0,0,0,0
02/07/2022,00:00:00,716551,7,134,W,ML,0.556,0,0,201,0.0082,65.1,0,0,0,0,0,0
02/07/2022,00:00:00,716554,7,134,W,ML,0.355,224,0,1557,0.0246,68.7,0,0,0,0,0,0
02/07/2022,00:00:00,716571,7,170,S,ML,1.16,0,0,201,0.0082,65.1,0,0,0,0,0,0
02/07/2022,00:00:00,716573,7,170,S,ML,0.325,0,0,201,0.0082,65.2,0,0,0,0,0,0
02/07/2022,00:00:00,716626,7,405,S,ML,0.26,559,60,919,0.0116,69.9,0,0,0,0,0,0
02/07/2022,00:00:00,716632,7,405,N,ML,0.385,558,80,989,0.0163,71.5,0,0,0,0,0,0
02/07/2022,00:00:00,716659,7,405,N,ML,0.365,560,80,1213,0.02,68.3,0,0,0,0,0,0
02/07/2022,00:00:00,716660,7,405,S,ML,0.375,0,0,2002,0.039,66.3,0,0,0,0,0,0
02/07/2022,00:00:00,716663,7,405,N,ML,0.355,440,100,1020,0.0198,68.6,0,0,0,0,0,0
02/07/2022,00:00:00,716670,7,405,N,ML,0.545,0,0,1620,0.0446,63.5,0,0,0,0,0,0.1
02/07/2022,00:00:00,716674,7,405,S,ML,0.48,448,100,1217,0.0217,67.7,0,0,0,0,0,0.1
02/07/2022,00:00:00,716689,7,405,N,ML,0.385,559,80,1301,0.0195,68.9,0,0,0,0,0,0
02/07/2022,00:00:00,716694,7,405,N,ML,0.488,559,80,984,0.0145,69.6,0,0,0,0,0,0
02/07/2022,00:00:00,716714,7,405,N,ML,0.22,559,100,1890,0.0252,70.2,0,0,0,0,0,0
02/07/2022,00:00:00,716719,7,405,S,ML,0.335,0,0,2125,0.0765,61.4,0,0,0,0,0.2,0.4
02/07/2022,00:00:00,716720,7,405,N,ML,0.41,0,0,2496,0.0453,63.3,0,0,0,0,0,0.3
02/07/2022,00:00:00,716733,7,405,N,ML,0.59,560,100,1750,0.0228,71.4,0,0,0,0,0,0
02/07/2022,00:00:00,716738,7,405,N,ML,0.605,672,100,1895,0.0227,70.3,0,0,0,0,0,0
02/07/2022,00:00:00,716739,7,405,N,ML,0.425,0,0,2527,0.0351,65.4,0,0,0,0,0,0.1
02/07/2022,00:00:00,716760,7,605,N,ML,0.47,448,100,730,0.0106,67.5,0,0,0,0,0,0
02/07/2022,00:00:00,716775,7,605,S,ML,0.535,0,0,1509,0.0305,64,0,0,0,0,0,0
02/07/2022,00:00:00,716776,7,605,S,ML,0.56,0,0,1557,0.0246,68.7,0,0,0,0,0,0
02/07/2022,00:00:00,716778,7,605,S,ML,0.42,0,0,2253,0.0294,66.3,0,0,0,0,0,0
02/07/2022,00:00:00,716784,7,605,N,ML,0.465,560,100,1115,0.0124,69.5,0,0,0,0,0,0
02/07/2022,00:00:00,716788,7,605,N,ML,0.24,224,40,1301,0.0193,68.1,0,0,0,0,0,0
02/07/2022,00:00:00,716797,7,605,S,ML,0.598,0,0,1845,0.0321,68.3,0,0,0,0,0,0
02/07/2022,00:00:00,716800,7,605,N,ML,0.557,0,0,1508,0.0264,69.5,0,0,0,0,0,0
02/07/2022,00:00:00,716810,7,605,S,ML,0.453,0,0,2207,0.0845,62.2,0,0,0,0,0,0.3
02/07/2022,00:00:00,716819,7,605,N,ML,0.473,0,0,1557,0.0246,68.7,0,0,0,0,0,0
02/07/2022,00:00:00,716829,7,605,N,ML,0.97,0,0,1217,0.0403,67.4,0,0,0,0,0,0
02/07/2022,00:00:00,716834,7,605,N,ML,0.401,448,100,971,0.0151,68.5,0,0,0,0,0,0
02/07/2022,00:00:00,716841,7,605,N,ML,0.426,448,75,1026,0.0145,65.3,0,0,0,0,0,0
02/07/2022,00:00:00,716847,7,710,S,ML,0.665,336,0,1324,0.034,66.9,0,0,0,0,0,0
02/07/2022,00:00:00,716857,7,710,S,ML,0.493,112,0,1562,0.0246,69.4,0,0,0,0,0,0
02/07/2022,00:00:00,716875,7,710,S,ML,0.265,480,0,1229,0.034,65.3,0,0,0,0,0,0
02/07/2022,00:00:00,716891,7,710,S,ML,0.435,0,0,1083,0.0381,65.4,0,0,0,0,0,0
02/07/2022,00:00:00,716895,7,5,S,ML,0.575,442,50,1456,0.0356,64.7,0,0,0,0,0,0.1
02/07/2022,00:00:00,716896,7,5,N,ML,0.455,0,0,1557,0.0246,68.7,0,0,0,0,0,0
02/07/2022,00:00:00,716898,7,5,S,ML,0.66,0,0,2226,0.0305,69.9,0,0,0,0,0,0
02/07/2022,00:00:00,716899,7,5,N,ML,0.425,0,0,1560,0.0246,68.8,0,0,0,0,0,0
02/07/2022,00:00:00,716900,7,5,N,ML,0.46,0,0,1560,0.0246,68.8,0,0,0,0,0,0
02/07/2022,00:00:00,716902,7,5,S,ML,0.385,0,0,2036,0.031,69,0,0,0,0,0,0
02/07/2022,00:00:00,716904,7,5,N,ML,0.265,0,0,2036,0.031,69,0,0,0,0,0,0
02/07/2022,00:00:00,716906,7,5,S,ML,0.5,0,0,2226,0.0305,69.9,0,0,0,0,0,0
02/07/2022,00:00:00,716907,7,5,S,ML,0.41,0,0,2226,0.0305,69.9,0,0,0,0,0,0
02/07/2022,00:00:00,716908,7,5,S,ML,0.635,0,0,2226,0.0305,69.9,0,0,0,0,0,0
02/07/2022,00:00:00,716911,7,5,S,ML,0.47,0,0,2036,0.031,69,0,0,0,0,0,0
02/07/2022,00:00:00,716912,7,5,S,ML,0.875,0,0,2226,0.0305,69.9,0,0,0,0,0,0
02/07/2022,00:00:00,716916,7,5,S,ML,0.275,0,0,1489,0.0328,65.1,0,0,0,0,0,0
02/07/2022,00:00:00,716918,7,5,S,ML,0.36,447,100,1463,0.0284,67.6,0,0,0,0,0,0.1
02/07/2022,00:00:00,716920,7,5,S,ML,0.415,448,100,1471,0.022,69.2,0,0,0,0,0,0
02/07/2022,00:00:00,716921,7,5,N,ML,0.415,448,75,1495,0.0246,67.9,0,0,0,0,0,0
02/07/2022,00:00:00,716922,7,5,S,ML,0.485,448,100,1499,0.0238,68.5,0,0,0,0,0,0
02/07/2022,00:00:00,716923,7,5,N,ML,0.485,448,100,1404,0.021,70.2,0,0,0,0,0,0
02/07/2022,00:00:00,716924,7,5,S,ML,0.44,448,100,1393,0.023,69,0,0,0,0,0,0
02/07/2022,00:00:00,716925,7,5,N,ML,0.44,448,75,1622,0.031,68,0,0,0,0,0,0
02/07/2022,00:00:00,716928,7,5,S,ML,0.421,448,50,1568,0.0336,66.6,0,0,0,0,0,0
02/07/2022,00:00:00,716929,7,5,N,ML,0.421,448,100,1658,0.0272,69.3,0,0,0,0,0,0
02/07/2022,00:00:00,716930,7,5,S,ML,0.323,448,100,1537,0.0286,67.1,0,0,0,0,0,0.1
02/07/2022,00:00:00,716933,7,5,N,ML,0.565,448,60,2539,0.0387,69.6,0,0,0,0,0,0
02/07/2022,00:00:00,716934,7,5,S,ML,0.546,560,100,1999,0.0299,71.3,0,0,0,0,0,0
02/07/2022,00:00:00,716936,7,5,S,ML,0.4,557,100,1944,0.0404,64.6,0.3,0.5,0.7,0.9,1.1,1.3
02/07/2022,00:00:00,716937,7,5,N,ML,0.495,0,0,2105,0.0313,70.2,0,0,0,0,0,0
02/07/2022,00:00:00,716938,7,5,S,ML,0.835,0,0,2105,0.0313,69.7,0,0,0,0,0,0
02/07/2022,00:00:00,716939,7,5,S,ML,0.72,0,0,2105,0.0313,70.2,0,0,0,0,0,0
02/07/2022,00:00:00,716940,7,5,S,ML,0.575,112,0,2105,0.0313,70.2,0,0,0,0,0,0
02/07/2022,00:00:00,716941,7,5,S,ML,0.39,0,0,1300,0.0371,64.1,0,0,0,0,0,0
02/07/2022,00:00:00,716942,7,5,N,ML,1.935,560,80,1362,0.0173,70.2,0,0,0,0,0,0
02/07/2022,00:00:00,716943,7,5,S,ML,0.43,336,50,1160,0.0265,66.9,0,0,0,0,0,0
02/07/2022,00:00:00,716944,7,5,S,ML,0.81,0,0,1429,0.0417,64.3,0,0,0,0,0,0.1
02/07/2022,00:00:00,716946,7,5,S,ML,0.625,0,0,1010,0.03,69.6,0,0,0,0,0,0
02/07/2022,00:00:00,716949,7,5,S,ML,0.57,560,80,1224,0.0143,71,0,0,0,0,0,0
02/07/2022,00:00:00,716951,7,5,N,ML,0.735,0,0,2105,0.0313,69.5,0,0,0,0,0,0
02/07/2022,00:00:00,716953,7,5,N,ML,0.465,560,80,1681,0.0298,71.9,0,0,0,0,0,0
02/07/2022,00:00:00,716955,7,5,S,ML,0.465,0,0,2060,0.0414,63,0,0,0,0,0,0.2
02/07/2022,00:00:00,716956,7,5,N,ML,0.55,560,40,1107,0.0236,66.8,0,0,0,0,0,0
02/07/2022,00:00:00,716958,7,5,S,ML,0.704,336,60,898,0.0232,66.4,0,0,0,0,0,0
02/07/2022,00:00:00,716960,7,5,S,ML,0.48,328,50,909,0.029,68.6,0,0,0,0,0,0
02/07/2022,00:00:00,716963,7,5,N,ML,0.36,224,25,1459,0.0334,63.5,0,0,0,0,0,0.1
02/07/2022,00:00:00,716965,7,5,S,ML,0.27,0,0,1546,0.0393,61.7,0,0,0,0,0,0.1
02/07/2022,00:00:00,716968,7,5,N,ML,0.315,448,100,911,0.0136,66.4,0,0,0,0,0,0
02/07/2022,00:00:00,716971,7,5,N,ML,0.265,446,100,1080,0.0183,68.8,0,0,0,0,0,0
02/07/2022,00:00:00,716973,7,5,N,ML,0.435,447,75,1233,0.023,66.5,0,0,0,0,0,0.1
02/07/2022,00:00:00,716974,7,5,N,ML,0.76,319,50,1289,0.0293,62.1,0,0,0,0,0,0.2
02/07/2022,00:00:00,716975,7,5,S,ML,0.505,0,0,201,0.0082,65.1,0,0,0,0,0,0
02/07/2022,00:00:00,716977,7,5,S,ML,0.495,0,0,1614,0.0394,64.8,0,0,0,0,0,0
02/07/2022,00:00:00,716978,7,5,N,ML,0.71,0,0,1775,0.0452,61,0,0,0,0,0.1,0.6
02/07/2022,00:00:00,716979,7,5,S,ML,0.765,0,0,201,0.0082,65.1,0,0,0,0,0,0
02/07/2022,00:00:00,716981,7,5,N,ML,0.72,0,0,201,0.0082,65.1,0,0,0,0,0,0
02/07/2022,00:00:00,716983,7,5,S,ML,0.795,0,0,201,0.0082,65.1,0,0,0,0,0,0
02/07/2022,00:00:00,716985,7,5,N,ML,0.86,0,0,201,0.0082,65.1,0,0,0,0,0,0
02/07/2022,00:00:00,716986,7,5,S,ML,0.905,0,0,201,0.0082,65.1,0,0,0,0,0,0
02/07/2022,00:00:00,716988,7,5,N,ML,1.155,0,0,201,0.0082,65.1,0,0,0,0,0,0
02/07/2022,00:00:00,716989,7,5,S,ML,0.65,0,0,201,0.0082,65.1,0,0,0,0,0,0
02/07/2022,00:00:00,716990,7,5,N,ML,0.915,0,0,201,0.0082,65.1,0,0,0,0,0,0
02/07/2022,00:00:00,716991,7,5,S,ML,0.505,0,0,201,0.0082,65.1,0,0,0,0,0,0
02/07/2022,00:00:00,716993,7,5,S,ML,0.65,0,0,201,0.0082,65.1,0,0,0,0,0,0
02/07/2022,00:00:00,716994,7,5,N,ML,0.51,0,0,201,0.0082,65.1,0,0,0,0,0,0
02/07/2022,00:00:00,716996,7,5,S,ML,0.415,0,0,201,0.0082,65.1,0,0,0,0,0,0
02/07/2022,00:00:00,716997,7,5,N,ML,0.55,0,0,201,0.0082,65.1,0,0,0,0,0,0
02/07/2022,00:00:00,716999,7,5,S,ML,0.48,0,0,201,0.0082,65.1,0,0,0,0,0,0
02/07/2022,00:00:00,717000,7,5,N,ML,0.84,0,0,1322,0.0319,66.3,0,0,0,0,0,0.2
02/07/2022,00:00:00,717001,7,5,S,ML,0.84,0,0,1193,0.0273,64.4,0,0,0,0,0,0.2
02/07/2022,00:00:00,717002,7,5,S,ML,0.54,448,100,925,0.0133,68.6,0,0,0,0,0,0
02/07/2022,00:00:00,717004,7,5,S,ML,0.27,672,83,1351,0.016,68.4,0,0,0,0,0,0
02/07/2022,00:00:00,717006,7,5,S,ML,0.435,0,0,1749,0.0266,66,0,0,0,0,0,0
02/07/2022,00:00:00,717008,7,10,E,ML,0.36,0,0,2285,0.0435,63.4,0,0,0,0,0,0.1
02/07/2022,00:00:00,717009,7,10,E,ML,0.535,0,0,2392,0.0316,70.6,0,0,0,0,0,0
02/07/2022,00:00:00,717011,7,10,E,ML,0.28,560,100,1398,0.0164,71.2,0,0,0,0,0,0
02/07/2022,00:00:00,717012,7,10,W,ML,0.46,0,0,2105,0.0313,69.5,0,0,0,0,0,0
02/07/2022,00:00:00,717014,7,10,E,ML,0.325,0,0,1557,0.0246,68.7,0,0,0,0,0,0
02/07/2022,00:00:00,717015,7,10,W,ML,0.425,0,0,2105,0.0313,69.5,0,0,0,0,0,0
02/07/2022,00:00:00,717016,7,10,E,ML,0.23,0,0,1557,0.0246,68.7,0,0,0,0,0,0
02/07/2022,00:00:00,717019,7,10,W,ML,0.535,0,0,2105,0.0313,69.5,0,0,0,0,0,0
02/07/2022,00:00:00,717020,7,10,E,ML,0.25,0,0,1557,0.0246,68.7,0,0,0,0,0,0
02/07/2022,00:00:00,717022,7,10,E,ML,0.295,0,0,2392,0.0316,70.6,0,0,0,0,0,0
02/07/2022,00:00:00,717026,7,10,W,ML,0.15,0,0,2105,0.0313,69.5,0,0,0,0,0,0
02/07/2022,00:00:00,717028,7,10,E,ML,0.2,336,75,1777,0.0271,66.4,0,0,0,0,0,0
02/07/2022,00:00:00,717029,7,10,W,ML,0.265,0,0,2105,0.0313,69.5,0,0,0,0,0,0
02/07/2022,00:00:00,717031,7,10,W,ML,0.25,0,0,2105,0.0313,70.2,0,0,0,0,0,0
02/07/2022,00:00:00,717032,7,10,E,ML,0.585,529,80,1678,0.0227,71,0,0,0,0,0,0
02/07/2022,00:00:00,717033,7,10,W,ML,0.515,560,80,1295,0.0156,69.5,0,0,0,0,0,0
02/07/2022,00:00:00,717035,7,10,E,ML,0.455,0,0,1882,0.0301,66.2,0,0,0,0,0,0
02/07/2022,00:00:00,717036,7,10,W,ML,0.235,0,0,2105,0.0313,69.5,0,0,0,0,0,0
02/07/2022,00:00:00,717039,7,10,E,ML,0.43,0,0,1845,0.0321,69,0,0,0,0,0,0
02/07/2022,00:00:00,717040,7,10,W,ML,0.255,0,0,1557,0.0246,68.7,0,0,0,0,0,0
02/07/2022,00:00:00,717041,7,10,W,ML,0.29,0,0,1557,0.0246,68.7,0,0,0,0,0,0
02/07/2022,00:00:00,717042,7,10,E,ML,0.255,0,0,2471,0.0348,69.1,0,0,0,0,0,0
02/07/2022,00:00:00,717043,7,10,W,ML,0.21,0,0,1562,0.0246,69.4,0,0,0,0,0,0
02/07/2022,00:00:00,717045,7,10,W,ML,0.275,0,0,1560,0.0246,69.1,0,0,0,0,0,0
02/07/2022,00:00:00,717046,7,10,E,ML,0.145,0,0,2470,0.0348,69.8,0,0,0,0,0,0
02/07/2022,00:00:00,717047,7,10,W,ML,0.306,335,100,454,0.0083,68.5,0,0,0,0,0,0
02/07/2022,00:00:00,717049,7,10,W,ML,0.245,336,100,453,0.0078,68.1,0,0,0,0,0,0
02/07/2022,00:00:00,717052,7,10,W,ML,0.185,448,100,668,0.0099,68.1,0,0,0,0,0,0
02/07/2022,00:00:00,717055,7,10,W,ML,0.28,448,100,658,0.0098,68.3,0,0,0,0,0,0
02/07/2022,00:00:00,717056,7,10,W,HV,0.28,224,50,111,0.0047,62.5,0,0,0,0,0,0
02/07/2022,00:00:00,717059,7,10,E,ML,0.315,596,67,1158,0.0124,69.4,0,0,0,0,0,0
02/07/2022,00:00:00,717060,7,10,W,ML,0.38,671,83,1008,0.0111,69.3,0,0,0,0,0,0
02/07/2022,00:00:00,717065,7,10,W,ML,0.19,448,50,970,0.0209,64.5,0,0,0,0,0,0
02/07/2022,00:00:00,717070,7,10,E,ML,0.25,448,100,1016,0.0147,68.5,0,0,0,0,0,0
02/07/2022,00:00:00,717071,7,10,W,ML,0.39,336,100,781,0.0192,66.1,0,0,0.1,0.1,0.1,0.2
02/07/2022,00:00:00,717073,7,10,W,ML,0.395,448,100,2888,0.2258,75.4,0,0,0,0,0,0
02/07/2022,00:00:00,717075,7,10,E,ML,0.32,448,100,1185,0.0155,68.5,0,0,0,0,0,0
02/07/2022,00:00:00,717077,7,10,E,ML,0.235,448,100,1192,0.0174,68.4,0,0,0,0,0,0
02/07/2022,00:00:00,717079,7,10,W,ML,0.28,448,100,1029,0.0143,68.6,0,0,0,0,0,0
02/07/2022,00:00:00,717081,7,10,W,ML,0.33,448,100,1091,0.0201,69.7,0,0,0,0,0,0
02/07/2022,00:00:00,717083,7,10,E,ML,0.195,448,100,1183,0.0201,68.2,0,0,0,0,0,0
02/07/2022,00:00:00,717084,7,10,E,ML,0.37,448,100,1279,0.0189,67.7,0,0,0,0,0,0
02/07/2022,00:00:00,717087,7,10,W,ML,0.33,448,100,1010,0.0149,69.4,0,0,0,0,0,0
02/07/2022,00:00:00,717089,7,10,E,ML,0.325,448,100,1108,0.0167,68.3,0,0,0,0,0,0
02/07/2022,00:00:00,717091,7,10,W,ML,0.18,448,100,1007,0.0157,69.2,0,0,0,0,0,0
02/07/2022,00:00:00,717093,7,10,E,ML,0.275,447,100,1188,0.0182,68.1,0,0,0,0,0,0
02/07/2022,00:00:00,717095,7,10,W,ML,0.29,336,75,1006,0.0175,66.9,0,0,0,0,0,0
02/07/2022,00:00:00,717097,7,10,E,ML,0.245,48,27,5861,0.0395,68,0,0,0,0,0,0.1
02/07/2022,00:00:00,717099,7,134,W,ML,0.855,0,0,1557,0.0246,68.7,0,0,0,0,0,0
02/07/2022,00:00:00,717101,7,10,W,ML,0.235,447,100,1016,0.0162,69.3,0,0,0,0,0,0
02/07/2022,00:00:00,717105,7,10,E,ML,0.26,0,0,1176,0.0168,65.5,0,0,0,0,0,0
02/07/2022,00:00:00,717108,7,10,W,ML,0.25,448,100,1099,0.0168,68.9,0,0,0,0,0,0
02/07/2022,00:00:00,717110,7,10,E,ML,0.255,448,100,1146,0.017,68.3,0,0,0,0,0,0
02/07/2022,00:00:00,717112,7,10,W,ML,0.265,0,0,1073,0.0257,65.3,0,0,0,0,0,0
02/07/2022,00:00:00,717114,7,10,E,ML,0.25,0,0,1262,0.0375,64.8,0,0,0,0,0,0
02/07/2022,00:00:00,717116,7,10,W,ML,0.255,448,100,1043,0.0156,68.7,0,0,0,0,0,0
02/07/2022,00:00:00,717119,7,10,W,ML,0.246,0,0,1174,0.0223,64.5,0,0,0,0,0,0
02/07/2022,00:00:00,717121,7,10,W,ML,0.445,448,100,883,0.0124,68.3,0,0,0,0,0,0
02/07/2022,00:00:00,717123,7,10,E,ML,0.45,0,0,1313,0.033,63.2,0,0,0,0,0,0.1
02/07/2022,00:00:00,717125,7,10,W,ML,0.309,0,0,1102,0.0211,63.7,0,0,0,0,0,0
02/07/2022,00:00:00,717127,7,10,E,ML,0.315,448,100,965,0.0145,69.3,0,0,0,0,0,0
02/07/2022,00:00:00,717129,7,10,W,ML,0.17,448,100,982,0.0142,69.1,0,0,0,0,0,0
02/07/2022,00:00:00,717131,7,10,E,ML,0.165,448,100,958,0.0141,69,0,0,0,0,0,0
02/07/2022,00:00:00,717133,7,10,E,ML,0.445,0,0,950,0.0247,66.2,0,0,0,0,0,0
02/07/2022,00:00:00,717134,7,10,W,ML,0.36,0,0,1500,0.0417,64.2,0,0,0,0,0,0
02/07/2022,00:00:00,717135,7,10,W,ML,0.48,448,100,1806,0.0256,68.4,0,0,0,0,0,0
02/07/2022,00:00:00,717136,7,10,E,ML,0.485,560,0,1562,0.0246,69.4,0,0,0,0,0,0
02/07/2022,00:00:00,717139,7,10,W,ML,0.465,0,0,1419,0.0384,63.9,0,0,0,0,0,0.1
02/07/2022,00:00:00,717140,7,10,E,HV,0.554,0,0,201,0.0082,65.1,0,0,0,0,0,0
02/07/2022,00:00:00,717142,7,10,W,ML,0.505,448,100,928,0.0139,69,0,0,0,0,0,0
02/07/2022,00:00:00,717143,7,605,N,ML,0.325,448,100,669,0.0111,68.5,0,0,0,0,0,0
02/07/2022,00:00:00,717146,7,10,E,ML,0.505,447,100,904,0.0132,68.8,0,0,0,0,0,0
02/07/2022,00:00:00,717148,7,10,E,HV,0.505,112,100,23,0.0013,65,0,0,0,0,0,0
02/07/2022,00:00:00,717150,7,10,W,ML,0.256,560,100,1554,0.0291,54.4,0,0.2,0.6,1.1,1.5,1.8
02/07/2022,00:00:00,717152,7,10,E,ML,0.44,448,100,563,0.0105,69.9,0,0,0,0,0,0.1
02/07/2022,00:00:00,717154,7,10,W,ML,0.32,560,100,941,0.0115,72.8,0,0,0,0,0,0
02/07/2022,00:00:00,717155,7,10,E,ML,0.59,0,0,1287,0.0292,62.5,0,0,0,0,0,0.2
02/07/2022,00:00:00,717156,7,10,E,ML,0.66,0,0,1972,0.0368,64.7,0,0,0,0,0,0.1
02/07/2022,00:00:00,717157,7,10,W,ML,0.66,0,0,1557,0.0246,68.7,0,0,0,0,0,0
02/07/2022,00:00:00,717158,7,10,E,HV,1.01,0,0,201,0.0082,65.1,0,0,0,0,0,0
02/07/2022,00:00:00,717160,7,10,W,ML,0.455,120,25,1255,0.0417,63.3,0,0,0,0,0,0.1
02/07/2022,00:00:00,717162,7,10,W,ML,0.305,480,100,1025,0.0164,67.5,0,0,0,0,0,0
02/07/2022,00:00:00,717165,7,10,E,ML,0.25,120,25,1111,0.1129,16.7,12.5,13,13.3,13.7,13.9,14.2
02/07/2022,00:00:00,717167,7,10,W,ML,0.145,480,100,1011,0.0157,67.6,0,0,0,0,0,0
02/07/2022,00:00:00,717169,7,10,W,ML,0.49,448,0,1395,0.0408,61.8,0,0,0,0,0,0.2
02/07/2022,00:00:00,717171,7,10,W,ML,0.595,224,50,1206,0.024,64.3,0,0,0,0,0,0.1
02/07/2022,00:00:00,717174,7,10,E,ML,0.75,95,0,957,0.0311,63.2,0,0,0,0,0,0.1
02/07/2022,00:00:00,717176,7,10,W,ML,0.45,0,0,1559,0.0404,63.4,0,0,0,0,0,0.1
02/07/2022,00:00:00,717179,7,10,E,ML,0.45,224,50,381,0.0093,66.9,0,0,0,0,0,0
02/07/2022,00:00:00,717185,7,10,E,ML,0.3,224,50,767,0.0168,66.8,0,0,0,0,0,0
02/07/2022,00:00:00,717187,7,10,W,ML,0.275,224,50,1276,0.0287,64.4,0,0,0,0,0,0
02/07/2022,00:00:00,717190,7,10,E,ML,0.27,224,50,768,0.0179,67.1,0,0,0,0,0,0
02/07/2022,00:00:00,717192,7,10,W,ML,0.27,224,50,1301,0.0282,65.2,0,0,0,0,0,0
02/07/2022,00:00:00,717195,7,10,E,ML,0.332,224,50,983,0.0229,65.5,0,0,0,0,0.1,0.1
02/07/2022,00:00:00,717196,7,10,W,ML,0.314,336,25,1433,0.0332,64.8,0,0,0,0,0,0
02/07/2022,00:00:00,717198,7,10,E,ML,0.27,112,25,1235,0.0292,65,0,0,0,0,0,0
02/07/2022,00:00:00,717200,7,10,W,ML,0.295,224,0,1269,0.0341,63.6,0,0,0,0,0,0
02/07/2022,00:00:00,717202,7,10,W,ML,0.26,448,0,1253,0.0346,63.9,0,0,0,0,0,0
02/07/2022,00:00:00,717205,7,10,E,ML,0.545,370,0,1462,0.0369,63.9,0,0,0,0,0,0.1
02/07/2022,00:00:00,717207,7,10,W,ML,0.245,448,0,2226,0.0305,69.8,0,0,0,0,0,0
02/07/2022,00:00:00,717209,7,10,W,ML,0.275,409,0,2226,0.0305,69.8,0,0,0,0,0,0
02/07/2022,00:00:00,717211,7,10,W,ML,0.235,400,0,1787,0.0232,71.4,0,0,0,0,0,0
02/07/2022,00:00:00,717214,7,10,E,ML,0.43,560,40,1071,0.0207,69.5,0,0,0,0,0,0
02/07/2022,00:00:00,717216,7,10,W,ML,0.41,0,0,1261,0.029,64.4,0,0,0,0,0,0
02/07/2022,00:00:00,717219,7,10,E,ML,0.33,560,80,733,0.0101,69.3,0,0,0,0,0,0
02/07/2022,00:00:00,717220,7,10,W,ML,0.33,441,25,1447,0.02,67.4,0,0,0,0,0,0
02/07/2022,00:00:00,717224,7,10,W,ML,0.255,400,0,1281,0.0286,64.5,0,0,0,0,0,0
02/07/2022,00:00:00,717226,7,10,W,ML,0.65,448,0,1310,0.0329,67.6,0,0,0,0,0,0
02/07/2022,00:00:00,717235,7,10,W,ML,0.58,0,0,1582,0.0409,67.9,0,0,0,0,0,0
02/07/2022,00:00:00,717236,7,10,E,ML,1.03,0,0,1378,0.0315,63.1,0,0,0,0,0,0.2
02/07/2022,00:00:00,717238,7,10,W,ML,0.77,240,0,201,0.0082,65.1,0,0,0,0,0,0
02/07/2022,00:00:00,717240,7,10,W,ML,0.545,927,0,3145,0.0544,67,0,0,0,0,0,0.3
02/07/2022,00:00:00,717241,7,10,E,ML,0.685,927,0,1466,0.0386,63.2,0,0,0,0,0,0.2
02/07/2022,00:00:00,717243,7,10,E,ML,0.46,480,100,870,0.015,66.8,0,0,0,0,0,0
02/07/2022,00:00:00,717245,7,10,W,ML,0.655,576,0,1569,0.0439,61.9,0,0,0,0,0,0.3
02/07/2022,00:00:00,717246,7,10,W,ML,0.47,446,100,1107,0.0222,66.3,0,0,0,0,0,0.1
02/07/2022,00:00:00,717247,7,10,E,ML,0.471,448,100,840,0.0147,67.7,0,0,0,0,0,0
02/07/2022,00:00:00,717249,7,10,W,ML,0.427,448,100,1045,0.0234,66.4,0,0,0,0,0,0.1
02/07/2022,00:00:00,717251,7,10,E,ML,0.468,448,0,952,0.0238,63.7,0,0,0,0,0,0.1
02/07/2022,00:00:00,717252,7,10,W,ML,0.278,447,100,1034,0.0209,66.5,0,0,0,0,0,0.1
02/07/2022,00:00:00,717254,7,10,E,ML,0.595,446,100,796,0.0142,67.9,0,0,0,0,0,0
02/07/2022,00:00:00,717257,7,10,E,ML,0.335,447,100,743,0.0138,66.5,0,0,0,0,0,0
02/07/2022,00:00:00,717258,7,10,W,ML,0.48,448,100,967,0.0186,68.7,0,0,0,0,0,0
02/07/2022,00:00:00,717260,7,10,E,ML,0.48,446,100,763,0.0172,68.2,0,0,0,0,0,0
02/07/2022,00:00:00,717262,7,60,E,ML,0.934,0,0,1560,0.0246,68.8,0,0,0,0,0,0
02/07/2022,00:00:00,717263,7,60,W,ML,0.625,0,0,1412,0.0196,69.5,0,0,0,0,0,0
02/07/2022,00:00:00,717264,7,60,E,ML,0.525,0,0,764,0.01,71.2,0,0,0,0,0,0
02/07/2022,00:00:00,717265,7,60,E,ML,0.45,0,0,1562,0.0246,69.4,0,0,0,0,0,0
02/07/2022,00:00:00,717266,7,60,W,ML,0.495,0,0,1412,0.0196,69.5,0,0,0,0,0,0
02/07/2022,00:00:00,717268,7,60,E,ML,0.515,0,0,2224,0.0305,70.5,0,0,0,0,0,0
02/07/2022,00:00:00,717269,7,60,W,ML,0.47,0,0,1562,0.0246,69.4,0,0,0,0,0,0
02/07/2022,00:00:00,717270,7,60,W,ML,0.44,0,0,201,0.0082,65.1,0,0,0,0,0,0
02/07/2022,00:00:00,717273,7,60,E,ML,0.382,0,0,2392,0.0316,70.6,0,0,0,0,0,0
02/07/2022,00:00:00,717274,7,60,W,ML,0.365,0,0,1560,0.0246,69.1,0,0,0,0,0,0
02/07/2022,00:00:00,717277,7,60,W,ML,0.295,0,0,1562,0.0246,69.4,0,0,0,0,0,0
02/07/2022,00:00:00,717279,7,60,E,ML,0.293,0,0,2390,0.0316,70.3,0,0,0,0,0,0
02/07/2022,00:00:00,717281,7,60,W,ML,0.445,0,0,1062,0.0149,70.3,0,0,0,0,0,0
02/07/2022,00:00:00,717282,7,60,W,ML,0.15,0,0,1562,0.0246,69.4,0,0,0,0,0,0
02/07/2022,00:00:00,717285,7,60,E,ML,0.155,0,0,1390,0.0388,64.2,0,0,0,0,0,0
02/07/2022,00:00:00,717288,7,60,W,ML,0.3,0,0,1562,0.0246,69.4,0,0,0,0,0,0
02/07/2022,00:00:00,717290,7,60,E,ML,0.23,448,100,911,0.0147,68.7,0,0,0,0,0,0
02/07/2022,00:00:00,717292,7,60,E,ML,0.383,0,0,1557,0.0246,68.7,0,0,0,0,0,0
02/07/2022,00:00:00,717294,7,60,W,ML,0.383,0,0,1562,0.0246,69.4,0,0,0,0,0,0
02/07/2022,00:00:00,717296,7,60,E,ML,0.305,0,0,1557,0.0246,68.7,0,0,0,0,0,0
02/07/2022,00:00:00,717298,7,60,W,ML,0.27,0,0,1562,0.0246,69.4,0,0,0,0,0,0
02/07/2022,00:00:00,717300,7,60,W,ML,0.355,0,0,2950,0.0642,65.4,0,0,0,0,0,0
02/07/2022,00:00:00,717301,7,60,E,ML,0.335,0,0,2224,0.0305,70.5,0,0,0,0,0,0
02/07/2022,00:00:00,717303,7,60,E,ML,0.325,0,0,1709,0.0397,68.7,0,0,0,0,0,0
02/07/2022,00:00:00,717306,7,60,W,ML,0.38,557,100,3115,0.0502,65.9,0,0,0,0,0,0.2
02/07/2022,00:00:00,717308,7,60,E,ML,0.235,508,60,1444,0.025,70.4,0,0,0,0,0,0
02/07/2022,00:00:00,717312,7,60,E,ML,0.485,559,40,1119,0.0214,69.8,0,0,0,0,0,0
02/07/2022,00:00:00,717315,7,60,W,ML,0.485,558,0,1894,0.0312,67.4,0,0,0,0,0,0
02/07/2022,00:00:00,717316,7,60,W,ML,0.55,0,0,1557,0.0246,68.7,0,0,0,0,0,0
02/07/2022,00:00:00,717318,7,60,E,ML,0.55,0,0,1562,0.0246,69.4,0,0,0,0,0,0
02/07/2022,00:00:00,717320,7,60,W,ML,0.246,0,0,2105,0.0313,70.2,0,0,0,0,0,0
02/07/2022,00:00:00,717322,7,60,E,ML,0.36,0,0,1090,0.0265,63.6,0,0,0,0,0,0.1
02/07/2022,00:00:00,717324,7,60,W,ML,0.58,0,0,1693,0.051,64,0,0,0,0,0,0.2
02/07/2022,00:00:00,717328,7,60,E,ML,0.325,0,0,1557,0.0246,68.7,0,0,0,0,0,0
02/07/2022,00:00:00,717330,7,60,W,ML,0.3,0,0,1068,0.0371,65.2,0,0,0,0,0,0
02/07/2022,00:00:00,717332,7,60,E,ML,0.37,0,0,1557,0.0246,68.7,0,0,0,0,0,0
02/07/2022,00:00:00,717334,7,60,E,ML,0.205,0,0,1557,0.0246,68.7,0,0,0,0,0,0
02/07/2022,00:00:00,717337,7,60,W,ML,0.29,0,0,1557,0.0246,68.7,0,0,0,0,0,0
02/07/2022,00:00:00,717339,7,60,W,ML,0.51,0,0,1557,0.0246,68.7,0,0,0,0,0,0
02/07/2022,00:00:00,717340,7,60,E,ML,0.555,479,100,1267,0.0235,68.7,0,0,0,0,0,0
02/07/2022,00:00:00,717342,7,60,W,ML,0.515,0,0,1557,0.0246,68.7,0,0,0,0,0,0
02/07/2022,00:00:00,717343,7,60,E,ML,0.24,0,0,1423,0.0439,63.5,0,0,0,0,0,0
02/07/2022,00:00:00,717346,7,60,E,ML,0.315,480,100,1240,0.0281,68,0,0,0,0,0,0
02/07/2022,00:00:00,717350,7,60,W,ML,0.33,0,0,1507,0.0374,63.9,0,0,0,0,0,0.1
02/07/2022,00:00:00,717352,7,60,E,ML,0.31,0,0,979,0.0188,62.9,0,0,0,0,0,0.1
02/07/2022,00:00:00,717355,7,60,W,ML,0.65,0,0,1490,0.0274,65.4,0,0,0,0,0,0.2
02/07/2022,00:00:00,717357,7,60,E,ML,0.345,0,0,888,0.0232,62.7,0,0,0,0,0,0.1
02/07/2022,00:00:00,717358,7,60,E,ML,0.42,0,0,1947,0.0556,62.2,0,0,0,0,0,0.2
02/07/2022,00:00:00,717361,7,60,W,ML,0.26,0,0,201,0.0082,65.1,0,0,0,0,0,0
02/07/2022,00:00:00,717365,7,91,W,ML,0.495,336,100,664,0.0163,65.2,0,0,0,0,0,0
02/07/2022,00:00:00,717367,7,91,E,ML,0.495,559,80,983,0.0155,67.6,0,0,0,0,0,0.1
02/07/2022,00:00:00,717368,7,91,W,ML,0.485,116,56,623,0.0162,60,0,0,0,0,0,0.1
02/07/2022,00:00:00,717369,7,91,E,ML,0.325,446,100,781,0.0095,66.9,0,0,0,0,0,0
02/07/2022,00:00:00,717373,7,91,E,ML,0.42,448,100,792,0.0121,68.2,0,0,0,0,0,0
02/07/2022,00:00:00,717374,7,91,W,ML,0.415,448,100,722,0.0111,65.7,0,0,0,0,0,0.1
02/07/2022,00:00:00,717375,7,91,W,ML,0.385,444,100,887,0.0137,64.6,0,0,0,0,0,0.1
02/07/2022,00:00:00,717376,7,91,E,ML,0.385,444,100,752,0.0113,67.8,0,0,0,0,0,0
02/07/2022,00:00:00,717378,7,91,W,ML,0.545,448,100,716,0.0125,66.1,0,0,0,0,0,0
02/07/2022,00:00:00,717379,7,91,E,ML,0.545,448,100,831,0.0083,68.7,0,0,0,0,0,0
02/07/2022,00:00:00,717380,7,91,W,ML,0.515,448,100,867,0.0151,68.1,0,0,0,0,0,0
02/07/2022,00:00:00,717381,7,91,E,ML,0.51,448,100,879,0.0133,68.4,0,0,0,0,0,0
02/07/2022,00:00:00,717383,7,91,E,ML,0.405,448,100,643,0.0071,65.9,0,0,0,0,0,0
02/07/2022,00:00:00,717384,7,91,W,ML,0.405,336,100,600,0.0112,67.1,0,0,0,0,0,0
02/07/2022,00:00:00,717385,7,91,E,HV,0.685,0,0,201,0.0082,65.1,0,0,0,0,0,0
02/07/2022,00:00:00,717387,7,91,E,ML,0.45,448,100,809,0.0146,66.1,0,0,0,0,0,0.1
02/07/2022,00:00:00,717388,7,91,W,ML,0.45,448,100,946,0.0165,65.3,0,0,0,0,0.1,0.2
02/07/2022,00:00:00,717390,7,91,E,ML,0.65,0,0,1328,0.0236,63.7,0,0,0,0,0,0.2
02/07/2022,00:00:00,717392,7,91,W,ML,0.585,336,100,587,0.0124,67.6,0,0,0,0,0,0
02/07/2022,00:00:00,717393,7,91,E,ML,0.585,336,100,569,0.0131,67.6,0,0,0,0,0,0
02/07/2022,00:00:00,717394,7,91,W,HV,1.44,112,100,10,4e-4,65.1,0,0,0,0,0,0
02/07/2022,00:00:00,717396,7,91,E,ML,0.395,560,100,928,0.0122,68.9,0,0,0,0,0,0
02/07/2022,00:00:00,717397,7,91,W,ML,0.395,448,100,706,0.0112,65,0,0,0,0,0,0
02/07/2022,00:00:00,717399,7,91,W,ML,0.47,559,60,1406,0.0188,68.6,0,0,0,0,0,0
02/07/2022,00:00:00,717400,7,91,W,HV,0.865,112,100,10,4e-4,65,0,0,0,0,0,0
02/07/2022,00:00:00,717402,7,91,E,ML,0.56,0,0,1275,0.027,60.7,0,0,0,0,0.1,0.4
02/07/2022,00:00:00,717404,7,91,W,ML,0.495,560,100,1158,0.0136,69.8,0,0,0,0,0,0
02/07/2022,00:00:00,717406,7,91,E,ML,0.475,448,100,1015,0.0168,67.9,0,0,0,0,0,0
02/07/2022,00:00:00,717410,7,91,W,ML,0.52,448,100,1378,0.0217,67.9,0,0,0,0,0,0.1
02/07/2022,00:00:00,717412,7,91,W,HV,0.52,112,100,23,0.0014,65,0,0,0,0,0,0
02/07/2022,00:00:00,717413,7,91,W,ML,0.325,448,100,1214,0.0181,68,0,0,0,0,0,0
02/07/2022,00:00:00,717416,7,91,W,ML,0.335,448,100,1091,0.0181,67.8,0,0,0,0,0,0
02/07/2022,00:00:00,717417,7,91,W,HV,0.335,112,100,25,0.0015,65.1,0,0,0,0,0,0
02/07/2022,00:00:00,717418,7,91,E,ML,0.315,448,75,1142,0.0241,67.9,0,0,0,0,0,0
02/07/2022,00:00:00,717419,7,91,E,HV,0.505,112,0,201,0.0082,65.1,0,0,0,0,0,0
02/07/2022,00:00:00,717420,7,91,E,ML,0.37,559,100,963,0.0133,71.2,0,0,0,0,0,0
02/07/2022,00:00:00,717421,7,91,W,ML,0.445,447,100,1109,0.018,67.2,0,0,0,0,0,0
02/07/2022,00:00:00,717422,7,91,E,HV,0.37,112,100,15,8e-4,64.9,0,0,0,0,0,0
02/07/2022,00:00:00,717424,7,91,W,ML,0.27,448,100,1153,0.0211,66.5,0,0,0,0,0,0
02/07/2022,00:00:00,717426,7,91,E,ML,0.34,560,100,953,0.0146,70.8,0,0,0,0,0,0
02/07/2022,00:00:00,717428,7,91,W,ML,0.42,448,75,1293,0.0264,65.4,0,0,0,0,0,0.1
02/07/2022,00:00:00,717429,7,91,W,HV,0.42,112,100,40,0.0018,64.9,0,0,0,0,0,0
02/07/2022,00:00:00,717431,7,91,E,ML,0.42,448,100,1229,0.0214,68.7,0,0,0,0,0,0
02/07/2022,00:00:00,717433,7,91,W,ML,0.27,448,100,1309,0.0235,67.6,0,0,0,0,0,0
02/07/2022,00:00:00,717434,7,91,E,ML,0.29,448,75,1277,0.0255,67.3,0,0,0,0,0,0
02/07/2022,00:00:00,717435,7,91,W,ML,0.245,448,100,1251,0.0201,67.7,0,0,0,0,0,0
02/07/2022,00:00:00,717436,7,91,E,ML,0.28,448,100,1257,0.0201,70.3,0,0,0,0,0,0
02/07/2022,00:00:00,717438,7,91,W,ML,0.28,448,0,1690,0.0399,64,0,0,0,0,0,0
02/07/2022,00:00:00,717439,7,91,E,ML,0.285,443,50,1188,0.0381,63,0,0,0.1,0.1,0.1,0.2
02/07/2022,00:00:00,717440,7,91,W,ML,0.35,336,75,1191,0.0215,66.5,0,0,0,0,0,0.1
02/07/2022,00:00:00,717441,7,91,E,ML,0.32,448,0,1586,0.0399,64.3,0,0,0,0,0,0
02/07/2022,00:00:00,717442,7,91,W,ML,0.6,395,75,1190,0.0206,66.7,0,0,0,0,0,0.1
02/07/2022,00:00:00,717443,7,91,E,ML,0.6,448,100,1058,0.0159,69.4,0,0,0,0,0,0
02/07/2022,00:00:00,717445,7,101,N,ML,0.571,0,0,2105,0.0313,69.5,0,0,0,0,0,0
02/07/2022,00:00:00,717446,7,101,S,ML,0.36,0,0,1847,0.0321,68.3,0,0,0,0,0,0
02/07/2022,00:00:00,717447,7,101,N,ML,0.43,0,0,1557,0.0246,68.7,0,0,0,0,0,0
02/07/2022,00:00:00,717450,7,101,S,ML,0.47,0,0,1847,0.0321,68.3,0,0,0,0,0,0
02/07/2022,00:00:00,717452,7,101,N,ML,0.45,0,0,2105,0.0313,69.5,0,0,0,0,0,0
02/07/2022,00:00:00,717453,7,101,S,ML,0.46,0,0,2471,0.0348,69.1,0,0,0,0,0,0
02/07/2022,00:00:00,717456,7,101,N,ML,0.29,0,0,1557,0.0246,68.7,0,0,0,0,0,0
02/07/2022,00:00:00,717458,7,101,S,ML,0.445,0,0,2471,0.0348,69.1,0,0,0,0,0,0
02/07/2022,00:00:00,717459,7,101,N,ML,0.29,0,0,1557,0.0246,68.7,0,0,0,0,0,0
02/07/2022,00:00:00,717460,7,101,N,ML,0.35,0,0,1557,0.0246,68.7,0,0,0,0,0,0
02/07/2022,00:00:00,717461,7,101,S,ML,0.35,0,0,1847,0.0321,68.3,0,0,0,0,0,0
02/07/2022,00:00:00,717462,7,101,S,ML,0.405,0,0,1847,0.0321,68.3,0,0,0,0,0,0
02/07/2022,00:00:00,717463,7,101,N,ML,0.405,0,0,1557,0.0246,68.7,0,0,0,0,0,0
02/07/2022,00:00:00,717465,7,101,N,ML,0.31,0,0,1557,0.0246,68.7,0,0,0,0,0,0
02/07/2022,00:00:00,717466,7,101,S,ML,0.31,0,0,1847,0.0321,68.3,0,0,0,0,0,0
02/07/2022,00:00:00,717468,7,101,S,ML,0.23,0,0,1847,0.0321,68.3,0,0,0,0,0,0
02/07/2022,00:00:00,717469,7,101,N,ML,0.235,0,0,1557,0.0246,68.7,0,0,0,0,0,0
02/07/2022,00:00:00,717472,7,101,S,ML,0.2,0,0,201,0.0082,65.1,0,0,0,0,0,0
02/07/2022,00:00:00,717473,7,101,N,ML,0.2,0,0,1557,0.0246,68.7,0,0,0,0,0,0
02/07/2022,00:00:00,717479,7,101,S,ML,0.385,0,0,201,0.0082,65.1,0,0,0,0,0,0
02/07/2022,00:00:00,717480,7,101,N,ML,0.6,0,0,1557,0.0246,68.7,0,0,0,0,0,0
02/07/2022,00:00:00,717481,7,101,S,ML,0.355,0,0,201,0.0082,65.1,0,0,0,0,0,0
02/07/2022,00:00:00,717483,7,101,N,ML,0.45,0,0,2224,0.0305,70.5,0,0,0,0,0,0
02/07/2022,00:00:00,717484,7,101,S,ML,0.45,0,0,1557,0.0246,68.7,0,0,0,0,0,0
02/07/2022,00:00:00,717486,7,101,S,ML,0.4,0,0,2224,0.0305,70.5,0,0,0,0,0,0
02/07/2022,00:00:00,717488,7,101,S,ML,0.35,0,0,1562,0.0246,69.4,0,0,0,0,0,0
02/07/2022,00:00:00,717489,7,101,S,ML,0.565,0,0,2224,0.0305,70.5,0,0,0,0,0,0
02/07/2022,00:00:00,717490,7,101,S,ML,0.5,0,0,1562,0.0246,69.4,0,0,0,0,0,0
02/07/2022,00:00:00,717491,7,101,N,ML,0.5,0,0,2653,0.0401,67,0,0,0,0,0,0
02/07/2022,00:00:00,717492,7,101,N,ML,0.699,0,0,2224,0.0305,70.5,0,0,0,0,0,0
02/07/2022,00:00:00,717493,7,101,S,ML,0.76,0,0,1562,0.0246,69.4,0,0,0,0,0,0
02/07/2022,00:00:00,717495,7,101,S,ML,0.45,447,40,1783,0.0285,66.2,0,0,0,0,0,0
02/07/2022,00:00:00,717497,7,101,N,ML,0.45,0,0,3059,0.068,67.1,0,0,0,0,0,0.1
02/07/2022,00:00:00,717498,7,101,N,ML,0.45,559,60,1907,0.0456,52.4,2,2.4,2.9,3.3,3.8,4.3
02/07/2022,00:00:00,717499,7,101,S,ML,0.55,112,20,1494,0.0297,64.3,0,0,0,0,0,0.1
02/07/2022,00:00:00,717501,7,101,N,ML,0.55,560,100,1557,0.0228,60.9,0,0,0,0,0,0.3
02/07/2022,00:00:00,717502,7,101,N,ML,0.341,667,50,1928,0.0247,67.7,0,0,0,0,0,0
02/07/2022,00:00:00,717504,7,101,S,ML,0.475,0,0,2086,0.0386,66.8,0,0,0,0,0,0
02/07/2022,00:00:00,717508,7,101,S,ML,0.58,444,60,1360,0.0231,68.6,0,0,0,0,0,0
02/07/2022,00:00:00,717510,7,101,N,ML,0.58,427,40,1760,0.0276,67,0,0,0,0,0,0
02/07/2022,00:00:00,717511,7,101,S,ML,0.96,558,60,808,0.0123,68.6,0,0,0,0,0,0
02/07/2022,00:00:00,717513,7,101,N,ML,0.555,560,60,1338,0.0211,66,0,0,0,0,0,0
02/07/2022,00:00:00,717514,7,101,S,ML,0.87,560,80,591,0.0087,68.2,0,0,0,0,0,0
02/07/2022,00:00:00,717515,7,101,N,ML,0.315,560,80,1286,0.0215,67,0,0,0,0,0,0
02/07/2022,00:00:00,717516,7,101,S,ML,0.765,560,100,989,0.017,65.5,0,0,0,0,0,0
02/07/2022,00:00:00,717517,7,101,N,ML,0.875,560,100,1216,0.0168,62.5,0.2,0.5,0.8,1.1,1.4,1.7
02/07/2022,00:00:00,717518,7,101,S,ML,0.77,112,20,1607,0.0326,64.4,0,0,0,0,0,0
02/07/2022,00:00:00,717519,7,101,N,ML,0.68,224,40,2432,0.0358,67.7,0,0,0,0,0,0.1
02/07/2022,00:00:00,717520,7,101,S,ML,0.515,0,0,1680,0.0402,62.9,0,0,0,0,0,0.1
02/07/2022,00:00:00,717522,7,101,N,ML,0.67,336,25,1127,0.0297,66.7,0,0,0,0,0,0
02/07/2022,00:00:00,717524,7,101,N,ML,0.455,447,100,739,0.0149,65.7,0,0,0,0,0,0.1
02/07/2022,00:00:00,717525,7,118,E,ML,0.55,447,100,223,0.0035,67.9,0,0,0,0,0,0
02/07/2022,00:00:00,717526,7,118,E,HV,0.55,112,100,0,0,65,0,0,0,0,0,0
02/07/2022,00:00:00,717528,7,118,W,ML,0.5,447,100,431,0.0059,68.3,0,0,0,0,0,0
02/07/2022,00:00:00,717530,7,118,E,ML,0.5,335,75,385,0.0077,67.6,0,0,0,0,0,0
02/07/2022,00:00:00,717531,7,118,E,HV,0.5,112,100,1,1e-4,64.8,0,0,0,0,0,0
02/07/2022,00:00:00,717532,7,118,W,ML,0.5,448,100,550,0.0086,67.7,0,0,0,0,0,0
02/07/2022,00:00:00,717533,7,118,E,ML,0.5,446,100,430,0.007,67.2,0,0,0,0,0,0
02/07/2022,00:00:00,717534,7,118,E,HV,0.5,112,100,0,0,65,0,0,0,0,0,0
02/07/2022,00:00:00,717535,7,118,W,ML,0.6,447,100,631,0.0102,67.4,0,0,0,0,0,0
02/07/2022,00:00:00,717536,7,118,E,ML,0.6,447,100,493,0.009,67.4,0,0,0,0,0,0
02/07/2022,00:00:00,717537,7,118,W,ML,0.555,447,100,704,0.0106,68.2,0,0,0,0,0,0
02/07/2022,00:00:00,717539,7,118,E,ML,0.295,448,100,519,0.0078,68,0,0,0,0,0,0
02/07/2022,00:00:00,717540,7,118,E,HV,0.295,112,100,2,1e-4,64.9,0,0,0,0,0,0
02/07/2022,00:00:00,717541,7,118,E,ML,0.39,559,80,741,0.0111,68.4,0,0,0,0,0,0
02/07/2022,00:00:00,717542,7,118,E,HV,0.39,112,100,2,1e-4,64.9,0,0,0,0,0,0
02/07/2022,00:00:00,717543,7,118,E,ML,0.47,560,100,632,0.0079,70.2,0,0,0,0,0,0
02/07/2022,00:00:00,717544,7,118,W,ML,0.625,559,100,846,0.0096,70.9,0,0,0,0,0,0
02/07/2022,00:00:00,717545,7,118,E,HV,0.47,112,100,3,1e-4,65,0,0,0,0,0,0
02/07/2022,00:00:00,717546,7,118,W,ML,0.495,558,100,966,0.0124,70.2,0,0,0,0,0,0
02/07/2022,00:00:00,717547,7,118,E,ML,0.495,559,100,615,0.0063,69.7,0,0,0,0,0,0
02/07/2022,00:00:00,717549,7,118,W,ML,0.1,447,100,405,0.0051,68,0,0,0,0,0,0
02/07/2022,00:00:00,717553,7,118,E,ML,0.215,448,100,219,0.0032,67.4,0,0,0,0,0,0
02/07/2022,00:00:00,717554,7,118,W,ML,2.935,222,100,132,0.0042,67,0,0,0,0,0,0
02/07/2022,00:00:00,717557,7,118,W,ML,0.3,447,75,505,0.0107,67.9,0,0,0,0,0,0
02/07/2022,00:00:00,717558,7,118,W,ML,0.315,447,100,316,0.0048,68.5,0,0,0,0,0,0
02/07/2022,00:00:00,717560,7,118,E,ML,0.215,446,100,215,0.0029,67.1,0,0,0,0,0,0
02/07/2022,00:00:00,717562,7,118,W,ML,1.26,446,100,389,0.0056,67.8,0,0,0,0,0,0
02/07/2022,00:00:00,717565,7,118,E,ML,0.68,446,100,232,0.0031,68,0,0,0,0,0,0
02/07/2022,00:00:00,717566,7,118,W,ML,0.741,221,100,141,0.0042,67,0,0,0,0,0,0
02/07/2022,00:00:00,717568,7,118,E,ML,0.744,448,100,233,0.0032,68.4,0,0,0,0,0,0
02/07/2022,00:00:00,717570,7,134,E,ML,0.705,448,75,696,0.0135,64,0,0,0,0,0,0
02/07/2022,00:00:00,717571,7,134,W,ML,0.76,448,0,1161,0.0336,64.1,0,0,0,0,0,0.1
02/07/2022,00:00:00,717572,7,134,W,ML,0.74,448,0,950,0.0288,64.9,0,0,0,0,0,0
02/07/2022,00:00:00,717573,7,134,E,ML,0.55,0,0,1557,0.0246,68.7,0,0,0,0,0,0
02/07/2022,00:00:00,717576,7,134,W,ML,0.525,0,0,1557,0.0246,68.7,0,0,0,0,0,0
02/07/2022,00:00:00,717578,7,134,E,ML,0.39,0,0,1045,0.0188,62.1,0,0,0,0,0,0.1
02/07/2022,00:00:00,717580,7,134,E,ML,0.655,448,100,777,0.0125,68.5,0,0,0,0,0,0
02/07/2022,00:00:00,717582,7,134,W,ML,0.585,0,0,201,0.0082,65.1,0,0,0,0,0,0
02/07/2022,00:00:00,717583,7,134,E,ML,0.68,435,100,831,0.0344,65.7,0.1,0.2,0.2,0.3,0.4,0.4
02/07/2022,00:00:00,717585,7,134,E,ML,0.285,0,0,1073,0.0258,64.9,0,0,0,0,0,0
02/07/2022,00:00:00,717586,7,134,E,HV,0.285,0,0,201,0.0082,65.1,0,0,0,0,0,0
02/07/2022,00:00:00,717587,7,134,E,ML,0.29,559,100,826,0.0119,71.9,0,0,0,0,0,0
02/07/2022,00:00:00,717588,7,134,E,HV,0.29,112,0,201,0.0082,65.1,0,0,0,0,0,0
02/07/2022,00:00:00,717590,7,134,W,ML,0.405,0,0,1200,0.0317,63.9,0,0,0,0,0,0
02/07/2022,00:00:00,717592,7,134,E,ML,0.405,0,0,638,0.0228,67,0,0,0,0,0,0
02/07/2022,00:00:00,717593,7,134,E,HV,0.405,0,0,201,0.0082,65.1,0,0,0,0,0,0
02/07/2022,00:00:00,717595,7,134,E,ML,0.49,0,0,1557,0.0246,68.7,0,0,0,0,0,0
02/07/2022,00:00:00,717597,7,134,W,ML,0.49,447,100,718,0.011,69.4,0,0,0,0,0,0
02/07/2022,00:00:00,717599,7,134,W,ML,0.57,448,100,777,0.0148,68.8,0,0,0,0,0,0
02/07/2022,00:00:00,717601,7,134,E,ML,0.77,448,100,750,0.0104,69.7,0,0,0,0,0,0
02/07/2022,00:00:00,717603,7,134,W,ML,0.833,556,100,714,0.0121,71.6,0,0,0,0,0,0.1
02/07/2022,00:00:00,717604,7,134,W,HV,0.833,112,0,201,0.0082,65.1,0,0,0,0,0,0
02/07/2022,00:00:00,717606,7,134,E,ML,0.526,340,50,598,0.0105,68,0,0,0,0,0,0
02/07/2022,00:00:00,717607,7,134,E,HV,0.526,112,0,201,0.0082,65.1,0,0,0,0,0,0
02/07/2022,00:00:00,717608,7,170,S,ML,0.67,0,0,201,0.0082,65.1,0,0,0,0,0,0
02/07/2022,00:00:00,717609,7,170,S,HV,0.67,0,0,201,0.0082,65.1,0,0,0,0,0,0
02/07/2022,00:00:00,717610,7,170,S,ML,0.6,0,0,201,0.0082,65.1,0,0,0,0,0,0
02/07/2022,00:00:00,717612,7,170,S,ML,0.35,0,0,201,0.0082,65.1,0,0,0,0,0,0
02/07/2022,00:00:00,717613,7,170,S,ML,0.805,0,0,201,0.0082,65.2,0,0,0,0,0,0
02/07/2022,00:00:00,717614,7,170,S,ML,0.516,0,0,201,0.0082,65.2,0,0,0,0,0,0
02/07/2022,00:00:00,717615,7,210,W,ML,0.805,445,100,414,0.0116,66.2,0,0,0,0,0,0
02/07/2022,00:00:00,717617,7,210,E,ML,0.78,446,75,457,0.014,64,0,0,0,0,0,0
02/07/2022,00:00:00,717620,7,210,E,ML,0.78,446,100,304,0.0074,66.2,0,0,0,0,0,0
02/07/2022,00:00:00,717622,7,210,W,ML,0.745,445,75,638,0.0197,66.4,0,0,0,0,0,0.1
02/07/2022,00:00:00,717624,7,210,W,ML,0.326,559,100,516,0.0102,67.3,0,0,0,0,0,0
02/07/2022,00:00:00,717625,7,210,E,ML,0.651,448,75,407,0.0113,65.2,0,0,0,0,0,0
02/07/2022,00:00:00,717627,7,210,W,ML,0.479,224,100,26,7e-4,65.9,0,0,0,0,0,0
02/07/2022,00:00:00,717628,7,210,E,ML,0.339,112,0,201,0.0253,69.2,0,0,0,0,0,0
02/07/2022,00:00:00,717630,7,210,W,ML,0.39,446,100,592,0.0109,70.5,0,0,0,0,0,0
02/07/2022,00:00:00,717631,7,210,E,ML,0.455,446,100,651,0.0113,70,0,0,0,0,0,0
02/07/2022,00:00:00,717632,7,210,W,HV,2.64,112,100,46,0.0027,65,0,0,0,0,0,0
02/07/2022,00:00:00,717633,7,210,E,ML,0.675,672,100,996,0.0111,68.7,0,0,0,0,0,0.1
02/07/2022,00:00:00,717634,7,210,W,ML,0.56,560,100,978,0.0161,69,0,0,0,0,0,0
02/07/2022,00:00:00,717635,7,210,E,ML,0.71,560,100,1808,0.0284,68.4,0,0,0,0,0,0.1
02/07/2022,00:00:00,717637,7,210,W,ML,0.955,560,100,1027,0.0172,70.2,0,0,0,0,0,0.1
02/07/2022,00:00:00,717638,7,210,E,ML,0.58,560,100,993,0.012,70.5,0,0,0,0,0,0
02/07/2022,00:00:00,717640,7,210,E,ML,0.77,560,80,816,0.0109,69.4,0,0,0,0,0,0
02/07/2022,00:00:00,717641,7,210,E,HV,0.33,112,100,19,8e-4,65.1,0,0,0,0,0,0
02/07/2022,00:00:00,717642,7,210,W,ML,0.735,560,100,1089,0.0196,70.4,0,0,0,0,0,0
02/07/2022,00:00:00,717643,7,210,W,HV,0.735,112,100,56,0.0031,64.9,0,0,0,0,0,0
02/07/2022,00:00:00,717644,7,210,W,ML,0.57,559,100,1729,0.0493,55.4,0,0.1,1,2.1,3,3.8
02/07/2022,00:00:00,717645,7,210,W,HV,0.57,111,100,286,0.0184,65,0,0,0,0,0,0
02/07/2022,00:00:00,717646,7,210,E,ML,0.905,560,100,958,0.0141,70.5,0,0,0,0,0,0
02/07/2022,00:00:00,717649,7,210,W,ML,0.805,559,100,1130,0.0316,71.6,0,0,0,0,0,0.1
02/07/2022,00:00:00,717650,7,210,E,ML,0.675,559,100,953,0.0138,70.9,0,0,0,0,0,0
02/07/2022,00:00:00,717653,7,210,W,ML,0.414,560,100,1059,0.0183,72.1,0,0,0,0,0,0
02/07/2022,00:00:00,717654,7,210,E,ML,0.429,448,100,887,0.0168,66.6,0,0,0,0,0,0
02/07/2022,00:00:00,717657,7,210,W,ML,0.13,0,0,952,0.0334,67.3,0,0,0,0,0,0
02/07/2022,00:00:00,717659,7,210,E,ML,0.33,448,100,913,0.0177,66.7,0,0,0,0,0,0.1
02/07/2022,00:00:00,717660,7,710,N,ML,0.3,445,100,691,0.0159,66.7,0,0,0,0.1,0.1,0.1
02/07/2022,00:00:00,717661,7,210,W,ML,0.345,446,100,1076,0.0236,67.6,0,0,0,0,0,0.1
02/07/2022,00:00:00,717663,7,210,W,ML,0.155,448,100,995,0.0201,68.5,0,0,0,0,0,0
02/07/2022,00:00:00,717664,7,210,W,ML,0.62,448,100,982,0.0212,68.6,0,0,0,0,0,0
02/07/2022,00:00:00,717665,7,210,W,HV,0.62,112,100,62,0.0031,65,0,0,0,0,0,0
02/07/2022,00:00:00,717667,7,210,E,ML,0.83,448,100,950,0.0193,67.2,0,0,0,0,0,0.1
02/07/2022,00:00:00,717669,7,210,W,ML,0.6,446,100,1021,0.0225,68.5,0,0,0,0,0,0.1
02/07/2022,00:00:00,717670,7,210,W,HV,0.6,112,100,52,0.0022,65,0,0,0,0,0,0
02/07/2022,00:00:00,717672,7,210,E,ML,0.775,448,100,1010,0.0182,68,0,0,0,0,0.1,0.2
02/07/2022,00:00:00,717673,7,210,W,ML,0.3,448,100,678,0.0178,70,0,0,0,0,0,0
02/07/2022,00:00:00,717674,7,210,W,ML,0.21,446,100,1501,0.0364,66.5,0,0,0,0,0,0
02/07/2022,00:00:00,717675,7,210,W,ML,0.359,448,75,1458,0.0331,65.8,0,0,0,0,0,0.1
02/07/2022,00:00:00,717676,7,210,W,ML,0.51,0,0,1630,0.0455,67,0,0,0,0,0,0
02/07/2022,00:00:00,717677,7,210,W,HV,0.51,112,0,201,0.0082,65.1,0,0,0,0,0,0
02/07/2022,00:00:00,717678,7,210,W,ML,0.375,560,100,1319,0.0232,71.2,0,0,0,0,0,0
02/07/2022,00:00:00,717682,7,210,W,ML,0.19,448,100,1297,0.0281,68.9,0,0,0,0,0,0
02/07/2022,00:00:00,717684,7,210,E,ML,0.13,448,75,1265,0.0247,68.3,0,0,0,0,0,0
02/07/2022,00:00:00,717685,7,210,W,ML,0.6,448,100,1266,0.0249,68.4,0,0,0,0,0,0.1
02/07/2022,00:00:00,717686,7,210,W,ML,0.29,306,50,1277,0.023,67.7,0,0,0,0,0,0
02/07/2022,00:00:00,717687,7,210,W,HV,0.29,112,100,150,0.0286,56.7,0,0,0,0,0.1,0.1
02/07/2022,00:00:00,717688,7,210,W,ML,0.4,440,75,1359,0.0347,65.4,0,0,0,0,0,0.1
02/07/2022,00:00:00,717689,7,210,W,HV,0.4,112,100,154,0.0079,64.7,0,0,0,0,0,0
02/07/2022,00:00:00,717692,7,210,E,ML,0.6,336,75,1311,0.0292,67.1,0,0,0,0,0,0.1
02/07/2022,00:00:00,717694,7,210,W,ML,0.65,442,75,1584,0.0485,59.3,0,0.1,0.5,1,1.4,1.9
02/07/2022,00:00:00,717695,7,210,W,HV,0.65,111,100,126,0.0068,64.9,0,0,0,0,0,0
02/07/2022,00:00:00,717696,7,405,N,ML,0.495,447,100,747,0.0104,69.4,0,0,0,0,0,0
02/07/2022,00:00:00,717697,7,405,S,ML,0.395,448,100,816,0.0098,69.5,0,0,0,0,0,0
02/07/2022,00:00:00,717699,7,405,S,ML,0.45,447,50,901,0.0178,66.6,0,0,0,0,0,0
02/07/2022,00:00:00,717701,7,405,N,ML,0.675,422,96,1075,0.0724,63.6,0,0.1,0.2,0.4,0.6,0.8
02/07/2022,00:00:00,717703,7,405,N,ML,0.505,447,100,1134,0.0239,66.8,0,0,0,0,0.1,0.1
02/07/2022,00:00:00,717706,7,405,N,ML,0.35,559,100,1346,0.0217,71.6,0,0,0,0,0,0
02/07/2022,00:00:00,717707,7,405,N,HV,0.35,112,100,17,0.0012,64.9,0,0,0,0,0,0
02/07/2022,00:00:00,717709,7,405,N,ML,0.27,557,80,905,0.0313,63.5,0.3,0.3,0.4,0.5,0.6,0.6
02/07/2022,00:00:00,717710,7,405,S,ML,0.42,560,80,1129,0.0178,69.1,0,0,0,0,0,0
02/07/2022,00:00:00,717711,7,405,N,ML,0.3,0,0,1237,0.0359,67.7,0,0,0,0,0,0
02/07/2022,00:00:00,717713,7,405,N,ML,0.175,0,0,754,0.0121,68.6,0,0,0,0,0,0
02/07/2022,00:00:00,717715,7,405,N,ML,0.325,0,0,4627,0.1911,56.3,0,0.1,0.5,1.2,1.9,2.9
02/07/2022,00:00:00,717717,7,405,N,ML,0.447,548,60,3598,0.1421,57.8,1.4,2.1,3,4,4.9,5.8
02/07/2022,00:00:00,717719,7,405,N,ML,0.317,557,100,1039,0.0149,70.3,0,0,0,0,0,0
02/07/2022,00:00:00,717720,7,405,N,ML,0.285,447,100,855,0.0159,68.3,0,0,0,0,0,0
02/07/2022,00:00:00,717721,7,405,N,ML,0.255,0,0,1159,0.0202,68.8,0,0,0,0,0,0
02/07/2022,00:00:00,717722,7,405,N,HV,0.255,0,0,16,9e-4,65,0,0,0,0,0,0
02/07/2022,00:00:00,717723,7,405,N,ML,0.425,426,75,782,0.0153,68.2,0,0,0,0,0,0
02/07/2022,00:00:00,717724,7,405,S,ML,0.425,387,50,906,0.0174,67.8,0,0,0,0,0,0
02/07/2022,00:00:00,717725,7,405,N,HV,0.425,112,0,201,0.0082,65.1,0,0,0,0,0,0
02/07/2022,00:00:00,717727,7,405,N,ML,0.41,448,100,778,0.0119,69.7,0,0,0,0,0,0
02/07/2022,00:00:00,717729,7,405,N,ML,0.32,476,60,1677,0.0237,66.1,0,0,0,0,0,0
02/07/2022,00:00:00,717731,7,405,S,ML,0.47,446,100,1145,0.0159,69,0,0,0,0,0,0
02/07/2022,00:00:00,717733,7,405,N,ML,0.435,448,100,899,0.0161,68.8,0,0,0,0,0,0
02/07/2022,00:00:00,717735,7,405,N,ML,0.46,448,100,1027,0.0177,68.1,0,0,0,0,0,0
02/07/2022,00:00:00,717738,7,405,N,HV,0.275,112,100,144,0.0095,65.3,0,0,0,0,0,0
02/07/2022,00:00:00,717740,7,405,N,ML,0.315,560,80,959,0.0131,68,0,0,0,0,0,0
02/07/2022,00:00:00,717742,7,405,N,ML,0.515,447,100,758,0.0133,66.6,0,0,0,0,0,0
02/07/2022,00:00:00,717744,7,405,N,ML,0.575,448,100,1158,0.0221,67.9,0,0,0,0,0,0
02/07/2022,00:00:00,717746,7,405,S,ML,0.495,0,0,1557,0.0246,68.7,0,0,0,0,0,0
02/07/2022,00:00:00,717750,7,405,N,ML,0.505,336,75,915,0.0181,66.2,0,0,0,0,0,0
02/07/2022,00:00:00,717751,7,405,S,ML,0.27,401,75,1196,0.0257,66.2,0,0,0,0,0,0.1
02/07/2022,00:00:00,717752,7,405,N,ML,0.43,448,100,841,0.0141,69.1,0,0,0,0,0,0
02/07/2022,00:00:00,717753,7,405,S,ML,0.49,447,100,1155,0.0191,68.1,0,0,0,0,0,0
02/07/2022,00:00:00,717755,7,405,N,ML,0.595,283,48,801,0.2411,56,6.2,6.4,6.6,6.8,6.9,7
02/07/2022,00:00:00,717756,7,405,N,HV,0.595,112,100,121,0.0037,65.3,0,0,0,0,0,0
02/07/2022,00:00:00,717758,7,405,N,ML,0.415,0,0,744,0.0204,64.5,0,0,0,0,0,0
02/07/2022,00:00:00,717759,7,405,N,HV,0.415,0,0,201,0.0082,65.1,0,0,0,0,0,0
02/07/2022,00:00:00,717760,7,405,N,ML,0.48,445,100,948,0.0179,67.9,0,0,0,0,0,0
02/07/2022,00:00:00,717761,7,405,N,HV,0.48,112,100,15,0.001,64.9,0,0,0,0,0,0
02/07/2022,00:00:00,717763,7,405,N,ML,0.505,448,50,1069,0.0213,66.3,0,0,0,0,0,0
02/07/2022,00:00:00,717765,7,405,N,ML,0.205,447,100,1033,0.0165,67.5,0,0,0,0,0,0
02/07/2022,00:00:00,717766,7,405,S,ML,0.47,560,80,1810,0.0254,67.8,0,0,0,0,0,0.1
02/07/2022,00:00:00,717769,7,405,N,ML,0.41,448,100,649,0.011,69,0,0,0,0,0,0
02/07/2022,00:00:00,717770,7,710,N,ML,0.36,447,50,1183,0.0259,69,0,0,0,0,0,0
02/07/2022,00:00:00,717772,7,405,S,ML,0.385,0,0,3393,0.031,69.6,0,0,0,0,0,0
02/07/2022,00:00:00,717776,7,405,N,ML,0.385,0,0,2105,0.0313,69.5,0,0,0,0,0,0
02/07/2022,00:00:00,717777,7,405,N,ML,0.125,0,0,1915,0.0335,63.3,0,0,0,0,0,0
02/07/2022,00:00:00,717779,7,405,N,ML,0.745,0,0,1805,0.0412,63.7,0,0,0,0,0,0.1
02/07/2022,00:00:00,717787,7,405,N,ML,0.485,0,0,1900,0.0256,67.1,0,0,0,0,0,0
02/07/2022,00:00:00,717788,7,405,S,ML,0.48,0,0,1598,0.0204,67.4,0,0,0,0,0,0
02/07/2022,00:00:00,717790,7,405,N,ML,0.375,559,100,1774,0.0204,70.7,0,0,0,0,0,0
02/07/2022,00:00:00,717794,7,405,N,ML,0.485,449,60,2110,0.0348,68.4,0,0,0,0,0,0
02/07/2022,00:00:00,717795,7,405,S,ML,0.35,628,67,3416,0.0668,58.4,0.2,0.3,0.5,1.1,1.7,2.6
02/07/2022,00:00:00,717797,7,405,N,ML,0.415,560,100,1647,0.0209,70.7,0,0,0,0,0,0
02/07/2022,00:00:00,717798,7,405,N,ML,0.405,112,20,1636,0.0222,67.7,0,0,0,0,0,0
02/07/2022,00:00:00,717799,7,405,N,ML,0.425,0,0,2032,0.0481,66.7,0,0,0,0,0,0
02/07/2022,00:00:00,717800,7,405,N,ML,0.51,525,60,2550,0.0581,58.4,0.1,0.6,1.2,1.8,2.5,3.3
02/07/2022,00:00:00,717801,7,405,N,ML,0.615,560,0,1620,0.0254,68.4,0,0,0,0,0,0
02/07/2022,00:00:00,717804,7,405,N,ML,0.515,448,80,1804,0.0251,70.4,0,0,0,0,0,0
02/07/2022,00:00:00,717806,7,405,N,ML,0.585,560,100,1737,0.0244,68.3,0,0,0,0,0,0
02/07/2022,00:00:00,717807,7,405,S,ML,0.795,559,60,1342,0.0264,65.5,0,0,0,0,0.1,0.2
02/07/2022,00:00:00,717809,7,405,S,ML,0.475,550,80,1415,0.0247,72.5,0,0,0,0,0,0
02/07/2022,00:00:00,717813,7,101,S,ML,0.275,336,100,933,0.0245,67.3,0,0,0,0,0,0
02/07/2022,00:00:00,717814,7,405,N,ML,0.54,336,75,1295,0.0215,68.2,0,0,0,0,0,0
02/07/2022,00:00:00,717816,7,405,S,ML,0.54,560,100,1389,0.026,68.4,0,0,0,0,0,0
02/07/2022,00:00:00,717818,7,405,N,ML,0.45,448,100,1397,0.0236,68.5,0,0,0,0,0,0
02/07/2022,00:00:00,717819,7,405,N,ML,0.78,448,100,1391,0.0251,68.8,0,0,0,0,0,0
02/07/2022,00:00:00,717821,7,405,S,ML,0.485,447,100,661,0.0121,66,0,0,0,0,0,0
02/07/2022,00:00:00,717822,7,405,S,HV,0.485,112,100,206,0.0169,64.7,0,0,0,0,0,0
02/07/2022,00:00:00,717823,7,405,N,ML,0.86,222,25,1366,0.0317,66,0,0,0,0,0,0
02/07/2022,00:00:00,717824,7,405,S,ML,0.73,0,0,729,0.0137,68.4,0,0,0,0,0,0
02/07/2022,00:00:00,717825,7,405,N,ML,0.835,447,100,1231,0.0232,68.4,0,0,0,0,0,0
02/07/2022,00:00:00,717826,7,405,S,ML,0.595,0,0,201,0.0082,65.1,0,0,0,0,0,0
02/07/2022,00:00:00,717827,7,405,N,ML,0.915,0,0,1440,0.0407,62.9,0,0,0,0,0,0.3
02/07/2022,00:00:00,717828,7,405,S,ML,0.255,672,0,1049,0.016,66.6,0,0,0,0,0,0
02/07/2022,00:00:00,717829,7,405,S,ML,0.755,670,100,860,0.01,69.7,0,0,0,0,0,0
02/07/2022,00:00:00,717831,7,605,N,ML,1.057,446,100,453,0.0063,66.2,0,0,0,0,0,0
02/07/2022,00:00:00,717832,7,605,S,ML,1.042,445,100,649,0.0092,68.7,0,0,0,0,0,0
02/07/2022,00:00:00,717833,7,605,S,ML,0.175,448,75,691,0.0096,65.6,0,0,0,0,0,0
02/07/2022,00:00:00,717836,7,605,N,ML,0.175,444,100,467,0.0098,68,0,0,0,0,0,0
02/07/2022,00:00:00,717838,7,605,S,ML,0.305,0,0,642,0.0096,65.4,0,0,0,0,0,0
02/07/2022,00:00:00,717839,7,605,N,ML,0.3,336,75,600,0.0078,67.4,0,0,0,0,0,0
02/07/2022,00:00:00,717842,7,605,S,ML,0.47,447,100,640,0.0089,67.8,0,0,0,0,0,0
02/07/2022,00:00:00,717843,7,605,S,ML,0.325,446,100,598,0.0075,68.3,0,0,0,0,0,0
02/07/2022,00:00:00,717844,7,605,N,ML,0.255,448,50,898,0.0157,66.8,0,0,0,0,0,0
02/07/2022,00:00:00,717846,7,605,S,ML,0.255,448,75,857,0.0145,68.4,0,0,0,0,0,0
02/07/2022,00:00:00,717847,7,605,S,ML,0.265,447,100,759,0.0112,69,0,0,0,0,0,0
02/07/2022,00:00:00,717848,7,605,S,ML,0.23,0,0,1557,0.0246,68.7,0,0,0,0,0,0
02/07/2022,00:00:00,717850,7,605,N,ML,0.26,447,100,578,0.0088,66,0,0,0,0,0,0
02/07/2022,00:00:00,717851,7,605,N,ML,0.315,0,0,959,0.0192,63.3,0,0,0,0,0,0
02/07/2022,00:00:00,717853,7,605,S,ML,0.315,335,75,772,0.0106,67.7,0,0,0,0,0,0
02/07/2022,00:00:00,717854,7,605,N,ML,0.49,0,0,1562,0.0246,69.4,0,0,0,0,0,0
02/07/2022,00:00:00,717857,7,605,N,ML,0.285,0,0,2071,0.035,64.7,0,0,0,0,0,0
02/07/2022,00:00:00,717858,7,605,N,ML,0.245,560,100,1148,0.014,70,0,0,0,0,0,0
02/07/2022,00:00:00,717859,7,605,S,ML,0.225,558,100,1164,0.0124,69.8,0,0,0,0,0,0
02/07/2022,00:00:00,717862,7,605,S,ML,0.275,560,80,1374,0.0158,66.5,0,0,0,0,0,0
02/07/2022,00:00:00,717863,7,605,N,ML,0.26,559,40,1651,0.0255,69.2,0,0,0,0,0,0
02/07/2022,00:00:00,717864,7,605,N,ML,0.435,0,0,1643,0.0332,66.7,0,0,0,0,0,0
02/07/2022,00:00:00,717865,7,605,S,ML,0.42,560,100,1194,0.0139,69.6,0,0,0,0,0,0
02/07/2022,00:00:00,717867,7,605,S,ML,0.275,446,80,1331,0.0178,67.7,0,0,0,0,0,0
02/07/2022,00:00:00,717871,7,605,S,ML,0.24,0,0,1922,0.0366,66.1,0,0,0,0,0,0
02/07/2022,00:00:00,717872,7,605,S,ML,0.632,0,0,1383,0.0348,64,0,0,0,0,0,0.1
02/07/2022,00:00:00,717875,7,605,N,ML,0.55,559,100,1069,0.0118,69.2,0,0,0,0,0,0
02/07/2022,00:00:00,717876,7,605,N,HV,0.975,112,0,201,0.0082,65.1,0,0,0,0,0,0
02/07/2022,00:00:00,717877,7,605,S,ML,0.705,275,0,1847,0.0321,68.3,0,0,0,0,0,0
02/07/2022,00:00:00,717879,7,605,N,ML,0.547,0,0,1847,0.0321,68.3,0,0,0,0,0,0
02/07/2022,00:00:00,717881,7,605,N,ML,0.579,0,0,2226,0.0305,69.8,0,0,0,0,0,0
02/07/2022,00:00:00,717882,7,605,N,HV,0.579,0,0,201,0.0082,65.1,0,0,0,0,0,0
02/07/2022,00:00:00,717884,7,605,S,ML,0.58,0,0,1847,0.0321,68.3,0,0,0,0,0,0
02/07/2022,00:00:00,717885,7,605,S,ML,0.575,0,0,1472,0.025,66.7,0,0,0,0,0,0
02/07/2022,00:00:00,717887,7,605,S,ML,0.525,0,0,1504,0.0508,63.6,0,0,0,0,0,0.2
02/07/2022,00:00:00,717888,7,605,N,ML,0.54,0,0,1557,0.0246,68.7,0,0,0,0,0,0
02/07/2022,00:00:00,717889,7,605,S,HV,0.525,0,0,201,0.0082,65.1,0,0,0,0,0,0
02/07/2022,00:00:00,717892,7,605,N,HV,0.54,0,0,201,0.0082,65.1,0,0,0,0,0,0
02/07/2022,00:00:00,717893,7,605,N,ML,0.485,0,0,1840,0.0424,63.8,0,0,0,0,0,0.1
02/07/2022,00:00:00,717894,7,605,S,ML,0.305,448,100,1143,0.0201,69.4,0,0,0,0,0,0
02/07/2022,00:00:00,717896,7,605,S,ML,0.307,0,0,1400,0.0345,63.6,0,0,0,0,0,0
02/07/2022,00:00:00,717897,7,605,N,ML,0.505,447,100,1373,0.0216,68.2,0,0,0,0,0,0
02/07/2022,00:00:00,717898,7,605,S,ML,0.439,447,100,1234,0.0212,68.4,0,0,0,0,0,0
02/07/2022,00:00:00,717899,7,605,N,HV,0.505,112,100,37,0.0017,65,0,0,0,0,0,0
02/07/2022,00:00:00,717902,7,605,S,HV,0.439,112,100,20,9e-4,64.9,0,0,0,0,0,0
02/07/2022,00:00:00,717903,7,605,N,ML,0.5,0,0,1491,0.0374,62.6,0,0,0,0.1,0.3,0.6
02/07/2022,00:00:00,717906,7,605,N,ML,0.324,447,100,1392,0.0251,68.7,0,0,0,0,0,0
02/07/2022,00:00:00,717907,7,605,S,ML,0.306,448,100,1241,0.021,68.6,0,0,0,0,0,0
02/07/2022,00:00:00,717908,7,605,S,HV,0.306,111,100,30,0.0012,65,0,0,0,0,0,0
02/07/2022,00:00:00,717909,7,605,N,ML,0.413,448,100,1340,0.02,69.3,0,0,0,0,0,0
02/07/2022,00:00:00,717910,7,605,N,HV,0.413,111,0,36,0.002,65,0,0,0,0,0,0
02/07/2022,00:00:00,717912,7,605,S,ML,0.455,448,75,1154,0.0254,67.5,0,0,0,0,0,0
02/07/2022,00:00:00,717914,7,605,S,ML,0.414,0,0,1168,0.0322,64.4,0,0,0,0,0,0.1
02/07/2022,00:00:00,717915,7,605,N,ML,0.431,0,0,1539,0.0411,64.1,0,0,0,0,0,0.1
02/07/2022,00:00:00,717916,7,605,S,HV,0.414,0,0,201,0.0082,65.1,0,0,0,0,0,0
02/07/2022,00:00:00,717920,7,605,N,HV,0.431,0,0,201,0.0082,65.1,0,0,0,0,0,0
02/07/2022,00:00:00,717922,7,605,N,ML,0.291,0,0,1557,0.0246,68.7,0,0,0,0,0,0
02/07/2022,00:00:00,717924,7,605,S,ML,0.52,0,0,1739,0.047,63.9,0,0,0,0,0,0.1
02/07/2022,00:00:00,717925,7,605,S,ML,0.385,448,75,1196,0.0278,68.5,0,0,0,0,0,0
02/07/2022,00:00:00,717926,7,605,N,ML,0.385,0,0,1699,0.045,63.2,0,0,0,0,0,0.1
02/07/2022,00:00:00,717929,7,605,N,ML,0.562,448,100,1391,0.0263,68.3,0,0,0,0,0,0
02/07/2022,00:00:00,717930,7,605,S,ML,0.55,447,100,1083,0.0193,70.8,0,0,0,0,0,0
02/07/2022,00:00:00,717933,7,605,S,ML,0.55,0,0,1525,0.0423,64,0,0,0,0,0,0.1
02/07/2022,00:00:00,717934,7,605,N,ML,0.55,0,0,1665,0.0425,65.4,0,0,0,0,0,0
02/07/2022,00:00:00,717935,7,605,S,HV,0.55,0,0,201,0.0082,65.1,0,0,0,0,0,0
02/07/2022,00:00:00,717938,7,605,N,HV,0.55,0,0,201,0.0082,65.1,0,0,0,0,0,0
02/07/2022,00:00:00,717940,7,605,N,ML,0.26,560,100,1391,0.0179,70.4,0,0,0,0,0,0
02/07/2022,00:00:00,717942,7,605,S,ML,0.26,335,75,1251,0.0239,67,0,0,0,0,0,0
02/07/2022,00:00:00,717943,7,605,S,ML,0.97,0,0,1275,0.0406,65.3,0,0,0,0,0,0
02/07/2022,00:00:00,717945,7,605,N,ML,0.312,0,0,1416,0.0342,64.5,0,0,0,0,0,0
02/07/2022,00:00:00,717947,7,605,S,ML,0.299,0,0,1695,0.0415,63.8,0,0,0,0,0,0.1
02/07/2022,00:00:00,717951,7,605,S,ML,0.45,0,0,1200,0.0344,63.1,0,0,0,0,0,0.1
02/07/2022,00:00:00,717956,7,605,N,ML,0.55,0,0,1730,0.0436,63.4,0,0,0,0,0,0.1
02/07/2022,00:00:00,717957,7,605,S,ML,0.577,448,100,742,0.0092,70.2,0,0,0,0,0,0
02/07/2022,00:00:00,717958,7,605,N,ML,0.274,439,75,1103,0.0271,65.1,0,0,0,0,0.1,0.1
02/07/2022,00:00:00,717960,7,710,S,ML,1.32,447,100,757,0.0135,68.6,0,0,0,0,0,0
02/07/2022,00:00:00,717962,7,710,N,ML,1.44,448,100,978,0.0155,68,0,0,0,0,0,0
02/07/2022,00:00:00,717963,7,710,S,ML,0.775,445,100,802,0.0129,67.3,0,0,0,0,0,0
02/07/2022,00:00:00,717966,7,710,N,ML,0.75,559,100,968,0.0128,70.6,0,0,0,0,0,0
02/07/2022,00:00:00,717968,7,710,N,ML,0.8,0,0,201,0.0082,65.2,0,0,0,0,0,0
02/07/2022,00:00:00,717970,7,710,S,ML,0.635,559,80,1221,0.0153,65.3,0,0,0,0,0,0
02/07/2022,00:00:00,717972,7,710,S,ML,0.26,670,83,1194,0.0132,67.2,0,0,0,0,0,0
02/07/2022,00:00:00,717975,7,710,S,ML,0.315,672,100,1133,0.012,69.7,0,0,0,0,0,0
02/07/2022,00:00:00,717977,7,710,N,ML,0.4,224,0,1317,0.0364,64.3,0,0,0,0,0,0
02/07/2022,00:00:00,717978,7,710,S,ML,0.6,448,0,667,0.0257,65,0,0,0,0,0,0
02/07/2022,00:00:00,717980,7,710,S,ML,0.223,0,0,1127,0.027,62.5,0,0,0,0,0,0.1
02/07/2022,00:00:00,717983,7,710,N,ML,0.4,448,50,1170,0.0203,66.2,0,0,0,0,0,0
02/07/2022,00:00:00,717986,7,710,S,ML,0.405,336,75,958,0.0186,65.8,0,0,0,0,0,0
02/07/2022,00:00:00,717989,7,710,S,ML,0.54,0,0,1414,0.0357,64,0,0,0,0,0,0.1
02/07/2022,00:00:00,717992,7,710,N,ML,0.405,448,100,893,0.0087,69.2,0,0,0,0,0,0
02/07/2022,00:00:00,717995,7,710,N,ML,0.54,439,100,914,0.0467,61.1,0.3,0.5,0.7,0.9,1.1,1.2
02/07/2022,00:00:00,718002,7,710,S,ML,1.09,0,0,1586,0.0426,63.5,0,0,0,0,0,0.2
02/07/2022,00:00:00,718008,7,710,S,ML,0.425,316,50,1316,0.0284,66.5,0,0,0,0,0,0
02/07/2022,00:00:00,718012,7,710,S,ML,0.36,559,40,1560,0.0239,68.7,0,0,0,0,0,0
02/07/2022,00:00:00,718014,7,710,N,ML,0.274,0,0,1557,0.0246,68.7,0,0,0,0,0,0
02/07/2022,00:00:00,718016,7,710,N,ML,0.5,357,100,495,0.0129,67,0,0,0,0,0,0
02/07/2022,00:00:00,718017,7,710,S,ML,0.295,0,0,511,0.028,62,0,0,0,0,0,0
02/07/2022,00:00:00,718018,7,710,S,ML,0.68,358,67,547,0.016,65.1,0,0,0,0,0,0
02/07/2022,00:00:00,718020,7,10,W,ML,0.5,672,0,2081,0.0362,65.1,0,0,0,0,0,0
02/07/2022,00:00:00,718041,7,110,S,ML,0.455,0,0,2392,0.0316,70.6,0,0,0,0,0,0
02/07/2022,00:00:00,718045,7,110,S,ML,0.6,0,0,1845,0.0321,68.3,0,0,0,0,0,0
02/07/2022,00:00:00,718046,7,110,N,ML,0.75,0,0,1428,0.0472,65.7,0,0,0,0,0,0
02/07/2022,00:00:00,718047,7,210,W,ML,0.4,448,75,1031,0.0184,67.8,0,0,0,0,0,0
02/07/2022,00:00:00,718048,7,57,S,ML,0.978,478,75,1013,0.0262,67.4,0,0,0,0,0,0
02/07/2022,00:00:00,718050,7,57,S,ML,0.25,0,0,930,0.0174,65.6,0,0,0,0,0,0
02/07/2022,00:00:00,718051,7,57,N,ML,0.44,479,100,572,0.0059,67.9,0,0,0,0,0,0
02/07/2022,00:00:00,718052,7,57,S,ML,0.39,446,100,635,0.0106,68.3,0,0,0,0,0,0
02/07/2022,00:00:00,718053,7,57,N,ML,0.39,445,100,761,0.027,61.5,0.1,0.2,0.3,0.3,0.4,0.5
02/07/2022,00:00:00,718054,7,57,S,ML,0.9,595,40,1354,0.0195,68.3,0,0,0,0,0,0
02/07/2022,00:00:00,718064,7,2,W,ML,0.599,448,100,405,0.0042,67,0,0,0,0,0,0
02/07/2022,00:00:00,718066,7,2,W,ML,0.55,448,100,357,0.0066,67.8,0,0,0,0,0,0
02/07/2022,00:00:00,718072,7,2,W,ML,0.335,448,100,115,0.0018,68.1,0,0,0,0,0,0
02/07/2022,00:00:00,718076,7,2,W,ML,0.665,447,100,203,0.0025,67.5,0,0,0,0,0,0
02/07/2022,00:00:00,718081,7,5,N,ML,0.65,336,100,1141,0.0276,66.8,0,0,0,0,0,0
02/07/2022,00:00:00,718085,7,5,S,ML,0.334,413,75,1685,0.0308,68,0,0,0,0,0,0.1
02/07/2022,00:00:00,718086,7,5,N,ML,0.5,224,50,1863,0.0268,66.4,0,0,0,0,0,0.1
02/07/2022,00:00:00,718089,7,5,S,ML,0.841,448,50,1342,0.0317,68,0,0,0,0,0,0
02/07/2022,00:00:00,718090,7,5,S,ML,0.675,559,83,1424,0.02,68.9,0,0,0,0,0,0
02/07/2022,00:00:00,718092,7,5,N,ML,0.235,672,33,1803,0.0189,66.8,0,0,0,0,0,0
02/07/2022,00:00:00,718099,7,10,W,ML,0.57,0,0,1838,0.0328,71.3,0,0,0,0,0,0
02/07/2022,00:00:00,718102,7,710,N,ML,0.2,448,0,928,0.0237,64.3,0,0,0,0,0,0
02/07/2022,00:00:00,718103,7,10,W,ML,0.235,0,0,2089,0.0367,66.9,0,0,0,0,0,0
02/07/2022,00:00:00,718118,7,10,E,ML,0.445,448,0,1042,0.0302,68.2,0,0,0,0,0,0
02/07/2022,00:00:00,718119,7,10,E,ML,0.82,345,0,1312,0.0301,66.9,0,0,0,0,0,0
02/07/2022,00:00:00,718123,7,60,E,ML,0.44,0,0,2226,0.0305,69.8,0,0,0,0,0,0
02/07/2022,00:00:00,718124,7,60,W,ML,0.61,0,0,1557,0.0246,68.7,0,0,0,0,0,0
02/07/2022,00:00:00,718125,7,60,W,ML,0.475,0,0,1557,0.0246,68.7,0,0,0,0,0,0
02/07/2022,00:00:00,718126,7,60,W,ML,0.595,447,75,1173,0.0268,66.1,0,0,0,0,0,0.2
02/07/2022,00:00:00,718127,7,60,E,ML,0.305,0,0,1448,0.0402,63.7,0,0,0,0,0,0.1
02/07/2022,00:00:00,718130,7,91,E,ML,0.36,433,100,809,0.0132,67.2,0,0,0,0,0,0
02/07/2022,00:00:00,718141,7,101,N,ML,0.419,0,0,201,0.0082,65.2,0,0,0,0,0,0
02/07/2022,00:00:00,718142,7,101,S,ML,0.315,448,100,657,0.0158,63.8,0,0,0,0,0,0.1
02/07/2022,00:00:00,718143,7,101,S,ML,0.205,0,0,1212,0.0334,63.7,0,0,0,0,0,0
02/07/2022,00:00:00,718144,7,101,S,ML,0.605,448,100,501,0.0103,65.1,0,0,0,0,0,0
02/07/2022,00:00:00,718146,7,101,S,ML,0.4,340,75,562,0.0098,67.4,0,0,0,0,0,0
02/07/2022,00:00:00,718147,7,710,N,ML,1.09,443,100,901,0.0232,67.4,0,0.1,0.1,0.2,0.2,0.3
02/07/2022,00:00:00,718148,7,101,S,ML,0.41,0,0,985,0.0317,63.4,0,0,0,0,0,0
02/07/2022,00:00:00,718149,7,101,S,ML,0.585,0,0,984,0.0318,63.6,0,0,0,0,0,0.1
02/07/2022,00:00:00,718150,7,101,S,ML,1.23,448,100,367,0.007,69,0,0,0,0,0,0
02/07/2022,00:00:00,718151,7,710,N,ML,0.258,448,100,990,0.0156,68.2,0,0,0,0,0,0
02/07/2022,00:00:00,718155,7,105,E,ML,0.6,0,0,201,0.0082,65.2,0,0,0,0,0,0
02/07/2022,00:00:00,718164,7,110,N,ML,0.48,0,0,2105,0.0313,69.5,0,0,0,0,0,0
02/07/2022,00:00:00,718165,7,110,N,ML,0.35,0,0,1560,0.0246,68.8,0,0,0,0,0,0
02/07/2022,00:00:00,718166,7,110,S,ML,0.3,0,0,2392,0.0316,69.9,0,0,0,0,0,0
02/07/2022,00:00:00,718173,7,110,S,ML,0.745,0,0,2226,0.0305,69.9,0,0,0,0,0,0
02/07/2022,00:00:00,718204,7,134,E,ML,0.46,0,0,1557,0.0246,68.7,0,0,0,0,0,0
02/07/2022,00:00:00,718210,7,210,W,ML,0.68,0,0,1154,0.0353,63.4,0,0,0,0,0,0.2
02/07/2022,00:00:00,718219,7,405,N,ML,0.565,447,100,746,0.0102,69.5,0,0,0,0,0,0
02/07/2022,00:00:00,718221,7,405,S,ML,0.645,446,75,888,0.016,67.9,0,0,0,0,0,0
02/07/2022,00:00:00,718223,7,405,S,ML,0.475,447,100,879,0.0163,69.2,0,0,0,0,0,0
02/07/2022,00:00:00,718226,7,405,S,ML,0.275,336,75,956,0.0196,67.6,0,0,0,0,0,0
02/07/2022,00:00:00,718227,7,405,N,ML,0.415,559,80,981,0.0143,70.6,0,0,0,0,0,0
02/07/2022,00:00:00,718229,7,405,S,ML,0.315,112,0,1185,0.0246,64.8,0,0,0,0,0,0
02/07/2022,00:00:00,718230,7,405,S,HV,0.315,0,0,201,0.0082,65.1,0,0,0,0,0,0
02/07/2022,00:00:00,718232,7,405,S,ML,0.425,448,100,899,0.0144,69.4,0,0,0,0,0,0
02/07/2022,00:00:00,718233,7,405,N,HV,0.27,112,100,19,0.0011,64.9,0,0,0,0,0,0
02/07/2022,00:00:00,718235,7,405,S,ML,0.3,0,0,973,0.0129,72.6,0,0,0,0,0,0
02/07/2022,00:00:00,718236,7,405,S,HV,0.3,0,0,201,0.0082,65.1,0,0,0,0,0,0
02/07/2022,00:00:00,718238,7,405,S,ML,0.455,0,0,1531,0.0223,67.1,0,0,0,0,0,0.1
02/07/2022,00:00:00,718240,7,405,S,ML,0.507,448,100,1042,0.0169,68.8,0,0,0,0,0,0
02/07/2022,00:00:00,718242,7,405,S,ML,0.21,559,80,1304,0.0193,70.4,0,0,0,0,0,0
02/07/2022,00:00:00,718243,7,405,S,ML,0.297,0,0,2079,0.062,66.8,0,0,0,0,0,0
02/07/2022,00:00:00,718245,7,405,S,ML,0.315,560,100,1315,0.0191,71.5,0,0,0,0,0,0
02/07/2022,00:00:00,718247,7,405,S,ML,0.41,436,100,3426,0.1037,65,0.3,0.4,0.4,0.6,0.9,1.5
02/07/2022,00:00:00,718249,7,405,S,ML,0.32,560,100,1339,0.0164,71.4,0,0,0,0,0,0
02/07/2022,00:00:00,718251,7,405,N,ML,0.205,448,100,880,0.0139,68.1,0,0,0,0,0,0
02/07/2022,00:00:00,718253,7,405,S,ML,0.435,448,100,1257,0.0181,67.7,0,0,0,0,0,0.1
02/07/2022,00:00:00,718254,7,405,S,HV,0.435,112,100,37,0.002,65,0,0,0,0,0,0
02/07/2022,00:00:00,718256,7,405,S,ML,0.31,448,100,1104,0.0161,68.4,0,0,0,0,0,0
02/07/2022,00:00:00,718257,7,405,S,HV,0.31,112,100,33,0.0015,65,0,0,0,0,0,0
02/07/2022,00:00:00,718258,7,405,S,ML,0.275,560,80,1448,0.022,70.8,0,0,0,0,0,0
02/07/2022,00:00:00,718259,7,405,N,ML,0.275,560,100,827,0.0116,70.7,0,0,0,0,0,0
02/07/2022,00:00:00,718260,7,405,S,HV,0.275,112,100,47,0.0026,65.1,0,0,0,0,0,0
02/07/2022,00:00:00,718262,7,405,S,ML,0.575,0,0,1777,0.0465,62.7,0,0,0,0,0,0.2
02/07/2022,00:00:00,718265,7,405,S,ML,0.52,0,0,1568,0.044,63.4,0,0,0,0,0,0.1
02/07/2022,00:00:00,718266,7,405,N,ML,0.52,0,0,1459,0.0402,64,0,0,0,0,0,0.1
02/07/2022,00:00:00,718267,7,405,N,ML,0.615,386,75,1016,0.0198,67.6,0,0,0,0,0,0
02/07/2022,00:00:00,718270,7,405,S,HV,0.33,110,100,133,0.0126,62,0,0,0,0,0,0
02/07/2022,00:00:00,718275,7,405,S,ML,0.595,447,100,1224,0.0203,69,0,0,0,0,0,0
02/07/2022,00:00:00,718276,7,405,S,HV,0.595,112,100,25,0.0015,65,0,0,0,0,0,0
02/07/2022,00:00:00,718277,7,405,S,ML,0.48,448,100,1319,0.0219,68.7,0,0,0,0,0,0
02/07/2022,00:00:00,718278,7,405,S,HV,0.48,112,100,20,0.0011,65,0,0,0,0,0,0
02/07/2022,00:00:00,718280,7,405,S,ML,0.635,448,100,1047,0.0164,69.3,0,0,0,0,0,0
02/07/2022,00:00:00,718284,7,405,S,ML,0.517,447,50,1009,0.0232,62.7,0,0,0,0,0,0.1
02/07/2022,00:00:00,718287,7,405,S,ML,0.645,447,100,943,0.0146,66.9,0,0,0,0,0,0
02/07/2022,00:00:00,718290,7,405,S,ML,0.465,560,80,1456,0.0208,70.1,0,0,0,0,0,0
02/07/2022,00:00:00,718291,7,405,N,ML,0.45,448,0,1936,0.0233,65.3,0,0,0,0,0,0
02/07/2022,00:00:00,718292,7,405,N,ML,0.42,447,75,1543,0.0245,67.1,0,0,0,0,0,0
02/07/2022,00:00:00,718296,7,405,S,ML,0.375,556,80,1482,0.0192,71.2,0,0,0,0,0,0
02/07/2022,00:00:00,718297,7,405,S,ML,0.48,0,0,2050,0.047,66.7,0,0,0,0,0,0
02/07/2022,00:00:00,718300,7,405,S,ML,0.41,559,100,1118,0.0119,71.1,0,0,0,0,0,0
02/07/2022,00:00:00,718302,7,405,S,ML,0.25,558,100,1127,0.0142,70.6,0,0,0,0,0,0
02/07/2022,00:00:00,718304,7,405,S,ML,0.405,560,0,1797,0.0443,70.2,0,0,0,0,0,0
02/07/2022,00:00:00,718308,7,405,S,ML,0.37,665,67,3024,0.044,69.7,0,0,0,0,0,0
02/07/2022,00:00:00,718310,7,405,S,ML,0.645,446,100,864,0.0152,67.3,0,0.1,0.1,0.1,0.2,0.2
02/07/2022,00:00:00,718312,7,405,S,ML,0.515,448,0,1509,0.0159,64.6,0,0,0,0,0,0.1
02/07/2022,00:00:00,718313,7,405,S,HV,0.515,112,0,201,0.0082,65.1,0,0,0,0,0,0
02/07/2022,00:00:00,718314,7,405,S,ML,0.59,448,100,929,0.0143,69.6,0,0,0,0,0,0
02/07/2022,00:00:00,718315,7,405,S,ML,0.585,396,75,898,0.0173,65.2,0,0,0,0,0,0
02/07/2022,00:00:00,718320,7,710,N,ML,0.43,559,80,1189,0.0182,69.8,0,0,0,0,0,0
02/07/2022,00:00:00,718321,7,710,S,ML,0.274,480,100,624,0.0119,67.9,0,0,0,0,0,0
02/07/2022,00:00:00,718326,7,91,E,ML,0.295,354,75,910,0.0153,69.1,0,0,0,0,0,0
02/07/2022,00:00:00,718327,7,91,W,ML,0.65,0,0,1656,0.0392,58.4,0,0,0,0.1,0.5,1.2
02/07/2022,00:00:00,718331,7,10,W,HV,1.26,0,0,201,0.0082,65.1,0,0,0,0,0,0
02/07/2022,00:00:00,718332,7,10,W,ML,0.37,448,100,812,0.0129,66.9,0,0,0,0,0,0
02/07/2022,00:00:00,718335,7,10,E,ML,0.295,0,0,2470,0.0348,69.8,0,0,0,0,0,0
02/07/2022,00:00:00,718356,7,57,N,ML,0.72,480,0,1297,0.0423,62.8,0,0,0,0,0,0.2
02/07/2022,00:00:00,718358,7,5,N,ML,0.38,0,0,1560,0.0246,68.8,0,0,0,0,0,0
02/07/2022,00:00:00,718364,7,5,S,ML,0.57,448,100,1485,0.0198,68.8,0,0,0,0,0,0
02/07/2022,00:00:00,718370,7,5,S,ML,0.615,0,0,1664,0.031,66.7,0,0,0,0,0,0
02/07/2022,00:00:00,718371,7,5,N,ML,0.35,0,0,1957,0.0345,65.5,0,0,0,0,0,0.1
02/07/2022,00:00:00,718375,7,5,S,ML,0.415,448,100,1206,0.0195,66.7,0,0,0,0,0,0.1
02/07/2022,00:00:00,718376,7,5,S,ML,0.59,448,100,992,0.0212,69.7,0,0,0,0,0,0
02/07/2022,00:00:00,718379,7,5,S,ML,0.905,560,80,1166,0.0208,69.4,0,0,0,0,0,0
02/07/2022,00:00:00,718384,7,5,N,ML,0.445,0,0,2036,0.0424,60.6,0,0,0,0,0.1,0.5
02/07/2022,00:00:00,718389,7,5,N,ML,0.315,0,0,1637,0.0166,65.5,0,0,0,0,0,0
02/07/2022,00:00:00,718392,7,5,S,ML,0.48,448,100,712,0.0117,71.3,0,0,0,0,0,0
02/07/2022,00:00:00,718393,7,5,S,ML,0.325,446,100,707,0.0124,67.4,0,0,0,0,0,0
02/07/2022,00:00:00,718394,7,5,N,ML,0.43,448,100,648,0.0122,66.9,0,0,0,0,0,0
02/07/2022,00:00:00,718404,7,5,N,ML,0.695,448,100,1188,0.0136,68.4,0,0,0,0,0,0
02/07/2022,00:00:00,718405,7,5,S,ML,0.778,439,0,1897,0.0376,67.8,0,0,0,0,0,0
02/07/2022,00:00:00,718410,7,10,E,ML,0.265,0,0,1560,0.0246,68.8,0,0,0,0,0,0
02/07/2022,00:00:00,718411,7,10,W,ML,0.47,0,0,201,0.0082,65.2,0,0,0,0,0,0
02/07/2022,00:00:00,718412,7,10,E,ML,0.38,0,0,2322,0.0437,63.4,0,0,0,0,0,0.1
02/07/2022,00:00:00,718414,7,10,W,ML,0.545,0,0,2105,0.0313,70.2,0,0,0,0,0,0
02/07/2022,00:00:00,718415,7,10,E,ML,0.36,0,0,2392,0.0316,70.6,0,0,0,0,0,0
02/07/2022,00:00:00,718419,7,10,E,ML,0.26,0,0,1847,0.0321,68.3,0,0,0,0,0,0
02/07/2022,00:00:00,718421,7,10,E,ML,0.53,0,0,1562,0.0246,69.4,0,0,0,0,0,0
02/07/2022,00:00:00,718441,7,405,S,HV,0.425,0,0,201,0.0082,65.1,0,0,0,0,0,0
02/07/2022,00:00:00,718442,7,405,N,HV,0.3,0,0,201,0.0082,65.1,0,0,0,0,0,0
02/07/2022,00:00:00,718445,7,10,E,ML,0.27,448,100,1104,0.0162,69,0,0,0,0,0,0
02/07/2022,00:00:00,718448,7,210,E,HV,0.65,0,0,201,0.0082,65.1,0,0,0,0,0,0
02/07/2022,00:00:00,718453,7,60,E,ML,0.45,600,80,1350,0.0272,68.1,0,0,0,0,0,0
02/07/2022,00:00:00,718455,7,60,W,ML,0.25,560,0,2433,0.0492,66.1,0,0,0,0,0,0
02/07/2022,00:00:00,718466,7,605,N,ML,0.35,0,0,1458,0.034,67.5,0,0,0,0,0,0
02/07/2022,00:00:00,718469,7,210,E,ML,0.268,448,100,1372,0.0234,67.5,0,0,0,0,0,0
02/07/2022,00:00:00,718479,7,405,S,ML,0.33,448,100,1290,0.0203,68,0,0,0,0,0,0
02/07/2022,00:00:00,718480,7,405,S,HV,0.33,112,100,20,0.0011,64.9,0,0,0,0,0,0
02/07/2022,00:00:00,718488,7,710,N,ML,0.4,672,83,1518,0.021,67,0,0,0,0,0,0
02/07/2022,00:00:00,718492,7,710,N,ML,0.4,448,0,1847,0.0321,68.3,0,0,0,0,0,0
02/07/2022,00:00:00,718493,7,710,S,ML,0.325,447,100,451,0.009,68.8,0,0,0,0,0,0
02/07/2022,00:00:00,718496,7,134,W,ML,0.485,447,100,774,0.014,69.3,0,0,0,0,0,0
02/07/2022,00:00:00,718499,7,134,W,ML,0.645,0,0,1557,0.0246,68.7,0,0,0,0,0,0
02/07/2022,00:00:00,718500,7,405,N,ML,0.48,0,0,2313,0.0487,67.9,0,0,0,0,0,0
02/07/2022,00:00:00,737152,7,605,S,ML,0.52,445,100,769,0.0136,65.6,0,0.1,0.1,0.1,0.2,0.2
02/07/2022,00:00:00,737158,7,10,E,ML,0.251,0,0,203,0.0082,65.7,0,0,0,0,0,0
02/07/2022,00:00:00,737184,7,10,E,ML,0.29,0,0,1847,0.0321,68.3,0,0,0,0,0,0
02/07/2022,00:00:00,737229,7,10,E,ML,0.375,336,67,816,0.0238,65.1,0,0,0,0,0,0
02/07/2022,00:00:00,737232,7,10,W,ML,0.3,0,0,1398,0.0408,65.4,0,0,0,0,0,0
02/07/2022,00:00:00,737237,7,10,E,ML,0.43,112,33,1048,0.0325,64,0,0,0,0,0,0
02/07/2022,00:00:00,737242,7,10,W,ML,0.5,336,100,388,0.0102,65.9,0,0,0,0,0,0
02/07/2022,00:00:00,737246,7,10,E,ML,0.425,336,0,1100,0.0386,65.6,0,0,0,0,0,0
02/07/2022,00:00:00,737257,7,10,E,ML,0.44,448,100,880,0.0174,67.4,0,0,0,0,0,0.1
02/07/2022,00:00:00,737258,7,10,W,ML,0.52,445,100,564,0.0111,67,0,0,0,0,0,0
02/07/2022,00:00:00,737269,7,10,W,ML,0.545,0,0,1142,0.0344,64.2,0,0,0,0,0,0
02/07/2022,00:00:00,737278,7,10,E,ML,0.355,0,0,1557,0.0246,68.7,0,0,0,0,0,0
02/07/2022,00:00:00,737292,7,10,W,ML,0.42,0,0,2777,0.0376,65.9,0,0,0,0,0,0
02/07/2022,00:00:00,737313,7,10,E,ML,0.587,0,0,203,0.0082,65.7,0,0,0,0,0,0
02/07/2022,00:00:00,737320,7,10,E,ML,0.657,0,0,661,0.0229,60.2,0,0,0,0,0,0.2
02/07/2022,00:00:00,737344,7,10,E,ML,0.23,448,100,956,0.0131,68.5,0,0,0,0,0,0
02/07/2022,00:00:00,737345,7,10,W,ML,0.23,447,100,784,0.0119,67.5,0,0,0,0,0,0
02/07/2022,00:00:00,737433,7,101,N,ML,1.84,0,0,616,0.0122,68.3,0,0,0,0,0,0
02/07/2022,00:00:00,737490,7,210,E,HV,0.429,112,100,19,0.0012,65,0,0,0,0,0,0
02/07/2022,00:00:00,737504,7,605,S,ML,0.56,448,100,593,0.0082,68.4,0,0,0,0,0,0
02/07/2022,00:00:00,737529,7,405,S,ML,0.47,448,100,720,0.0117,68.4,0,0,0,0,0,0
02/07/2022,00:00:00,759142,7,118,E,ML,0.41,0,0,752,0.0295,63.3,0,0,0,0,0,0
02/07/2022,00:00:00,759165,7,118,W,ML,0.47,335,100,294,0.0071,67.1,0,0,0,0,0,0
02/07/2022,00:00:00,759172,7,5,S,ML,1.6,0,0,1562,0.0246,69.4,0,0,0,0,0,0
02/07/2022,00:00:00,759228,7,5,S,ML,0.355,672,100,1117,0.0077,68.8,0,0,0,0,0,0
02/07/2022,00:00:00,759250,7,5,S,ML,0.395,0,0,1436,0.0191,65.5,0,0,0,0,0,0
02/07/2022,00:00:00,759257,7,10,E,ML,0.325,336,100,532,0.0108,68.5,0,0,0,0,0,0
02/07/2022,00:00:00,759259,7,10,W,ML,0.325,336,67,584,0.0103,60.2,0,0,0,0,0,0.1
02/07/2022,00:00:00,759271,7,101,N,ML,1.14,446,100,648,0.013,68.5,0,0,0,0,0,0
02/07/2022,00:00:00,759280,7,10,E,ML,0.27,0,0,2472,0.0348,69.2,0,0,0,0,0,0
02/07/2022,00:00:00,759289,7,10,W,ML,1.045,0,0,1560,0.0246,68.8,0,0,0,0,0,0
02/07/2022,00:00:00,759385,7,10,E,ML,0.125,0,0,2471,0.0348,69.1,0,0,0,0,0,0
02/07/2022,00:00:00,759416,7,110,S,ML,0.185,332,75,1636,0.0277,63.2,0,0,0,0,0,0.1
02/07/2022,00:00:00,759418,7,110,S,ML,0.025,336,40,4879,0.0638,65.4,0,0,0,0,0,0
02/07/2022,00:00:00,759422,7,405,S,ML,0.365,0,0,1380,0.0188,65.5,0,0,0,0,0,0
02/07/2022,00:00:00,759427,7,405,N,ML,0.869,448,0,1212,0.0344,67.2,0,0,0,0,0,0
02/07/2022,00:00:00,759513,7,5,N,ML,0.81,0,0,2036,0.031,69,0,0,0,0,0,0
02/07/2022,00:00:00,759518,7,5,N,ML,0.62,0,0,1326,0.0453,61.9,0,0,0,0,0,0.2
02/07/2022,00:00:00,759531,7,5,N,ML,0.305,448,100,1530,0.0244,67.9,0,0,0,0,0,0
02/07/2022,00:00:00,759542,7,5,N,ML,0.295,448,100,1611,0.0265,67.5,0,0,0,0,0,0
02/07/2022,00:00:00,759552,7,5,N,ML,0.545,448,100,1552,0.0299,68,0,0,0,0,0,0.1
02/07/2022,00:00:00,759566,7,5,N,ML,0.395,559,100,2013,0.0251,69.6,0,0,0,0,0,0.1
02/07/2022,00:00:00,759576,7,5,N,ML,0.485,112,0,2488,0.0422,66.2,0,0,0,0,0,0
02/07/2022,00:00:00,759591,7,5,N,ML,0.58,446,100,1168,0.0241,66.8,0,0,0,0,0,0.2
02/07/2022,00:00:00,759602,7,5,N,ML,0.77,350,75,953,0.0209,68,0,0,0,0,0,0.1
02/07/2022,00:00:00,759617,7,5,N,ML,0.48,0,0,824,0.0232,63.7,0,0,0,0,0,0
02/07/2022,00:00:00,759626,7,5,N,ML,1.29,334,100,753,0.0177,66.1,0,0,0,0,0,0
02/07/2022,00:00:00,759636,7,5,N,ML,1.474,0,0,1867,0.0416,59.4,0,0,0,0,0.1,1.8
02/07/2022,00:00:00,759648,7,5,N,ML,1.365,0,0,1557,0.0246,68.7,0,0,0,0,0,0
02/07/2022,00:00:00,759654,7,5,N,ML,1.12,0,0,201,0.0082,65.1,0,0,0,0,0,0
02/07/2022,00:00:00,759666,7,5,N,ML,0.87,0,0,201,0.0082,65.1,0,0,0,0,0,0
02/07/2022,00:00:00,759672,7,5,N,ML,2.15,0,0,201,0.0082,65.1,0,0,0,0,0,0
02/07/2022,00:00:00,759677,7,5,N,ML,3.92,0,0,201,0.0082,65.1,0,0,0,0,0,0
02/07/2022,00:00:00,759685,7,5,N,ML,5,479,100,598,0.0177,68,0,0,0,0,0,0.2
02/07/2022,00:00:00,759700,7,5,S,ML,0.503,560,100,2719,0.0763,58.6,8.4,9.6,10.5,11.2,11.7,12.2
02/07/2022,00:00:00,759707,7,5,S,ML,0.675,0,0,3433,0.0675,64,0,0,0,0,0,0.3
02/07/2022,00:00:00,759747,7,5,S,ML,0.655,0,0,2118,0.0426,67.2,0,0,0,0,0,0
02/07/2022,00:00:00,759762,7,5,S,ML,0.3,445,100,1022,0.0169,66.1,0,0,0,0,0,0.1
02/07/2022,00:00:00,759772,7,5,S,ML,0.35,447,100,993,0.0179,68.3,0,0,0,0,0,0
02/07/2022,00:00:00,759783,7,5,S,ML,0.69,447,100,799,0.0144,66.8,0,0,0,0,0,0
