County,Date,MedianPrice,DaysOnMarket,UII,HAI,QuarterNumber,QuarterActual,Year
Alameda,2021-01-01,1107666.6666666667,8.333333333333334,1.4666666666666668,0.22,1,1,2021
Alameda,2021-04-01,1304166.6666666667,7.666666666666667,1.3,0.18,2,2,2021
Alameda,2021-07-01,1300000.0,9.333333333333334,1.3666666666666665,0.19,3,3,2021
Alameda,2021-10-01,1260000.0,11.333333333333334,0.9666666666666667,0.2,4,4,2021
Alameda,2022-01-01,1343333.3333333333,8.666666666666666,1.5333333333333332,0.17,5,1,2022
Alameda,2022-04-01,1471020.0,9.666666666666666,1.6333333333333335,0.15,6,2,2022
Alameda,2022-07-01,1248333.3333333333,16.333333333333332,2.0666666666666664,0.17,7,3,2022
Alameda,2022-10-01,1137666.6666666667,18.333333333333332,1.5999999999999999,0.18,8,4,2022
Alameda,2023-01-01,1095333.3333333333,17.0,1.5999999999999999,0.18,9,1,2023
Alameda,2023-04-01,1263333.3333333333,10.666666666666666,1.2,0.16,10,2,2023
Alameda,2023-07-01,1270000.0,11.333333333333334,1.4333333333333333,0.16,11,3,2023
Alameda,2023-10-01,1215000.0,13.666666666666666,1.2666666666666668,0.16,12,4,2023
Alameda,2024-01-01,1267666.6666666667,13.0,1.5666666666666667,0.16,13,1,2024
Alameda,2024-04-01,1381820.0,11.333333333333334,1.5999999999999999,0.16,14,2,2024
Alameda,2024-07-01,1273333.3333333333,13.666666666666666,2.2333333333333334,0.18,15,3,2024
Alameda,2024-10-01,1243666.6666666667,16.333333333333332,1.6333333333333335,0.18,16,4,2024
Alameda,2025-01-01,1276666.6666666667,13.166666666666666,2.9333333333333336,0.19,17,1,2025
Alameda,2025-04-01,1345666.6666666667,13.666666666666666,2.6,0.19,18,2,2025
Alameda,2025-07-01,1256333.3333333333,16.0,2.466666666666667,0.21,19,3,2025
Amador,2021-01-01,407510.0,20.666666666666668,2.1,0.44,1,1,2021
Amador,2021-04-01,434500.0,9.5,2.1999999999999997,0.4,2,2,2021
Amador,2021-07-01,424500.0,11.166666666666666,2.6333333333333333,0.42,3,3,2021
Amador,2021-10-01,420713.3333333333,20.166666666666668,1.9333333333333333,0.43,4,4,2021
Amador,2022-01-01,429666.6666666667,21.666666666666668,2.8333333333333335,0.4,5,1,2022
Amador,2022-04-01,436083.3333333333,15.166666666666666,3.466666666666667,0.32,6,2,2022
Amador,2022-07-01,413783.3333333333,35.5,4.8,0.34,7,3,2022
Amador,2022-10-01,392916.6666666667,42.333333333333336,4.8,0.34,8,4,2022
Amador,2023-01-01,409646.6666666667,51.0,4.2,0.33,9,1,2023
Amador,2023-04-01,464666.6666666667,26.333333333333332,4.666666666666667,0.28,10,2,2023
Amador,2023-07-01,448750.0,30.5,5.066666666666666,0.26,11,3,2023
Amador,2023-10-01,409333.3333333333,33.0,5.666666666666667,0.31,12,4,2023
Amador,2024-01-01,444833.3333333333,48.666666666666664,5.5,0.3,13,1,2024
Amador,2024-04-01,432166.6666666667,34.333333333333336,6.3,0.32,14,2,2024
Amador,2024-07-01,420833.3333333333,36.5,6.733333333333333,0.38,15,3,2024
Amador,2024-10-01,435000.0,47.0,5.333333333333333,0.34,16,4,2024
Amador,2025-01-01,445666.6666666667,45.666666666666664,7.6000000000000005,0.35,17,1,2025
Amador,2025-04-01,439166.6666666667,43.833333333333336,7.8999999999999995,0.35,18,2,2025
Amador,2025-07-01,435166.6666666667,64.33333333333333,7.866666666666666,0.36,19,3,2025
Butte,2021-01-01,407666.6666666667,12.166666666666666,2.3000000000000003,0.37,1,1,2021
Butte,2021-04-01,441833.3333333333,6.666666666666667,1.9000000000000001,0.33,2,2,2021
Butte,2021-07-01,443460.0,8.166666666666666,2.066666666666667,0.35,3,3,2021
Butte,2021-10-01,444833.3333333333,10.666666666666666,1.5999999999999999,0.35,4,4,2021
Butte,2022-01-01,449166.6666666667,9.833333333333334,2.1999999999999997,0.33,5,1,2022
Butte,2022-04-01,470750.0,10.666666666666666,2.3000000000000003,0.28,6,2,2022
Butte,2022-07-01,440260.0,21.333333333333332,3.233333333333333,0.3,7,3,2022
Butte,2022-10-01,427416.6666666667,34.166666666666664,3.6999999999999997,0.29,8,4,2022
Butte,2023-01-01,412216.6666666667,42.0,3.466666666666667,0.32,9,1,2023
Butte,2023-04-01,439816.6666666667,20.666666666666668,2.8333333333333335,0.29,10,2,2023
Butte,2023-07-01,431556.6666666667,18.666666666666668,2.6999999999999997,0.28,11,3,2023
Butte,2023-10-01,422633.3333333333,22.333333333333332,3.3333333333333335,0.29,12,4,2023
Butte,2024-01-01,425040.0,27.5,3.466666666666667,0.29,13,1,2024
Butte,2024-04-01,455966.6666666667,17.333333333333332,3.3333333333333335,0.27,14,2,2024
Butte,2024-07-01,451193.3333333333,21.5,3.5666666666666664,0.29,15,3,2024
Butte,2024-10-01,443150.0,22.666666666666668,3.3000000000000003,0.28,16,4,2024
Butte,2025-01-01,445333.3333333333,27.333333333333332,4.166666666666667,0.28,17,1,2025
Butte,2025-04-01,480250.0,21.666666666666668,3.8000000000000003,0.24,18,2,2025
Butte,2025-07-01,462166.6666666667,29.5,3.8333333333333335,0.27,19,3,2025
Calaveras,2021-01-01,425283.3333333333,59.166666666666664,2.0,0.41,1,1,2021
Calaveras,2021-04-01,479026.6666666667,49.166666666666664,2.2333333333333334,0.37,2,2,2021
Calaveras,2021-07-01,472333.3333333333,52.333333333333336,2.6999999999999997,0.39,3,3,2021
Calaveras,2021-10-01,462106.6666666667,59.333333333333336,2.2666666666666666,0.4,4,4,2021
Calaveras,2022-01-01,489833.3333333333,59.666666666666664,2.3000000000000003,0.35,5,1,2022
Calaveras,2022-04-01,508166.6666666667,43.0,3.0,0.29,6,2,2022
Calaveras,2022-07-01,458283.3333333333,60.0,3.6999999999999997,0.32,7,3,2022
Calaveras,2022-10-01,436000.0,63.666666666666664,4.066666666666666,0.3,8,4,2022
Calaveras,2023-01-01,443500.0,78.0,4.6000000000000005,0.32,9,1,2023
Calaveras,2023-04-01,501333.3333333333,60.666666666666664,4.133333333333334,0.27,10,2,2023
Calaveras,2023-07-01,496333.3333333333,34.166666666666664,3.8000000000000003,0.27,11,3,2023
Calaveras,2023-10-01,451833.3333333333,36.666666666666664,4.866666666666667,0.31,12,4,2023
Calaveras,2024-01-01,454666.6666666667,52.333333333333336,5.2,0.33,13,1,2024
Calaveras,2024-04-01,486333.3333333333,24.833333333333332,5.266666666666667,0.29,14,2,2024
Calaveras,2024-07-01,500333.3333333333,34.5,5.8,0.31,15,3,2024
Calaveras,2024-10-01,460250.0,57.5,6.166666666666667,0.34,16,4,2024
Calaveras,2025-01-01,431500.0,61.333333333333336,6.533333333333334,0.36,17,1,2025
Calaveras,2025-04-01,473000.0,27.666666666666668,6.533333333333334,0.33,18,2,2025
Calaveras,2025-07-01,483916.6666666667,51.5,6.3,0.34,19,3,2025
Del Norte,2021-01-01,355666.6666666667,138.33333333333334,3.6999999999999997,0.36,1,1,2021
Del Norte,2021-04-01,379223.3333333333,108.16666666666667,5.433333333333334,0.35,2,2,2021
Del Norte,2021-07-01,383333.3333333333,80.66666666666667,4.2,0.35,3,3,2021
Del Norte,2021-10-01,345160.0,92.66666666666667,2.1666666666666665,0.39,4,4,2021
Del Norte,2022-01-01,386833.3333333333,78.66666666666667,4.0,0.32,5,1,2022
Del Norte,2022-04-01,359396.6666666667,31.0,4.066666666666666,0.31,6,2,2022
Del Norte,2022-07-01,391236.6666666667,31.666666666666668,4.033333333333333,0.27,7,3,2022
Del Norte,2022-10-01,362883.3333333333,50.333333333333336,4.6000000000000005,0.25,8,4,2022
Del Norte,2023-01-01,333333.3333333333,40.833333333333336,8.299999999999999,0.32,9,1,2023
Del Norte,2023-04-01,346666.6666666667,36.166666666666664,5.166666666666667,0.3,10,2,2023
Del Norte,2023-07-01,377166.6666666667,23.333333333333332,5.266666666666667,0.28,11,3,2023
Del Norte,2023-10-01,404833.3333333333,32.666666666666664,7.8999999999999995,0.26,12,4,2023
Del Norte,2024-01-01,323750.0,51.166666666666664,6.866666666666666,0.34,13,1,2024
Del Norte,2024-04-01,341666.6666666667,23.166666666666668,7.833333333333333,0.34,14,2,2024
Del Norte,2024-07-01,414666.6666666667,43.833333333333336,7.366666666666667,0.28,15,3,2024
Del Norte,2024-10-01,368020.0,46.5,5.433333333333334,0.33,16,4,2024
Del Norte,2025-01-01,307500.0,78.83333333333333,9.233333333333333,0.38,17,1,2025
Del Norte,2025-04-01,430000.0,42.833333333333336,8.433333333333334,0.29,18,2,2025
Del Norte,2025-07-01,392166.6666666667,46.166666666666664,6.833333333333333,0.34,19,3,2025
El Dorado,2021-01-01,610000.0,16.666666666666668,1.9333333333333336,0.36,1,1,2021
El Dorado,2021-04-01,681583.3333333334,8.333333333333334,1.7333333333333334,0.31,2,2,2021
El Dorado,2021-07-01,661963.3333333334,11.666666666666666,2.3000000000000003,0.35,3,3,2021
El Dorado,2021-10-01,633333.3333333334,22.5,1.6333333333333335,0.37,4,4,2021
El Dorado,2022-01-01,695833.3333333334,19.333333333333332,2.1,0.29,5,1,2022
El Dorado,2022-04-01,718666.6666666666,21.0,2.533333333333333,0.24,6,2,2022
El Dorado,2022-07-01,640666.6666666666,39.0,3.3000000000000003,0.27,7,3,2022
El Dorado,2022-10-01,623166.6666666666,42.666666666666664,3.1999999999999997,0.25,8,4,2022
El Dorado,2023-01-01,605666.6666666666,49.0,3.5,0.28,9,1,2023
El Dorado,2023-04-01,692406.6666666666,20.5,3.1,0.23,10,2,2023
El Dorado,2023-07-01,664000.0,22.0,3.4333333333333336,0.23,11,3,2023
El Dorado,2023-10-01,656666.6666666666,38.333333333333336,3.9,0.23,12,4,2023
El Dorado,2024-01-01,658166.6666666666,47.5,4.066666666666666,0.25,13,1,2024
El Dorado,2024-04-01,721666.6666666666,22.666666666666668,4.333333333333333,0.22,14,2,2024
El Dorado,2024-07-01,678000.0,32.0,4.8,0.27,15,3,2024
El Dorado,2024-10-01,680040.0,44.5,4.266666666666667,0.25,16,4,2024
El Dorado,2025-01-01,671500.0,42.333333333333336,4.8,0.27,17,1,2025
El Dorado,2025-04-01,701333.3333333334,23.5,4.833333333333333,0.27,18,2,2025
El Dorado,2025-07-01,692333.3333333334,37.166666666666664,4.8,0.29,19,3,2025
Fresno,2021-01-01,341666.6666666667,7.0,1.8,0.46,1,1,2021
Fresno,2021-04-01,363833.3333333333,6.0,1.7333333333333334,0.43,2,2,2021
Fresno,2021-07-01,375000.0,6.666666666666667,1.9333333333333333,0.42,3,3,2021
Fresno,2021-10-01,388333.3333333333,8.0,1.5,0.4,4,4,2021
Fresno,2022-01-01,405000.0,7.666666666666667,1.9000000000000001,0.37,5,1,2022
Fresno,2022-04-01,423333.3333333333,8.0,2.1999999999999997,0.31,6,2,2022
Fresno,2022-07-01,409000.0,15.333333333333334,2.9333333333333336,0.32,7,3,2022
Fresno,2022-10-01,396333.3333333333,25.166666666666668,3.1999999999999997,0.3,8,4,2022
Fresno,2023-01-01,389833.3333333333,28.666666666666668,3.3000000000000003,0.32,9,1,2023
Fresno,2023-04-01,420796.6666666667,15.333333333333334,2.3666666666666667,0.29,10,2,2023
Fresno,2023-07-01,417500.0,13.5,2.9,0.27,11,3,2023
Fresno,2023-10-01,407333.3333333333,17.5,3.233333333333333,0.28,12,4,2023
Fresno,2024-01-01,413000.0,22.666666666666668,3.233333333333333,0.3,13,1,2024
Fresno,2024-04-01,425276.6666666667,15.0,3.033333333333333,0.28,14,2,2024
Fresno,2024-07-01,428313.3333333333,19.0,3.1999999999999997,0.3,15,3,2024
Fresno,2024-10-01,423690.0,22.0,3.4333333333333336,0.3,16,4,2024
Fresno,2025-01-01,434846.6666666667,26.166666666666668,4.2,0.29,17,1,2025
Fresno,2025-04-01,434456.6666666667,17.333333333333332,3.6999999999999997,0.3,18,2,2025
Fresno,2025-07-01,443796.6666666667,23.333333333333332,3.6666666666666665,0.3,19,3,2025
Glenn,2021-01-01,297333.3333333333,10.166666666666666,2.0333333333333337,0.44,1,1,2021
Glenn,2021-04-01,332166.6666666667,6.5,3.3000000000000003,0.45,2,2,2021
Glenn,2021-07-01,316666.6666666667,11.833333333333334,2.9333333333333336,0.44,3,3,2021
Glenn,2021-10-01,337333.3333333333,13.0,2.4,0.43,4,4,2021
Glenn,2022-01-01,355000.0,11.5,2.466666666666667,0.36,5,1,2022
Glenn,2022-04-01,337086.6666666667,23.0,3.533333333333333,0.36,6,2,2022
Glenn,2022-07-01,338166.6666666667,37.666666666666664,3.8333333333333335,0.34,7,3,2022
Glenn,2022-10-01,301916.6666666667,37.166666666666664,3.6666666666666665,0.35,8,4,2022
Glenn,2023-01-01,352500.0,42.833333333333336,4.733333333333333,0.32,9,1,2023
Glenn,2023-04-01,351333.3333333333,20.666666666666668,3.233333333333333,0.32,10,2,2023
Glenn,2023-07-01,331166.6666666667,14.333333333333334,4.066666666666666,0.3,11,3,2023
Glenn,2023-10-01,345500.0,55.666666666666664,2.6666666666666665,0.3,12,4,2023
Glenn,2024-01-01,349666.6666666667,18.0,3.6333333333333333,0.34,13,1,2024
Glenn,2024-04-01,347083.3333333333,36.166666666666664,4.433333333333333,0.35,14,2,2024
Glenn,2024-07-01,334500.0,45.0,3.533333333333333,0.4,15,3,2024
Glenn,2024-10-01,377500.0,14.166666666666666,3.766666666666667,0.32,16,4,2024
Glenn,2025-01-01,329166.6666666667,55.666666666666664,4.1000000000000005,0.4,17,1,2025
Glenn,2025-04-01,347333.3333333333,40.666666666666664,4.8,0.39,18,2,2025
Glenn,2025-07-01,367500.0,39.5,3.766666666666667,0.37,19,3,2025
Humboldt,2021-01-01,361666.6666666667,9.666666666666666,2.433333333333333,0.39,1,1,2021
Humboldt,2021-04-01,415000.0,8.166666666666666,2.3666666666666667,0.32,2,2,2021
Humboldt,2021-07-01,417166.6666666667,10.0,2.3333333333333335,0.32,3,3,2021
Humboldt,2021-10-01,440343.3333333333,10.666666666666666,2.0333333333333337,0.3,4,4,2021
Humboldt,2022-01-01,435833.3333333333,9.666666666666666,3.4,0.3,5,1,2022
Humboldt,2022-04-01,452600.0,9.0,3.5666666666666664,0.24,6,2,2022
Humboldt,2022-07-01,468333.3333333333,16.0,4.333333333333333,0.23,7,3,2022
Humboldt,2022-10-01,427000.0,17.833333333333332,4.366666666666666,0.24,8,4,2022
Humboldt,2023-01-01,420750.0,29.5,5.966666666666666,0.26,9,1,2023
Humboldt,2023-04-01,438000.0,14.0,5.166666666666667,0.25,10,2,2023
Humboldt,2023-07-01,436473.3333333333,15.166666666666666,5.2,0.23,11,3,2023
Humboldt,2023-10-01,429416.6666666667,30.833333333333332,5.2,0.24,12,4,2023
Humboldt,2024-01-01,419990.0,33.0,7.1000000000000005,0.25,13,1,2024
Humboldt,2024-04-01,446873.3333333333,25.333333333333332,6.066666666666666,0.22,14,2,2024
Humboldt,2024-07-01,434000.0,33.166666666666664,5.566666666666666,0.23,15,3,2024
Humboldt,2024-10-01,438893.3333333333,40.5,5.6000000000000005,0.23,16,4,2024
Humboldt,2025-01-01,409500.0,55.333333333333336,7.866666666666667,0.26,17,1,2025
Humboldt,2025-04-01,442598.3333333333,25.166666666666668,6.066666666666666,0.23,18,2,2025
Humboldt,2025-07-01,444166.6666666667,39.0,5.833333333333333,0.25,19,3,2025
Imperial,2021-01-01,288610.0,10.0,,,1,1,2021
Imperial,2021-04-01,310250.0,10.666666666666666,,,2,2,2021
Imperial,2021-07-01,333333.3333333333,10.0,,,3,3,2021
Imperial,2021-10-01,312984.6666666667,13.333333333333334,,,4,4,2021
Imperial,2022-01-01,331666.6666666667,12.166666666666666,,,5,1,2022
Imperial,2022-04-01,341000.0,9.666666666666666,,,6,2,2022
Imperial,2022-07-01,354750.0,11.0,,,7,3,2022
Imperial,2022-10-01,349833.3333333333,25.5,,,8,4,2022
Imperial,2023-01-01,338633.3333333333,44.833333333333336,0.0,0.32,9,1,2023
Imperial,2023-04-01,355386.6666666667,19.333333333333332,0.0,0.3,10,2,2023
Imperial,2023-07-01,366333.3333333333,16.666666666666668,0.0,0.27,11,3,2023
Imperial,2023-10-01,360110.0,17.5,0.0,0.27,12,4,2023
Imperial,2024-01-01,361333.3333333333,21.666666666666668,2.4,0.3,13,1,2024
Imperial,2024-04-01,389166.6666666667,12.666666666666666,2.1,0.26,14,2,2024
Imperial,2024-07-01,397713.3333333333,16.0,2.766666666666667,0.28,15,3,2024
Imperial,2024-10-01,386163.3333333333,18.0,2.9333333333333336,0.28,16,4,2024
Imperial,2025-01-01,396083.3333333333,19.833333333333332,4.3,0.25,17,1,2025
Imperial,2025-04-01,394150.0,27.0,3.1333333333333333,0.27,18,2,2025
Imperial,2025-07-01,425666.6666666667,19.333333333333332,2.7999999999999994,0.26,19,3,2025
Kern,2021-01-01,302333.3333333333,9.333333333333334,1.9333333333333336,0.47,1,1,2021
Kern,2021-04-01,319000.0,6.333333333333333,1.6666666666666667,0.45,2,2,2021
Kern,2021-07-01,332500.0,7.666666666666667,1.9333333333333333,0.45,3,3,2021
Kern,2021-10-01,342313.3333333333,10.666666666666666,1.4666666666666668,0.43,4,4,2021
Kern,2022-01-01,368916.6666666667,8.0,1.7333333333333334,0.38,5,1,2022
Kern,2022-04-01,383333.3333333333,7.333333333333333,2.1333333333333333,0.32,6,2,2022
Kern,2022-07-01,367050.0,17.666666666666668,2.6999999999999997,0.34,7,3,2022
Kern,2022-10-01,371660.0,22.5,2.966666666666667,0.3,8,4,2022
Kern,2023-01-01,365833.3333333333,28.166666666666668,2.6333333333333333,0.33,9,1,2023
Kern,2023-04-01,378500.0,13.666666666666666,2.1666666666666665,0.31,10,2,2023
Kern,2023-07-01,390833.3333333333,11.0,2.3000000000000003,0.28,11,3,2023
Kern,2023-10-01,381393.3333333333,16.666666666666668,2.6333333333333333,0.28,12,4,2023
Kern,2024-01-01,381226.6666666667,22.0,2.733333333333333,0.31,13,1,2024
Kern,2024-04-01,384000.0,16.666666666666668,2.3666666666666667,0.3,14,2,2024
Kern,2024-07-01,404333.3333333333,18.0,2.966666666666667,0.3,15,3,2024
Kern,2024-10-01,403333.3333333333,23.166666666666668,3.1,0.29,16,4,2024
Kern,2025-01-01,399880.0,24.166666666666668,3.6333333333333333,0.3,17,1,2025
Kern,2025-04-01,408000.0,24.0,3.3000000000000003,0.3,18,2,2025
Kern,2025-07-01,403333.3333333333,27.333333333333332,3.533333333333333,0.31,19,3,2025
Kings,2021-01-01,283750.0,5.666666666666667,1.9666666666666668,0.58,1,1,2021
Kings,2021-04-01,305000.0,5.333333333333333,1.5333333333333332,0.56,2,2,2021
Kings,2021-07-01,316666.6666666667,6.0,1.8,0.56,3,3,2021
Kings,2021-10-01,329500.0,8.333333333333334,1.7333333333333334,0.54,4,4,2021
Kings,2022-01-01,324833.3333333333,7.833333333333333,2.0,0.51,5,1,2022
Kings,2022-04-01,356166.6666666667,7.0,2.033333333333333,0.39,6,2,2022
Kings,2022-07-01,338083.3333333333,15.0,2.466666666666667,0.4,7,3,2022
Kings,2022-10-01,330000.0,16.833333333333332,3.0666666666666664,0.35,8,4,2022
Kings,2023-01-01,357333.3333333333,36.666666666666664,3.1666666666666665,0.33,9,1,2023
Kings,2023-04-01,362000.0,13.0,2.1,0.32,10,2,2023
Kings,2023-07-01,379416.6666666667,12.166666666666666,2.5,0.27,11,3,2023
Kings,2023-10-01,365000.0,23.0,2.566666666666667,0.29,12,4,2023
Kings,2024-01-01,349983.3333333333,16.333333333333332,3.3000000000000003,0.34,13,1,2024
Kings,2024-04-01,377133.3333333333,16.0,2.766666666666667,0.29,14,2,2024
Kings,2024-07-01,376000.0,24.333333333333332,2.1666666666666665,0.33,15,3,2024
Kings,2024-10-01,359900.0,24.333333333333332,3.1666666666666665,0.33,16,4,2024
Kings,2025-01-01,368663.3333333333,28.666666666666668,4.8,0.33,17,1,2025
Kings,2025-04-01,365750.0,23.833333333333332,3.033333333333333,0.34,18,2,2025
Kings,2025-07-01,373000.0,33.5,3.1333333333333333,0.34,19,3,2025
Lake,2021-01-01,319833.3333333333,30.833333333333332,3.6666666666666665,0.46,1,1,2021
Lake,2021-04-01,339983.3333333333,12.666666666666666,3.266666666666667,0.43,2,2,2021
Lake,2021-07-01,352706.6666666667,15.833333333333334,4.366666666666666,0.42,3,3,2021
Lake,2021-10-01,340416.6666666667,27.666666666666668,3.3666666666666667,0.43,4,4,2021
Lake,2022-01-01,359966.6666666667,39.333333333333336,4.2,0.38,5,1,2022
Lake,2022-04-01,348666.6666666667,25.5,4.233333333333333,0.33,6,2,2022
Lake,2022-07-01,341833.3333333333,32.333333333333336,6.466666666666666,0.33,7,3,2022
Lake,2022-10-01,353000.0,55.333333333333336,5.833333333333333,0.28,8,4,2022
Lake,2023-01-01,322083.3333333333,70.16666666666667,6.066666666666666,0.31,9,1,2023
Lake,2023-04-01,352500.0,44.333333333333336,6.0,0.28,10,2,2023
Lake,2023-07-01,306666.6666666667,37.0,6.5,0.3,11,3,2023
Lake,2023-10-01,332833.3333333333,42.5,7.900000000000001,0.28,12,4,2023
Lake,2024-01-01,318333.3333333333,69.66666666666667,7.1000000000000005,0.33,13,1,2024
Lake,2024-04-01,347916.6666666667,54.833333333333336,6.066666666666666,0.31,14,2,2024
Lake,2024-07-01,338316.6666666667,40.333333333333336,7.933333333333334,0.35,15,3,2024
Lake,2024-10-01,354333.3333333333,55.333333333333336,7.333333333333333,0.32,16,4,2024
Lake,2025-01-01,340500.0,59.0,9.033333333333333,0.35,17,1,2025
Lake,2025-04-01,329626.6666666667,52.166666666666664,9.1,0.34,18,2,2025
Lake,2025-07-01,358666.6666666667,71.66666666666667,9.633333333333333,0.29,19,3,2025
Lassen,2021-01-01,236583.33333333334,106.0,3.0666666666666664,0.62,1,1,2021
Lassen,2021-04-01,248466.66666666666,70.16666666666667,5.166666666666667,0.62,2,2,2021
Lassen,2021-07-01,208166.66666666666,100.66666666666667,5.666666666666667,0.68,3,3,2021
Lassen,2021-10-01,263083.3333333333,99.33333333333333,3.3333333333333335,0.63,4,4,2021
Lassen,2022-01-01,247000.0,95.33333333333333,3.266666666666667,0.61,5,1,2022
Lassen,2022-04-01,269166.6666666667,70.66666666666667,4.666666666666667,0.54,6,2,2022
Lassen,2022-07-01,242666.66666666666,76.83333333333333,4.266666666666667,0.56,7,3,2022
Lassen,2022-10-01,223583.33333333334,76.5,8.733333333333333,0.54,8,4,2022
Lassen,2023-01-01,240500.0,90.0,10.633333333333333,0.53,9,1,2023
Lassen,2023-04-01,246366.66666666666,33.666666666666664,5.133333333333333,0.52,10,2,2023
Lassen,2023-07-01,228750.0,39.833333333333336,7.833333333333333,0.58,11,3,2023
Lassen,2023-10-01,230000.0,37.5,5.6000000000000005,0.49,12,4,2023
Lassen,2024-01-01,246333.33333333334,82.0,10.5,0.51,13,1,2024
Lassen,2024-04-01,249000.0,46.166666666666664,8.1,0.52,14,2,2024
Lassen,2024-07-01,255333.33333333334,60.833333333333336,7.166666666666667,0.52,15,3,2024
Lassen,2024-10-01,257220.0,66.33333333333333,7.933333333333334,0.5,16,4,2024
Lassen,2025-01-01,244833.33333333334,58.166666666666664,7.833333333333333,0.56,17,1,2025
Lassen,2025-04-01,284833.3333333333,29.5,7.1000000000000005,0.46,18,2,2025
Lassen,2025-07-01,264000.0,42.833333333333336,6.966666666666666,0.52,19,3,2025
Los Angeles,2021-01-01,683740.0,9.666666666666666,2.0,0.24,1,1,2021
Los Angeles,2021-04-01,746746.6666666666,7.666666666666667,1.8666666666666665,0.22,2,2,2021
Los Angeles,2021-07-01,841956.6666666666,9.0,2.0,0.19,3,3,2021
Los Angeles,2021-10-01,814990.0,11.0,1.5666666666666667,0.21,4,4,2021
Los Angeles,2022-01-01,785166.6666666666,10.333333333333334,2.0,0.2,5,1,2022
Los Angeles,2022-04-01,820210.0,13.666666666666666,2.233333333333333,0.16,6,2,2022
Los Angeles,2022-07-01,864350.0,22.0,3.1666666666666665,0.14,7,3,2022
Los Angeles,2022-10-01,830286.6666666666,28.666666666666668,3.4333333333333336,0.13,8,4,2022
Los Angeles,2023-01-01,741260.0,33.333333333333336,3.1,0.17,9,1,2023
Los Angeles,2023-04-01,771866.6666666666,19.333333333333332,2.3000000000000003,0.15,10,2,2023
Los Angeles,2023-07-01,882630.0,18.0,2.533333333333333,0.11,11,3,2023
Los Angeles,2023-10-01,881660.0,21.333333333333332,2.766666666666667,0.11,12,4,2023
Los Angeles,2024-01-01,818400.0,23.0,2.966666666666667,0.14,13,1,2024
Los Angeles,2024-04-01,842253.3333333334,18.333333333333332,2.8000000000000003,0.13,14,2,2024
Los Angeles,2024-07-01,929756.6666666666,21.333333333333332,3.233333333333333,0.11,15,3,2024
Los Angeles,2024-10-01,935203.3333333334,26.666666666666668,3.1666666666666665,0.11,16,4,2024
Los Angeles,2025-01-01,855950.0,29.0,3.9,0.13,17,1,2025
Los Angeles,2025-04-01,863133.3333333334,23.333333333333332,3.8333333333333335,0.13,18,2,2025
Los Angeles,2025-07-01,941770.0,28.666666666666668,3.9,0.12,19,3,2025
Madera,2021-01-01,348166.6666666667,13.333333333333334,2.5,0.46,1,1,2021
Madera,2021-04-01,365166.6666666667,8.166666666666666,2.1666666666666665,0.44,2,2,2021
Madera,2021-07-01,380833.3333333333,11.333333333333334,3.0,0.43,3,3,2021
Madera,2021-10-01,387460.0,15.166666666666666,1.9666666666666668,0.42,4,4,2021
Madera,2022-01-01,408000.0,13.0,2.6999999999999997,0.38,5,1,2022
Madera,2022-04-01,423000.0,14.0,2.6666666666666665,0.32,6,2,2022
Madera,2022-07-01,414333.3333333333,21.333333333333332,3.9,0.34,7,3,2022
Madera,2022-10-01,407833.3333333333,28.333333333333332,5.233333333333333,0.31,8,4,2022
Madera,2023-01-01,394153.3333333333,31.333333333333332,5.5,0.34,9,1,2023
Madera,2023-04-01,426436.6666666667,31.666666666666668,3.6333333333333333,0.31,10,2,2023
Madera,2023-07-01,429666.6666666667,30.5,4.0,0.29,11,3,2023
Madera,2023-10-01,420000.0,32.166666666666664,5.433333333333334,0.29,12,4,2023
Madera,2024-01-01,439653.3333333333,35.666666666666664,4.8,0.3,13,1,2024
Madera,2024-04-01,433856.6666666667,30.0,4.433333333333334,0.29,14,2,2024
Madera,2024-07-01,426406.6666666667,27.333333333333332,4.866666666666667,0.31,15,3,2024
Madera,2024-10-01,427666.6666666667,36.333333333333336,4.5,0.3,16,4,2024
Madera,2025-01-01,437760.0,41.333333333333336,5.5,0.29,17,1,2025
Madera,2025-04-01,438160.0,31.666666666666668,5.233333333333333,0.31,18,2,2025
Madera,2025-07-01,446666.6666666667,48.166666666666664,6.133333333333333,0.32,19,3,2025
Marin,2021-01-01,1505833.3333333333,25.5,1.9000000000000001,0.22,1,1,2021
Marin,2021-04-01,1651666.6666666667,11.0,1.3,0.21,2,2,2021
Marin,2021-07-01,1673333.3333333333,14.5,1.6666666666666667,0.22,3,3,2021
Marin,2021-10-01,1576666.6666666667,21.333333333333332,1.1333333333333333,0.23,4,4,2021
Marin,2022-01-01,1620833.3333333333,16.0,1.2333333333333334,0.21,5,1,2022
Marin,2022-04-01,1986666.6666666667,30.0,1.1333333333333335,0.17,6,2,2022
Marin,2022-07-01,1717500.0,47.333333333333336,1.9333333333333333,0.18,7,3,2022
Marin,2022-10-01,1606000.0,54.166666666666664,1.7,0.18,8,4,2022
Marin,2023-01-01,1416166.6666666667,46.833333333333336,3.0666666666666664,0.2,9,1,2023
Marin,2023-04-01,1768333.3333333333,37.333333333333336,1.8333333333333333,0.16,10,2,2023
Marin,2023-07-01,1578166.6666666667,48.0,2.6,0.18,11,3,2023
Marin,2023-10-01,1639000.0,52.666666666666664,1.9666666666666668,0.16,12,4,2023
Marin,2024-01-01,1697333.3333333333,56.5,2.8666666666666667,0.18,13,1,2024
Marin,2024-04-01,1766666.6666666667,42.333333333333336,2.533333333333333,0.16,14,2,2024
Marin,2024-07-01,1598000.0,51.666666666666664,2.966666666666667,0.2,15,3,2024
Marin,2024-10-01,1627666.6666666667,65.16666666666667,1.8666666666666665,0.18,16,4,2024
Marin,2025-01-01,1569166.6666666667,68.0,3.466666666666667,0.2,17,1,2025
Marin,2025-04-01,1751666.6666666667,47.166666666666664,2.9333333333333336,0.19,18,2,2025
Marin,2025-07-01,1599166.6666666667,68.5,3.466666666666667,0.22,19,3,2025
Mendocino,2021-01-01,517500.0,51.833333333333336,3.366666666666667,0.27,1,1,2021
Mendocino,2021-04-01,571000.0,38.166666666666664,3.7999999999999994,0.23,2,2,2021
Mendocino,2021-07-01,561000.0,39.166666666666664,4.233333333333333,0.23,3,3,2021
Mendocino,2021-10-01,540483.3333333334,46.833333333333336,2.9,0.22,4,4,2021
Mendocino,2022-01-01,509000.0,51.5,5.266666666666667,0.24,5,1,2022
Mendocino,2022-04-01,574000.0,52.5,5.2,0.15,6,2,2022
Mendocino,2022-07-01,568166.6666666666,77.16666666666667,6.833333333333333,0.18,7,3,2022
Mendocino,2022-10-01,550500.0,72.16666666666667,6.733333333333333,0.14,8,4,2022
Mendocino,2023-01-01,459000.0,120.66666666666667,8.233333333333334,0.26,9,1,2023
Mendocino,2023-04-01,512500.0,56.5,9.433333333333334,0.17,10,2,2023
Mendocino,2023-07-01,516000.0,71.0,7.5,0.15,11,3,2023
Mendocino,2023-10-01,520333.3333333333,85.16666666666667,9.9,0.18,12,4,2023
Mendocino,2024-01-01,456000.0,89.0,7.1000000000000005,0.21,13,1,2024
Mendocino,2024-04-01,527563.3333333334,62.666666666666664,7.366666666666667,0.17,14,2,2024
Mendocino,2024-07-01,547333.3333333334,66.16666666666667,7.5,0.18,15,3,2024
Mendocino,2024-10-01,505000.0,95.16666666666667,8.033333333333333,0.2,16,4,2024
Mendocino,2025-01-01,529793.3333333334,100.0,10.733333333333334,0.19,17,1,2025
Mendocino,2025-04-01,511883.3333333333,72.83333333333333,9.0,0.2,18,2,2025
Mendocino,2025-07-01,470000.0,104.16666666666667,9.366666666666667,0.26,19,3,2025
Merced,2021-01-01,314583.3333333333,10.0,1.8666666666666665,0.46,1,1,2021
Merced,2021-04-01,345000.0,7.0,1.6666666666666667,0.44,2,2,2021
Merced,2021-07-01,365583.3333333333,8.0,2.0,0.44,3,3,2021
Merced,2021-10-01,373333.3333333333,10.166666666666666,1.6666666666666667,0.45,4,4,2021
Merced,2022-01-01,387460.0,11.0,1.9666666666666668,0.4,5,1,2022
Merced,2022-04-01,403083.3333333333,12.666666666666666,2.4333333333333336,0.34,6,2,2022
Merced,2022-07-01,390666.6666666667,23.666666666666668,3.466666666666667,0.34,7,3,2022
Merced,2022-10-01,362583.3333333333,35.0,3.1,0.34,8,4,2022
Merced,2023-01-01,383650.0,33.833333333333336,4.033333333333334,0.32,9,1,2023
Merced,2023-04-01,383590.0,17.5,2.6666666666666665,0.31,10,2,2023
Merced,2023-07-01,386500.0,19.0,2.9333333333333336,0.3,11,3,2023
Merced,2023-10-01,381750.0,27.166666666666668,3.1333333333333333,0.29,12,4,2023
Merced,2024-01-01,391200.0,33.333333333333336,2.766666666666667,0.29,13,1,2024
Merced,2024-04-01,406666.6666666667,17.666666666666668,2.566666666666667,0.25,14,2,2024
Merced,2024-07-01,409333.3333333333,26.333333333333332,3.4666666666666663,0.27,15,3,2024
Merced,2024-10-01,417333.3333333333,29.5,3.1999999999999997,0.27,16,4,2024
Merced,2025-01-01,414000.0,30.0,4.033333333333333,0.26,17,1,2025
Merced,2025-04-01,426436.6666666667,25.333333333333332,3.5333333333333337,0.26,18,2,2025
Merced,2025-07-01,429500.0,31.333333333333332,3.733333333333333,0.27,19,3,2025
Mono,2021-01-01,1415833.3333333333,64.66666666666667,3.933333333333333,0.03,1,1,2021
Mono,2021-04-01,978833.3333333334,63.833333333333336,3.3333333333333335,0.09,2,2,2021
Mono,2021-07-01,823000.0,70.33333333333333,3.3333333333333335,0.13,3,3,2021
Mono,2021-10-01,884166.6666666666,99.33333333333333,2.6999999999999997,0.13,4,4,2021
Mono,2022-01-01,1014166.6666666666,81.16666666666667,2.8333333333333335,0.07,5,1,2022
Mono,2022-04-01,1340333.3333333333,54.333333333333336,5.633333333333333,0.06,6,2,2022
Mono,2022-07-01,905833.3333333334,65.66666666666667,4.966666666666666,0.08,7,3,2022
Mono,2022-10-01,865000.0,128.66666666666666,3.533333333333333,0.07,8,4,2022
Mono,2023-01-01,892666.6666666666,99.33333333333333,7.466666666666668,0.07,9,1,2023
Mono,2023-04-01,984250.0,16.666666666666668,4.333333333333333,0.05,10,2,2023
Mono,2023-07-01,896666.6666666666,16.833333333333332,3.4333333333333336,0.05,11,3,2023
Mono,2023-10-01,1029166.6666666666,51.166666666666664,2.1,0.05,12,4,2023
Mono,2024-01-01,1217333.3333333333,48.0,4.3,0.04,13,1,2024
Mono,2024-04-01,1043293.3333333334,32.5,5.3999999999999995,0.05,14,2,2024
Mono,2024-07-01,885000.0,28.0,3.6999999999999997,0.07,15,3,2024
Mono,2024-10-01,827500.0,63.666666666666664,3.1999999999999997,0.06,16,4,2024
Mono,2025-01-01,1078333.3333333333,81.33333333333333,2.6999999999999997,0.05,17,1,2025
Mono,2025-04-01,870833.3333333334,36.333333333333336,4.933333333333334,0.08,18,2,2025
Mono,2025-07-01,1163000.0,30.0,3.9,0.07,19,3,2025
Monterey,2021-01-01,870333.3333333334,11.666666666666666,2.6333333333333333,0.17,1,1,2021
Monterey,2021-04-01,863166.6666666666,9.5,2.1999999999999997,0.18,2,2,2021
Monterey,2021-07-01,827416.6666666666,9.333333333333334,2.2333333333333334,0.2,3,3,2021
Monterey,2021-10-01,855416.6666666666,12.5,1.6333333333333335,0.19,4,4,2021
Monterey,2022-01-01,890333.3333333334,9.666666666666666,2.0,0.16,5,1,2022
Monterey,2022-04-01,886000.0,10.0,2.5,0.13,6,2,2022
Monterey,2022-07-01,863000.0,17.0,3.033333333333333,0.13,7,3,2022
Monterey,2022-10-01,819833.3333333334,30.833333333333332,3.3333333333333335,0.12,8,4,2022
Monterey,2023-01-01,841833.3333333334,24.0,3.4,0.12,9,1,2023
Monterey,2023-04-01,883623.3333333334,13.0,2.8000000000000003,0.12,10,2,2023
Monterey,2023-07-01,929780.0,13.833333333333334,2.9,0.09,11,3,2023
Monterey,2023-10-01,998500.0,16.833333333333332,3.0,0.08,12,4,2023
Monterey,2024-01-01,872500.0,19.5,3.533333333333333,0.11,13,1,2024
Monterey,2024-04-01,1024166.6666666666,10.5,3.6,0.08,14,2,2024
Monterey,2024-07-01,948333.3333333334,17.5,3.933333333333333,0.1,15,3,2024
Monterey,2024-10-01,927279.3333333334,22.666666666666668,3.6333333333333333,0.1,16,4,2024
Monterey,2025-01-01,933833.3333333334,21.5,3.9,0.1,17,1,2025
Monterey,2025-04-01,925250.0,20.333333333333332,3.6999999999999997,0.1,18,2,2025
Monterey,2025-07-01,1019883.3333333334,21.5,4.266666666666667,0.09,19,3,2025
Napa,2021-01-01,898500.0,42.0,3.4,0.24,1,1,2021
Napa,2021-04-01,914333.3333333334,31.166666666666668,2.466666666666667,0.23,2,2,2021
Napa,2021-07-01,929666.6666666666,34.666666666666664,3.1333333333333333,0.23,3,3,2021
Napa,2021-10-01,903866.6666666666,38.666666666666664,1.8999999999999997,0.24,4,4,2021
Napa,2022-01-01,944166.6666666666,33.833333333333336,2.766666666666667,0.2,5,1,2022
Napa,2022-04-01,991000.0,38.333333333333336,2.3000000000000003,0.16,6,2,2022
Napa,2022-07-01,1071666.6666666667,48.833333333333336,3.6999999999999997,0.14,7,3,2022
Napa,2022-10-01,955500.0,63.833333333333336,3.733333333333333,0.16,8,4,2022
Napa,2023-01-01,836666.6666666666,55.166666666666664,5.0,0.2,9,1,2023
Napa,2023-04-01,849083.3333333334,45.166666666666664,4.266666666666667,0.19,10,2,2023
Napa,2023-07-01,957500.0,55.5,4.866666666666666,0.15,11,3,2023
Napa,2023-10-01,925833.3333333334,65.66666666666667,4.3,0.16,12,4,2023
Napa,2024-01-01,917333.3333333334,80.83333333333333,5.133333333333334,0.18,13,1,2024
Napa,2024-04-01,963166.6666666666,53.5,4.8,0.14,14,2,2024
Napa,2024-07-01,970500.0,65.33333333333333,6.1000000000000005,0.15,15,3,2024
Napa,2024-10-01,895000.0,72.0,5.166666666666667,0.18,16,4,2024
Napa,2025-01-01,980220.0,83.16666666666667,7.566666666666667,0.14,17,1,2025
Napa,2025-04-01,986666.6666666666,63.0,8.633333333333333,0.15,18,2,2025
Napa,2025-07-01,933333.3333333334,84.0,7.6000000000000005,0.16,19,3,2025
Nevada,2021-01-01,524833.3333333334,23.5,2.4333333333333336,0.37,1,1,2021
Nevada,2021-04-01,561416.6666666666,8.666666666666666,2.1999999999999997,0.34,2,2,2021
Nevada,2021-07-01,563483.3333333334,12.0,2.5,0.35,3,3,2021
Nevada,2021-10-01,535416.6666666666,15.5,2.5666666666666664,0.37,4,4,2021
Nevada,2022-01-01,552166.6666666666,19.833333333333332,2.6666666666666665,0.33,5,1,2022
Nevada,2022-04-01,589166.6666666666,16.666666666666668,3.4333333333333336,0.25,6,2,2022
Nevada,2022-07-01,580000.0,42.0,3.3666666666666667,0.25,7,3,2022
Nevada,2022-10-01,522666.6666666667,45.666666666666664,3.6333333333333333,0.27,8,4,2022
Nevada,2023-01-01,494666.6666666667,53.0,3.3666666666666667,0.29,9,1,2023
Nevada,2023-04-01,558786.6666666666,21.166666666666668,4.2,0.25,10,2,2023
Nevada,2023-07-01,565966.6666666666,30.166666666666668,3.533333333333333,0.23,11,3,2023
Nevada,2023-10-01,553333.3333333334,44.666666666666664,4.066666666666666,0.24,12,4,2023
Nevada,2024-01-01,526666.6666666666,48.666666666666664,3.733333333333333,0.27,13,1,2024
Nevada,2024-04-01,594666.6666666666,25.666666666666668,4.833333333333333,0.24,14,2,2024
Nevada,2024-07-01,579826.6666666666,38.166666666666664,4.8999999999999995,0.26,15,3,2024
Nevada,2024-10-01,542066.6666666666,42.333333333333336,4.1000000000000005,0.28,16,4,2024
Nevada,2025-01-01,532983.3333333334,51.666666666666664,5.1000000000000005,0.3,17,1,2025
Nevada,2025-04-01,574166.6666666666,25.0,5.6000000000000005,0.27,18,2,2025
Nevada,2025-07-01,547333.3333333334,53.5,4.866666666666666,0.3,19,3,2025
Orange,2021-01-01,997000.0,8.333333333333334,2.066666666666667,0.2,1,1,2021
Orange,2021-04-01,1112666.6666666667,7.0,1.5333333333333332,0.17,2,2,2021
Orange,2021-07-01,1096666.6666666667,7.666666666666667,1.5999999999999999,0.18,3,3,2021
Orange,2021-10-01,1150833.3333333333,8.333333333333334,1.3666666666666665,0.17,4,4,2021
Orange,2022-01-01,1253333.3333333333,7.0,1.7333333333333334,0.13,5,1,2022
Orange,2022-04-01,1295000.0,13.666666666666666,2.033333333333333,0.12,6,2,2022
Orange,2022-07-01,1210333.3333333333,25.0,2.6666666666666665,0.13,7,3,2022
Orange,2022-10-01,1132253.3333333333,32.0,2.766666666666667,0.13,8,4,2022
Orange,2023-01-01,1201166.6666666667,33.333333333333336,2.6666666666666665,0.12,9,1,2023
Orange,2023-04-01,1247166.6666666667,18.333333333333332,2.0666666666666664,0.12,10,2,2023
Orange,2023-07-01,1306666.6666666667,18.333333333333332,2.1999999999999997,0.11,11,3,2023
Orange,2023-10-01,1291666.6666666667,21.833333333333332,2.1999999999999997,0.11,12,4,2023
Orange,2024-01-01,1356666.6666666667,22.0,2.466666666666667,0.11,13,1,2024
Orange,2024-04-01,1437500.0,17.666666666666668,2.1999999999999997,0.11,14,2,2024
Orange,2024-07-01,1395816.6666666667,21.333333333333332,2.766666666666667,0.12,15,3,2024
Orange,2024-10-01,1362333.3333333333,28.333333333333332,2.466666666666667,0.12,16,4,2024
Orange,2025-01-01,1448500.0,26.0,3.1666666666666665,0.12,17,1,2025
Orange,2025-04-01,1435650.0,23.666666666666668,3.266666666666667,0.12,18,2,2025
Orange,2025-07-01,1395416.6666666667,31.166666666666668,3.1666666666666665,0.13,19,3,2025
Placer,2021-01-01,596833.3333333334,8.0,1.6333333333333335,0.39,1,1,2021
Placer,2021-04-01,652983.3333333334,5.666666666666667,1.3999999999999997,0.35,2,2,2021
Placer,2021-07-01,647916.6666666666,7.333333333333333,1.6333333333333335,0.38,3,3,2021
Placer,2021-10-01,651333.3333333334,8.666666666666666,1.4333333333333333,0.39,4,4,2021
Placer,2022-01-01,682243.3333333334,7.0,1.6666666666666667,0.34,5,1,2022
Placer,2022-04-01,723333.3333333334,11.666666666666666,2.066666666666667,0.27,6,2,2022
Placer,2022-07-01,666333.3333333334,25.666666666666668,2.9,0.3,7,3,2022
Placer,2022-10-01,628333.3333333334,35.0,2.8666666666666667,0.29,8,4,2022
Placer,2023-01-01,630416.6666666666,39.333333333333336,2.6999999999999997,0.31,9,1,2023
Placer,2023-04-01,666666.6666666666,19.833333333333332,2.3666666666666667,0.29,10,2,2023
Placer,2023-07-01,664666.6666666666,21.0,2.3333333333333335,0.27,11,3,2023
Placer,2023-10-01,659006.6666666666,27.333333333333332,2.733333333333333,0.28,12,4,2023
Placer,2024-01-01,643000.0,27.333333333333332,2.8000000000000003,0.3,13,1,2024
Placer,2024-04-01,677246.6666666666,20.333333333333332,2.566666666666667,0.28,14,2,2024
Placer,2024-07-01,668333.3333333334,25.666666666666668,3.1666666666666665,0.3,15,3,2024
Placer,2024-10-01,646058.3333333334,32.166666666666664,2.766666666666667,0.31,16,4,2024
Placer,2025-01-01,654666.6666666666,30.166666666666668,3.4,0.3,17,1,2025
Placer,2025-04-01,678333.3333333334,24.333333333333332,3.6,0.3,18,2,2025
Placer,2025-07-01,671826.6666666666,35.166666666666664,3.6,0.31,19,3,2025
Plumas,2021-01-01,343166.6666666667,115.33333333333333,5.0,0.47,1,1,2021
Plumas,2021-04-01,406000.0,74.66666666666667,3.966666666666667,0.39,2,2,2021
Plumas,2021-07-01,416333.3333333333,68.66666666666667,5.0,0.38,3,3,2021
Plumas,2021-10-01,423333.3333333333,90.5,2.966666666666667,0.39,4,4,2021
Plumas,2022-01-01,396833.3333333333,102.83333333333333,5.8,0.36,5,1,2022
Plumas,2022-04-01,418000.0,25.333333333333332,4.8999999999999995,0.32,6,2,2022
Plumas,2022-07-01,439166.6666666667,32.833333333333336,4.2,0.28,7,3,2022
Plumas,2022-10-01,404166.6666666667,61.166666666666664,3.766666666666666,0.31,8,4,2022
Plumas,2023-01-01,321666.6666666667,78.33333333333333,10.666666666666666,0.42,9,1,2023
Plumas,2023-04-01,354750.0,31.666666666666668,7.366666666666667,0.38,10,2,2023
Plumas,2023-07-01,405766.6666666667,29.833333333333332,5.433333333333334,0.31,11,3,2023
Plumas,2023-10-01,381750.0,66.83333333333333,4.433333333333334,0.33,12,4,2023
Plumas,2024-01-01,377873.3333333333,98.66666666666667,4.533333333333334,0.37,13,1,2024
Plumas,2024-04-01,438000.0,30.666666666666668,6.6000000000000005,0.29,14,2,2024
Plumas,2024-07-01,503640.0,36.5,5.833333333333333,0.23,15,3,2024
Plumas,2024-10-01,373833.3333333333,73.16666666666667,7.733333333333333,0.36,16,4,2024
Plumas,2025-01-01,366500.0,126.5,7.066666666666666,0.38,17,1,2025
Plumas,2025-04-01,408583.3333333333,26.5,9.133333333333333,0.34,18,2,2025
Plumas,2025-07-01,456500.0,40.5,6.133333333333333,0.3,19,3,2025
Riverside,2021-01-01,516666.6666666667,13.0,1.8666666666666665,0.36,1,1,2021
Riverside,2021-04-01,560166.6666666666,8.0,1.6666666666666667,0.33,2,2,2021
Riverside,2021-07-01,570000.0,9.666666666666666,1.9333333333333333,0.33,3,3,2021
Riverside,2021-10-01,584300.0,13.666666666666666,1.6666666666666667,0.32,4,4,2021
Riverside,2022-01-01,605010.0,13.666666666666666,1.7333333333333334,0.28,5,1,2022
Riverside,2022-04-01,641666.6666666666,17.0,2.1,0.21,6,2,2022
Riverside,2022-07-01,615000.0,27.333333333333332,3.3000000000000003,0.23,7,3,2022
Riverside,2022-10-01,584996.6666666666,36.333333333333336,3.9333333333333336,0.21,8,4,2022
Riverside,2023-01-01,597333.3333333334,45.666666666666664,3.5,0.22,9,1,2023
Riverside,2023-04-01,624000.0,28.333333333333332,2.433333333333333,0.2,10,2,2023
Riverside,2023-07-01,611000.0,23.666666666666668,2.733333333333333,0.19,11,3,2023
Riverside,2023-10-01,608466.6666666666,31.5,3.466666666666667,0.19,12,4,2023
Riverside,2024-01-01,618300.0,37.833333333333336,3.5666666666666664,0.2,13,1,2024
Riverside,2024-04-01,641500.0,29.666666666666668,3.1666666666666665,0.18,14,2,2024
Riverside,2024-07-01,621203.3333333334,30.666666666666668,3.533333333333333,0.21,15,3,2024
Riverside,2024-10-01,629263.3333333334,37.666666666666664,4.066666666666666,0.2,16,4,2024
Riverside,2025-01-01,643550.0,43.333333333333336,4.766666666666667,0.2,17,1,2025
Riverside,2025-04-01,639333.3333333334,38.666666666666664,4.166666666666667,0.21,18,2,2025
Riverside,2025-07-01,626333.3333333334,41.333333333333336,4.233333333333333,0.23,19,3,2025
Sacramento,2021-01-01,466000.0,6.333333333333333,1.5,0.41,1,1,2021
Sacramento,2021-04-01,505000.0,6.0,1.3999999999999997,0.38,2,2,2021
Sacramento,2021-07-01,512000.0,7.333333333333333,1.7,0.39,3,3,2021
Sacramento,2021-10-01,513333.3333333333,9.0,1.2666666666666666,0.39,4,4,2021
Sacramento,2022-01-01,541833.3333333334,7.333333333333333,1.4333333333333333,0.34,5,1,2022
Sacramento,2022-04-01,568333.3333333334,10.333333333333334,1.7666666666666666,0.27,6,2,2022
Sacramento,2022-07-01,533333.3333333334,20.333333333333332,2.5,0.29,7,3,2022
Sacramento,2022-10-01,501633.3333333333,29.333333333333332,2.5,0.28,8,4,2022
Sacramento,2023-01-01,499333.3333333333,31.166666666666668,2.066666666666667,0.29,9,1,2023
Sacramento,2023-04-01,526666.6666666666,14.0,1.7666666666666666,0.26,10,2,2023
Sacramento,2023-07-01,542333.3333333334,14.0,1.9666666666666668,0.23,11,3,2023
Sacramento,2023-10-01,535763.3333333334,21.333333333333332,2.2333333333333334,0.23,12,4,2023
Sacramento,2024-01-01,531666.6666666666,19.333333333333332,2.266666666666667,0.26,13,1,2024
Sacramento,2024-04-01,554526.6666666666,15.0,2.266666666666667,0.24,14,2,2024
Sacramento,2024-07-01,559666.6666666666,20.0,2.5666666666666664,0.26,15,3,2024
Sacramento,2024-10-01,548500.0,24.833333333333332,2.3000000000000003,0.25,16,4,2024
Sacramento,2025-01-01,550000.0,25.333333333333332,2.8666666666666667,0.26,17,1,2025
Sacramento,2025-04-01,549816.6666666666,19.333333333333332,3.033333333333333,0.27,18,2,2025
Sacramento,2025-07-01,549787.0,27.666666666666668,3.0666666666666664,0.28,19,3,2025
San Benito,2021-01-01,720000.0,12.666666666666666,2.5,0.31,1,1,2021
San Benito,2021-04-01,775730.0,9.0,1.9666666666666668,0.25,2,2,2021
San Benito,2021-07-01,782670.0,10.666666666666666,2.1666666666666665,0.27,3,3,2021
San Benito,2021-10-01,786000.0,11.0,1.5666666666666667,0.27,4,4,2021
San Benito,2022-01-01,845833.3333333334,14.333333333333334,2.3000000000000003,0.24,5,1,2022
San Benito,2022-04-01,851333.3333333334,12.5,2.8333333333333335,0.17,6,2,2022
San Benito,2022-07-01,776666.6666666666,28.666666666666668,5.066666666666666,0.2,7,3,2022
San Benito,2022-10-01,731130.0,39.833333333333336,4.233333333333333,0.18,8,4,2022
San Benito,2023-01-01,733000.0,30.333333333333332,4.033333333333333,0.23,9,1,2023
San Benito,2023-04-01,751000.0,18.666666666666668,2.966666666666667,0.19,10,2,2023
San Benito,2023-07-01,761266.6666666666,21.666666666666668,4.0,0.16,11,3,2023
San Benito,2023-10-01,784130.0,26.666666666666668,3.8666666666666667,0.15,12,4,2023
San Benito,2024-01-01,774333.3333333334,43.166666666666664,3.533333333333333,0.21,13,1,2024
San Benito,2024-04-01,798816.6666666666,21.833333333333332,4.1000000000000005,0.18,14,2,2024
San Benito,2024-07-01,815543.3333333334,30.166666666666668,3.8333333333333335,0.21,15,3,2024
San Benito,2024-10-01,825306.6666666666,34.833333333333336,3.6666666666666665,0.18,16,4,2024
San Benito,2025-01-01,775500.0,25.166666666666668,4.266666666666667,0.27,17,1,2025
San Benito,2025-04-01,823906.6666666666,30.166666666666668,4.2,0.22,18,2,2025
San Benito,2025-07-01,764133.3333333334,33.333333333333336,4.366666666666666,0.26,19,3,2025
San Bernardino,2021-01-01,397300.0,12.333333333333334,1.8,0.45,1,1,2021
San Bernardino,2021-04-01,416666.6666666667,8.0,2.033333333333333,0.43,2,2,2021
San Bernardino,2021-07-01,437333.3333333333,10.0,2.3000000000000003,0.43,3,3,2021
San Bernardino,2021-10-01,448333.3333333333,13.333333333333334,1.7666666666666666,0.42,4,4,2021
San Bernardino,2022-01-01,458333.3333333333,13.0,2.0,0.39,5,1,2022
San Bernardino,2022-04-01,491666.6666666667,13.5,2.6666666666666665,0.3,6,2,2022
San Bernardino,2022-07-01,480916.6666666667,24.666666666666668,3.766666666666667,0.31,7,3,2022
San Bernardino,2022-10-01,456480.0,37.666666666666664,4.066666666666666,0.29,8,4,2022
San Bernardino,2023-01-01,462800.0,45.333333333333336,3.8333333333333335,0.3,9,1,2023
San Bernardino,2023-04-01,458333.3333333333,25.666666666666668,2.9333333333333336,0.3,10,2,2023
San Bernardino,2023-07-01,485000.0,21.333333333333332,3.766666666666667,0.25,11,3,2023
San Bernardino,2023-10-01,468333.3333333333,28.333333333333332,3.733333333333333,0.24,12,4,2023
San Bernardino,2024-01-01,460140.0,35.5,3.766666666666667,0.27,13,1,2024
San Bernardino,2024-04-01,487260.0,23.333333333333332,4.033333333333333,0.25,14,2,2024
San Bernardino,2024-07-01,493750.0,27.333333333333332,4.3999999999999995,0.27,15,3,2024
San Bernardino,2024-10-01,499983.3333333333,36.833333333333336,4.366666666666666,0.27,16,4,2024
San Bernardino,2025-01-01,505900.0,39.0,5.533333333333334,0.28,17,1,2025
San Bernardino,2025-04-01,493300.0,31.0,5.1000000000000005,0.29,18,2,2025
San Bernardino,2025-07-01,495863.3333333333,37.333333333333336,5.133333333333333,0.29,19,3,2025
San Diego,2021-01-01,765000.0,6.666666666666667,1.7,0.25,1,1,2021
San Diego,2021-04-01,847040.0,6.333333333333333,1.5333333333333332,0.22,2,2,2021
San Diego,2021-07-01,848333.3333333334,8.0,1.6666666666666667,0.23,3,3,2021
San Diego,2021-10-01,844816.6666666666,8.666666666666666,1.4666666666666668,0.23,4,4,2021
San Diego,2022-01-01,904333.3333333334,7.666666666666667,1.4666666666666668,0.19,5,1,2022
San Diego,2022-04-01,965000.0,9.0,1.9666666666666668,0.14,6,2,2022
San Diego,2022-07-01,905083.3333333334,17.5,2.766666666666667,0.15,7,3,2022
San Diego,2022-10-01,858333.3333333334,22.333333333333332,2.6999999999999997,0.15,8,4,2022
San Diego,2023-01-01,872633.3333333334,22.0,2.2333333333333334,0.15,9,1,2023
San Diego,2023-04-01,941083.3333333334,11.666666666666666,1.8666666666666665,0.13,10,2,2023
San Diego,2023-07-01,980706.6666666666,13.0,2.1333333333333333,0.11,11,3,2023
San Diego,2023-10-01,933250.0,15.666666666666666,2.3333333333333335,0.11,12,4,2023
San Diego,2024-01-01,975000.0,15.5,2.3666666666666667,0.11,13,1,2024
San Diego,2024-04-01,1042226.6666666666,12.666666666666666,2.4333333333333336,0.11,14,2,2024
San Diego,2024-07-01,1010000.0,17.0,2.8666666666666667,0.12,15,3,2024
San Diego,2024-10-01,986666.6666666666,21.333333333333332,2.6666666666666665,0.12,16,4,2024
San Diego,2025-01-01,1036666.6666666666,20.666666666666668,3.3333333333333335,0.12,17,1,2025
San Diego,2025-04-01,1030000.0,19.0,3.3000000000000003,0.13,18,2,2025
San Diego,2025-07-01,1018333.3333333334,25.666666666666668,3.3000000000000003,0.13,19,3,2025
San Francisco,2021-01-01,1737966.6666666667,17.666666666666668,2.066666666666667,0.2,1,1,2021
San Francisco,2021-04-01,1883333.3333333333,11.333333333333334,1.5999999999999999,0.19,2,2,2021
San Francisco,2021-07-01,1817500.0,12.666666666666666,1.9333333333333333,0.21,3,3,2021
San Francisco,2021-10-01,1804000.0,13.333333333333334,2.433333333333333,0.21,4,4,2021
San Francisco,2022-01-01,1863333.3333333333,12.333333333333334,2.0,0.2,5,1,2022
San Francisco,2022-04-01,1990833.3333333333,24.333333333333332,1.6333333333333335,0.17,6,2,2022
San Francisco,2022-07-01,1661666.6666666667,34.0,2.5333333333333337,0.2,7,3,2022
San Francisco,2022-10-01,1585500.0,42.166666666666664,2.1666666666666665,0.2,8,4,2022
San Francisco,2023-01-01,1516666.6666666667,43.333333333333336,2.9,0.21,9,1,2023
San Francisco,2023-04-01,1612166.6666666667,34.833333333333336,2.233333333333333,0.2,10,2,2023
San Francisco,2023-07-01,1538666.6666666667,36.666666666666664,2.9,0.21,11,3,2023
San Francisco,2023-10-01,1545000.0,44.0,1.9000000000000001,0.2,12,4,2023
San Francisco,2024-01-01,1621666.6666666667,52.0,2.4,0.2,13,1,2024
San Francisco,2024-04-01,1713333.3333333333,30.333333333333332,1.8333333333333333,0.19,14,2,2024
San Francisco,2024-07-01,1584500.0,32.666666666666664,2.4,0.21,15,3,2024
San Francisco,2024-10-01,1626000.0,38.333333333333336,1.5333333333333332,0.21,16,4,2024
San Francisco,2025-01-01,1616960.0,41.0,2.066666666666667,0.2,17,1,2025
San Francisco,2025-04-01,1762000.0,29.166666666666668,1.8,0.19,18,2,2025
San Francisco,2025-07-01,1629126.6666666667,35.333333333333336,1.9333333333333333,0.22,19,3,2025
San Joaquin,2021-01-01,439683.3333333333,7.0,1.7,0.42,1,1,2021
San Joaquin,2021-04-01,501666.6666666667,6.666666666666667,1.6666666666666667,0.37,2,2,2021
San Joaquin,2021-07-01,511826.6666666667,8.666666666666666,2.0,0.37,3,3,2021
San Joaquin,2021-10-01,495000.0,12.0,1.8333333333333333,0.38,4,4,2021
San Joaquin,2022-01-01,518483.3333333333,9.166666666666666,1.7333333333333334,0.34,5,1,2022
San Joaquin,2022-04-01,571666.6666666666,10.333333333333334,1.9000000000000001,0.25,6,2,2022
San Joaquin,2022-07-01,543333.3333333334,23.0,2.5666666666666664,0.27,7,3,2022
San Joaquin,2022-10-01,523750.0,35.666666666666664,2.533333333333333,0.26,8,4,2022
San Joaquin,2023-01-01,522783.3333333333,39.5,2.2666666666666666,0.27,9,1,2023
San Joaquin,2023-04-01,527450.0,18.0,2.1333333333333333,0.26,10,2,2023
San Joaquin,2023-07-01,543333.3333333334,14.333333333333334,2.3333333333333335,0.23,11,3,2023
San Joaquin,2023-10-01,543333.3333333334,19.666666666666668,2.766666666666667,0.22,12,4,2023
San Joaquin,2024-01-01,536333.3333333334,25.0,2.6666666666666665,0.26,13,1,2024
San Joaquin,2024-04-01,550000.0,14.0,2.5666666666666664,0.24,14,2,2024
San Joaquin,2024-07-01,576183.3333333334,21.666666666666668,3.3000000000000003,0.25,15,3,2024
San Joaquin,2024-10-01,542983.3333333334,28.666666666666668,3.3666666666666667,0.26,16,4,2024
San Joaquin,2025-01-01,533333.3333333334,31.333333333333332,4.0,0.28,17,1,2025
San Joaquin,2025-04-01,562833.3333333334,24.333333333333332,3.9666666666666663,0.26,18,2,2025
San Joaquin,2025-07-01,540000.0,36.333333333333336,4.333333333333333,0.29,19,3,2025
San Luis Obispo,2021-01-01,711833.3333333334,12.0,2.1333333333333333,0.25,1,1,2021
San Luis Obispo,2021-04-01,791316.6666666666,6.333333333333333,1.9000000000000001,0.21,2,2,2021
San Luis Obispo,2021-07-01,773333.3333333334,8.0,1.8333333333333333,0.24,3,3,2021
San Luis Obispo,2021-10-01,798686.6666666666,8.333333333333334,1.8,0.22,4,4,2021
San Luis Obispo,2022-01-01,861666.6666666666,8.0,2.1333333333333333,0.18,5,1,2022
San Luis Obispo,2022-04-01,908666.6666666666,12.333333333333334,2.1666666666666665,0.12,6,2,2022
San Luis Obispo,2022-07-01,879666.6666666666,23.333333333333332,2.5666666666666664,0.13,7,3,2022
San Luis Obispo,2022-10-01,845000.0,29.333333333333332,2.966666666666667,0.11,8,4,2022
San Luis Obispo,2023-01-01,828583.3333333334,28.666666666666668,3.533333333333333,0.12,9,1,2023
San Luis Obispo,2023-04-01,888166.6666666666,19.666666666666668,2.6333333333333333,0.11,10,2,2023
San Luis Obispo,2023-07-01,872270.0,21.333333333333332,2.733333333333333,0.1,11,3,2023
San Luis Obispo,2023-10-01,912706.6666666666,23.5,3.1333333333333333,0.08,12,4,2023
San Luis Obispo,2024-01-01,886666.6666666666,30.666666666666668,3.1999999999999997,0.1,13,1,2024
San Luis Obispo,2024-04-01,889833.3333333334,21.5,3.0666666666666664,0.11,14,2,2024
San Luis Obispo,2024-07-01,957500.0,24.5,3.3000000000000003,0.11,15,3,2024
San Luis Obispo,2024-10-01,931000.0,34.5,3.3333333333333335,0.1,16,4,2024
San Luis Obispo,2025-01-01,951333.3333333334,40.333333333333336,4.0,0.11,17,1,2025
San Luis Obispo,2025-04-01,924683.3333333334,28.5,3.966666666666667,0.12,18,2,2025
San Luis Obispo,2025-07-01,929300.0,32.166666666666664,3.5666666666666664,0.13,19,3,2025
San Mateo,2021-01-01,1830000.0,10.0,2.1666666666666665,0.19,1,1,2021
San Mateo,2021-04-01,2117000.0,7.666666666666667,1.4333333333333333,0.17,2,2,2021
San Mateo,2021-07-01,2003333.3333333333,9.0,1.5,0.19,3,3,2021
San Mateo,2021-10-01,2092500.0,9.333333333333334,2.033333333333333,0.19,4,4,2021
San Mateo,2022-01-01,2126666.6666666665,8.0,1.7,0.18,5,1,2022
San Mateo,2022-04-01,2262500.0,8.333333333333334,1.7,0.15,6,2,2022
San Mateo,2022-07-01,1925166.6666666667,14.5,2.1999999999999997,0.19,7,3,2022
San Mateo,2022-10-01,1785833.3333333333,16.5,1.9666666666666668,0.19,8,4,2022
San Mateo,2023-01-01,1855000.0,15.0,2.1999999999999997,0.19,9,1,2023
San Mateo,2023-04-01,2028000.0,10.0,2.0,0.17,10,2,2023
San Mateo,2023-07-01,1963000.0,11.333333333333334,2.1999999999999997,0.17,11,3,2023
San Mateo,2023-10-01,1901666.6666666667,14.0,1.7,0.17,12,4,2023
San Mateo,2024-01-01,2022500.0,12.166666666666666,2.3333333333333335,0.17,13,1,2024
San Mateo,2024-04-01,2220000.0,9.0,1.7666666666666666,0.16,14,2,2024
San Mateo,2024-07-01,2033333.3333333333,12.0,2.1,0.17,15,3,2024
San Mateo,2024-10-01,2012833.3333333333,12.5,1.4666666666666668,0.17,16,4,2024
San Mateo,2025-01-01,2140000.0,10.0,2.3666666666666667,0.16,17,1,2025
San Mateo,2025-04-01,2207166.6666666665,10.666666666666666,2.033333333333333,0.16,18,2,2025
San Mateo,2025-07-01,2079333.3333333333,12.666666666666666,2.033333333333333,0.18,19,3,2025
Santa Barbara,2021-01-01,1056360.0,11.833333333333334,2.0666666666666664,0.14,1,1,2021
Santa Barbara,2021-04-01,1111333.3333333333,8.666666666666666,1.7333333333333334,0.13,2,2,2021
Santa Barbara,2021-07-01,983320.0,9.0,1.7333333333333334,0.17,3,3,2021
Santa Barbara,2021-10-01,925833.3333333334,10.0,2.4,0.2,4,4,2021
Santa Barbara,2022-01-01,1087500.0,10.0,1.7666666666666666,0.12,5,1,2022
Santa Barbara,2022-04-01,1116666.6666666667,9.0,2.0,0.1,6,2,2022
Santa Barbara,2022-07-01,973333.3333333334,16.333333333333332,2.9,0.12,7,3,2022
Santa Barbara,2022-10-01,990000.0,23.166666666666668,2.533333333333333,0.11,8,4,2022
Santa Barbara,2023-01-01,839666.6666666666,17.5,2.466666666666667,0.15,9,1,2023
Santa Barbara,2023-04-01,1184166.6666666667,12.666666666666666,2.4,0.1,10,2,2023
Santa Barbara,2023-07-01,1106490.0,13.333333333333334,2.8666666666666667,0.1,11,3,2023
Santa Barbara,2023-10-01,1153333.3333333333,14.833333333333334,3.1333333333333333,0.1,12,4,2023
Santa Barbara,2024-01-01,1090333.3333333333,15.666666666666666,3.1,0.11,13,1,2024
Santa Barbara,2024-04-01,1376833.3333333333,13.0,3.033333333333333,0.09,14,2,2024
Santa Barbara,2024-07-01,995983.3333333334,19.666666666666668,3.466666666666667,0.13,15,3,2024
Santa Barbara,2024-10-01,1230000.0,22.5,2.9333333333333336,0.1,16,4,2024
Santa Barbara,2025-01-01,1491403.3333333333,25.666666666666668,3.8333333333333335,0.09,17,1,2025
Santa Barbara,2025-04-01,1419166.6666666667,16.666666666666668,3.466666666666667,0.1,18,2,2025
Santa Barbara,2025-07-01,1201383.3333333333,21.5,3.5666666666666664,0.12,19,3,2025
Santa Clara,2021-01-01,1487083.3333333333,8.333333333333334,1.866666666666667,0.22,1,1,2021
Santa Clara,2021-04-01,1691666.6666666667,7.666666666666667,1.3666666666666665,0.21,2,2,2021
Santa Clara,2021-07-01,1651666.6666666667,8.333333333333334,1.3666666666666665,0.22,3,3,2021
Santa Clara,2021-10-01,1685833.3333333333,8.0,1.2,0.22,4,4,2021
Santa Clara,2022-01-01,1828666.6666666667,7.0,1.6666666666666667,0.2,5,1,2022
Santa Clara,2022-04-01,1905833.3333333333,8.0,1.6666666666666667,0.18,6,2,2022
Santa Clara,2022-07-01,1696666.6666666667,15.333333333333334,2.1333333333333333,0.2,7,3,2022
Santa Clara,2022-10-01,1567666.6666666667,14.833333333333334,1.6333333333333335,0.2,8,4,2022
Santa Clara,2023-01-01,1576666.6666666667,13.5,2.2666666666666666,0.21,9,1,2023
Santa Clara,2023-04-01,1804333.3333333333,8.0,1.5333333333333332,0.18,10,2,2023
Santa Clara,2023-07-01,1835166.6666666667,8.0,1.6666666666666667,0.17,11,3,2023
Santa Clara,2023-10-01,1749166.6666666667,10.0,1.3333333333333333,0.18,12,4,2023
Santa Clara,2024-01-01,1809776.6666666667,9.0,1.7666666666666666,0.18,13,1,2024
Santa Clara,2024-04-01,2018333.3333333333,7.666666666666667,1.4666666666666668,0.16,14,2,2024
Santa Clara,2024-07-01,1886443.3333333333,9.666666666666666,1.8,0.19,15,3,2024
Santa Clara,2024-10-01,1910350.0,10.0,1.2,0.18,16,4,2024
Santa Clara,2025-01-01,1988333.3333333333,8.666666666666666,2.1999999999999997,0.18,17,1,2025
Santa Clara,2025-04-01,2134040.0,9.333333333333334,1.9333333333333333,0.17,18,2,2025
Santa Clara,2025-07-01,1933333.3333333333,12.0,1.8666666666666665,0.19,19,3,2025
Santa Cruz,2021-01-01,1089333.3333333333,12.166666666666666,2.1666666666666665,0.18,1,1,2021
Santa Cruz,2021-04-01,1246666.6666666667,9.333333333333334,1.8,0.15,2,2,2021
Santa Cruz,2021-07-01,1210000.0,11.333333333333334,1.8333333333333333,0.17,3,3,2021
Santa Cruz,2021-10-01,1198816.6666666667,11.333333333333334,1.7666666666666666,0.17,4,4,2021
Santa Cruz,2022-01-01,1412500.0,10.5,2.0,0.13,5,1,2022
Santa Cruz,2022-04-01,1349333.3333333333,9.333333333333334,2.066666666666667,0.13,6,2,2022
Santa Cruz,2022-07-01,1255833.3333333333,17.0,2.6999999999999997,0.14,7,3,2022
Santa Cruz,2022-10-01,1260666.6666666667,21.166666666666668,3.0,0.13,8,4,2022
Santa Cruz,2023-01-01,1192000.0,23.666666666666668,3.033333333333333,0.14,9,1,2023
Santa Cruz,2023-04-01,1300666.6666666667,12.333333333333334,3.033333333333333,0.13,10,2,2023
Santa Cruz,2023-07-01,1221666.6666666667,15.0,3.033333333333333,0.13,11,3,2023
Santa Cruz,2023-10-01,1193000.0,18.5,3.0666666666666664,0.13,12,4,2023
Santa Cruz,2024-01-01,1240833.3333333333,23.833333333333332,3.5,0.13,13,1,2024
Santa Cruz,2024-04-01,1396000.0,13.0,3.1999999999999997,0.13,14,2,2024
Santa Cruz,2024-07-01,1318333.3333333333,18.666666666666668,3.733333333333333,0.14,15,3,2024
Santa Cruz,2024-10-01,1295833.3333333333,21.833333333333332,3.1,0.14,16,4,2024
Santa Cruz,2025-01-01,1287333.3333333333,20.0,4.633333333333333,0.15,17,1,2025
Santa Cruz,2025-04-01,1319166.6666666667,14.0,4.233333333333333,0.14,18,2,2025
Santa Cruz,2025-07-01,1342433.3333333333,22.5,3.9333333333333336,0.14,19,3,2025
Shasta,2021-01-01,334650.0,19.333333333333332,2.433333333333333,0.48,1,1,2021
Shasta,2021-04-01,358333.3333333333,8.0,2.1999999999999997,0.45,2,2,2021
Shasta,2021-07-01,374966.6666666667,10.0,2.5,0.44,3,3,2021
Shasta,2021-10-01,368500.0,14.5,2.4,0.45,4,4,2021
Shasta,2022-01-01,380000.0,16.666666666666668,2.533333333333333,0.42,5,1,2022
Shasta,2022-04-01,396666.6666666667,9.666666666666666,2.733333333333333,0.36,6,2,2022
Shasta,2022-07-01,378000.0,22.333333333333332,3.6,0.39,7,3,2022
Shasta,2022-10-01,360083.3333333333,26.833333333333332,4.1000000000000005,0.39,8,4,2022
Shasta,2023-01-01,362583.3333333333,34.5,3.9333333333333336,0.39,9,1,2023
Shasta,2023-04-01,386666.6666666667,16.666666666666668,3.4666666666666663,0.35,10,2,2023
Shasta,2023-07-01,376333.3333333333,25.666666666666668,3.8000000000000003,0.35,11,3,2023
Shasta,2023-10-01,370920.0,34.666666666666664,3.1666666666666665,0.36,12,4,2023
Shasta,2024-01-01,375083.3333333333,35.5,3.533333333333333,0.37,13,1,2024
Shasta,2024-04-01,382316.6666666667,19.333333333333332,3.9666666666666663,0.33,14,2,2024
Shasta,2024-07-01,384083.3333333333,28.666666666666668,4.166666666666667,0.34,15,3,2024
Shasta,2024-10-01,363750.0,28.833333333333332,4.366666666666666,0.36,16,4,2024
Shasta,2025-01-01,388666.6666666667,38.333333333333336,5.133333333333334,0.32,17,1,2025
Shasta,2025-04-01,378958.3333333333,24.833333333333332,4.8999999999999995,0.33,18,2,2025
Shasta,2025-07-01,377666.6666666667,30.5,4.866666666666666,0.35,19,3,2025
Siskiyou,2021-01-01,279666.6666666667,37.333333333333336,3.3666666666666667,0.49,1,1,2021
Siskiyou,2021-04-01,297166.6666666667,8.0,2.8666666666666667,0.44,2,2,2021
Siskiyou,2021-07-01,330833.3333333333,14.166666666666666,4.033333333333333,0.41,3,3,2021
Siskiyou,2021-10-01,300500.0,22.833333333333332,3.733333333333333,0.44,4,4,2021
Siskiyou,2022-01-01,314666.6666666667,40.0,3.766666666666667,0.42,5,1,2022
Siskiyou,2022-04-01,360250.0,17.5,4.266666666666667,0.3,6,2,2022
Siskiyou,2022-07-01,350483.3333333333,47.5,4.8,0.31,7,3,2022
Siskiyou,2022-10-01,321250.0,44.0,5.2,0.31,8,4,2022
Siskiyou,2023-01-01,277953.3333333333,76.66666666666667,9.299999999999999,0.41,9,1,2023
Siskiyou,2023-04-01,278300.0,40.166666666666664,6.933333333333334,0.39,10,2,2023
Siskiyou,2023-07-01,308833.3333333333,35.0,8.833333333333334,0.34,11,3,2023
Siskiyou,2023-10-01,317166.6666666667,39.833333333333336,3.5666666666666664,0.32,12,4,2023
Siskiyou,2024-01-01,329293.3333333333,59.833333333333336,8.866666666666667,0.32,13,1,2024
Siskiyou,2024-04-01,324873.3333333333,35.833333333333336,9.6,0.31,14,2,2024
Siskiyou,2024-07-01,310166.6666666667,52.666666666666664,7.133333333333333,0.36,15,3,2024
Siskiyou,2024-10-01,320416.6666666667,58.5,5.933333333333334,0.34,16,4,2024
Siskiyou,2025-01-01,317466.6666666667,102.0,8.133333333333333,0.35,17,1,2025
Siskiyou,2025-04-01,301500.0,35.166666666666664,10.799999999999999,0.37,18,2,2025
Siskiyou,2025-07-01,323500.0,39.166666666666664,7.766666666666667,0.35,19,3,2025
Solano,2021-01-01,522916.6666666667,27.333333333333332,1.3,0.44,1,1,2021
Solano,2021-04-01,569666.6666666666,20.666666666666668,1.2333333333333334,0.4,2,2,2021
Solano,2021-07-01,583333.3333333334,24.666666666666668,1.4000000000000001,0.42,3,3,2021
Solano,2021-10-01,584333.3333333334,29.5,1.5333333333333332,0.42,4,4,2021
Solano,2022-01-01,599500.0,22.333333333333332,1.0,0.37,5,1,2022
Solano,2022-04-01,628333.3333333334,26.166666666666668,1.2666666666666666,0.28,6,2,2022
Solano,2022-07-01,600000.0,39.5,2.1,0.29,7,3,2022
Solano,2022-10-01,577333.3333333334,51.333333333333336,2.1666666666666665,0.27,8,4,2022
Solano,2023-01-01,573333.3333333334,53.333333333333336,2.433333333333333,0.28,9,1,2023
Solano,2023-04-01,590000.0,30.666666666666668,1.7666666666666666,0.26,10,2,2023
Solano,2023-07-01,595080.0,33.0,2.4,0.24,11,3,2023
Solano,2023-10-01,584000.0,39.0,2.6999999999999997,0.25,12,4,2023
Solano,2024-01-01,579983.3333333334,45.5,2.6999999999999997,0.26,13,1,2024
Solano,2024-04-01,598750.0,36.333333333333336,2.8333333333333335,0.24,14,2,2024
Solano,2024-07-01,599133.3333333334,43.0,2.8666666666666667,0.26,15,3,2024
Solano,2024-10-01,590000.0,44.166666666666664,2.8666666666666667,0.26,16,4,2024
Solano,2025-01-01,588000.0,50.333333333333336,3.4333333333333336,0.26,17,1,2025
Solano,2025-04-01,581173.3333333334,40.333333333333336,3.4,0.27,18,2,2025
Solano,2025-07-01,607226.6666666666,50.0,3.8000000000000003,0.26,19,3,2025
Sonoma,2021-01-01,740000.0,37.0,2.733333333333333,0.27,1,1,2021
Sonoma,2021-04-01,794166.6666666666,30.333333333333332,1.9333333333333333,0.25,2,2,2021
Sonoma,2021-07-01,761900.0,33.666666666666664,2.0,0.28,3,3,2021
Sonoma,2021-10-01,773000.0,38.666666666666664,2.533333333333333,0.28,4,4,2021
Sonoma,2022-01-01,814333.3333333334,29.666666666666668,1.7666666666666668,0.24,5,1,2022
Sonoma,2022-04-01,869500.0,37.833333333333336,1.8666666666666665,0.17,6,2,2022
Sonoma,2022-07-01,818000.0,48.166666666666664,2.566666666666667,0.19,7,3,2022
Sonoma,2022-10-01,805286.6666666666,53.5,2.4333333333333336,0.17,8,4,2022
Sonoma,2023-01-01,795143.3333333334,50.0,2.9,0.18,9,1,2023
Sonoma,2023-04-01,850000.0,44.0,2.6666666666666665,0.16,10,2,2023
Sonoma,2023-07-01,849653.3333333334,55.0,3.3000000000000003,0.15,11,3,2023
Sonoma,2023-10-01,821350.0,59.833333333333336,2.8666666666666667,0.15,12,4,2023
Sonoma,2024-01-01,840466.6666666666,61.0,3.1333333333333333,0.16,13,1,2024
Sonoma,2024-04-01,855150.0,44.666666666666664,3.266666666666667,0.16,14,2,2024
Sonoma,2024-07-01,829720.0,55.5,3.4,0.18,15,3,2024
Sonoma,2024-10-01,830404.6666666666,63.5,3.0,0.18,16,4,2024
Sonoma,2025-01-01,840510.0,63.333333333333336,4.266666666666667,0.18,17,1,2025
Sonoma,2025-04-01,854833.3333333334,54.666666666666664,4.2,0.17,18,2,2025
Sonoma,2025-07-01,824316.6666666666,68.66666666666667,3.8333333333333335,0.19,19,3,2025
Stanislaus,2021-01-01,399166.6666666667,7.333333333333333,1.7333333333333334,0.44,1,1,2021
Stanislaus,2021-04-01,429666.6666666667,6.333333333333333,1.6333333333333335,0.4,2,2,2021
Stanislaus,2021-07-01,435000.0,7.666666666666667,1.8333333333333333,0.41,3,3,2021
Stanislaus,2021-10-01,438333.3333333333,9.333333333333334,2.2666666666666666,0.4,4,4,2021
Stanislaus,2022-01-01,457633.3333333333,8.666666666666666,1.5999999999999999,0.36,5,1,2022
Stanislaus,2022-04-01,479480.0,9.333333333333334,1.8333333333333333,0.28,6,2,2022
Stanislaus,2022-07-01,459000.0,19.833333333333332,2.8666666666666667,0.3,7,3,2022
Stanislaus,2022-10-01,428166.6666666667,29.333333333333332,2.3000000000000003,0.29,8,4,2022
Stanislaus,2023-01-01,430000.0,30.333333333333332,2.533333333333333,0.3,9,1,2023
Stanislaus,2023-04-01,458166.6666666667,13.666666666666666,2.066666666666667,0.27,10,2,2023
Stanislaus,2023-07-01,466500.0,15.333333333333334,2.266666666666667,0.24,11,3,2023
Stanislaus,2023-10-01,464166.6666666667,20.0,2.6999999999999997,0.23,12,4,2023
Stanislaus,2024-01-01,456666.6666666667,20.333333333333332,2.6666666666666665,0.28,13,1,2024
Stanislaus,2024-04-01,489833.3333333333,14.5,2.6333333333333333,0.25,14,2,2024
Stanislaus,2024-07-01,480000.0,19.333333333333332,3.1,0.29,15,3,2024
Stanislaus,2024-10-01,472416.6666666667,25.833333333333332,2.8666666666666667,0.28,16,4,2024
Stanislaus,2025-01-01,467990.0,26.833333333333332,3.6333333333333333,0.29,17,1,2025
Stanislaus,2025-04-01,495000.0,20.666666666666668,3.3666666666666667,0.26,18,2,2025
Stanislaus,2025-07-01,483240.0,26.166666666666668,3.733333333333333,0.28,19,3,2025
Sutter,2021-01-01,369750.0,8.0,1.5666666666666667,0.45,1,1,2021
Sutter,2021-04-01,405000.0,7.0,1.8333333333333333,0.4,2,2,2021
Sutter,2021-07-01,405000.0,9.0,1.9333333333333333,0.42,3,3,2021
Sutter,2021-10-01,419516.6666666667,10.166666666666666,2.6666666666666665,0.41,4,4,2021
Sutter,2022-01-01,431666.6666666667,8.666666666666666,1.5,0.39,5,1,2022
Sutter,2022-04-01,448500.0,10.666666666666666,2.4333333333333336,0.31,6,2,2022
Sutter,2022-07-01,444266.6666666667,24.0,3.0,0.32,7,3,2022
Sutter,2022-10-01,405500.0,33.833333333333336,3.466666666666667,0.33,8,4,2022
Sutter,2023-01-01,397500.0,32.166666666666664,2.733333333333333,0.36,9,1,2023
Sutter,2023-04-01,427166.6666666667,19.333333333333332,2.3666666666666667,0.33,10,2,2023
Sutter,2023-07-01,419000.0,16.833333333333332,2.1,0.31,11,3,2023
Sutter,2023-10-01,417416.6666666667,24.5,2.6333333333333333,0.31,12,4,2023
Sutter,2024-01-01,417733.3333333333,16.666666666666668,2.9333333333333336,0.32,13,1,2024
Sutter,2024-04-01,452000.0,25.333333333333332,3.4,0.27,14,2,2024
Sutter,2024-07-01,434333.3333333333,23.666666666666668,3.733333333333334,0.28,15,3,2024
Sutter,2024-10-01,451693.3333333333,26.5,3.1666666666666665,0.28,16,4,2024
Sutter,2025-01-01,415500.0,35.833333333333336,3.766666666666667,0.28,17,1,2025
Sutter,2025-04-01,453316.6666666667,29.0,4.133333333333334,0.27,18,2,2025
Sutter,2025-07-01,446000.0,39.333333333333336,4.333333333333333,0.28,19,3,2025
Tehama,2021-01-01,282666.6666666667,60.333333333333336,3.233333333333333,0.46,1,1,2021
Tehama,2021-04-01,342833.3333333333,35.0,2.766666666666667,0.38,2,2,2021
Tehama,2021-07-01,355500.0,43.0,3.5,0.38,3,3,2021
Tehama,2021-10-01,330150.0,40.166666666666664,3.8333333333333335,0.4,4,4,2021
Tehama,2022-01-01,357376.6666666667,47.333333333333336,3.4333333333333336,0.35,5,1,2022
Tehama,2022-04-01,356166.6666666667,30.666666666666668,3.9333333333333336,0.33,6,2,2022
Tehama,2022-07-01,309333.3333333333,54.833333333333336,6.366666666666667,0.39,7,3,2022
Tehama,2022-10-01,286700.0,63.0,6.166666666666667,0.4,8,4,2022
Tehama,2023-01-01,310026.6666666667,55.666666666666664,4.933333333333334,0.4,9,1,2023
Tehama,2023-04-01,341833.3333333333,47.5,4.5,0.35,10,2,2023
Tehama,2023-07-01,314016.6666666667,48.166666666666664,4.0,0.39,11,3,2023
Tehama,2023-10-01,320666.6666666667,66.66666666666667,5.333333333333333,0.4,12,4,2023
Tehama,2024-01-01,325083.3333333333,60.5,4.6000000000000005,0.39,13,1,2024
Tehama,2024-04-01,344916.6666666667,67.5,5.733333333333333,0.34,14,2,2024
Tehama,2024-07-01,330000.0,65.0,5.366666666666667,0.38,15,3,2024
Tehama,2024-10-01,324500.0,60.333333333333336,6.2,0.38,16,4,2024
Tehama,2025-01-01,350816.6666666667,60.333333333333336,7.3999999999999995,0.33,17,1,2025
Tehama,2025-04-01,376900.0,56.833333333333336,5.333333333333333,0.29,18,2,2025
Tehama,2025-07-01,338833.3333333333,53.833333333333336,5.933333333333334,0.35,19,3,2025
Trinity,2021-01-01,303250.0,82.16666666666667,,,1,1,2021
Trinity,2021-04-01,347500.0,44.0,,,2,2,2021
Trinity,2021-07-01,354000.0,36.333333333333336,,,3,3,2021
Trinity,2021-10-01,305166.6666666667,64.33333333333333,,,4,4,2021
Trinity,2022-01-01,324666.6666666667,51.166666666666664,,,5,1,2022
Trinity,2022-04-01,309583.3333333333,89.0,,,6,2,2022
Trinity,2022-07-01,309250.0,66.66666666666667,,,7,3,2022
Trinity,2022-10-01,270500.0,67.33333333333333,0.0,,8,4,2022
Trinity,2023-01-01,405000.0,94.75,,0.21,9,1,2023
Trinity,2023-04-01,291916.6666666667,100.33333333333333,10.2,0.31,10,2,2023
Trinity,2023-07-01,281666.6666666667,51.0,16.133333333333333,0.3,11,3,2023
Trinity,2023-10-01,272666.6666666667,102.16666666666667,14.366666666666667,0.28,12,4,2023
Trinity,2024-01-01,347500.0,179.66666666666666,21.766666666666666,0.26,13,1,2024
Trinity,2024-04-01,298033.3333333333,162.83333333333334,14.266666666666666,0.28,14,2,2024
Trinity,2024-07-01,275000.0,64.0,12.666666666666666,0.34,15,3,2024
Trinity,2024-10-01,277500.0,69.0,14.266666666666666,0.29,16,4,2024
Trinity,2025-01-01,316666.6666666667,198.66666666666666,24.733333333333334,0.35,17,1,2025
Trinity,2025-04-01,319596.6666666667,71.5,10.833333333333334,0.3,18,2,2025
Trinity,2025-07-01,253500.0,68.66666666666667,19.3,0.34,19,3,2025
Tulare,2021-01-01,300690.0,10.5,2.0666666666666664,0.47,1,1,2021
Tulare,2021-04-01,322983.3333333333,7.333333333333333,1.7,0.45,2,2,2021
Tulare,2021-07-01,322500.0,6.5,2.033333333333333,0.46,3,3,2021
Tulare,2021-10-01,326666.6666666667,8.0,2.1999999999999997,0.44,4,4,2021
Tulare,2022-01-01,343993.3333333333,10.333333333333334,1.8666666666666665,0.41,5,1,2022
Tulare,2022-04-01,372666.6666666667,7.666666666666667,2.1333333333333333,0.34,6,2,2022
Tulare,2022-07-01,351666.6666666667,12.666666666666666,2.733333333333333,0.36,7,3,2022
Tulare,2022-10-01,361496.6666666667,21.333333333333332,3.3666666666666667,0.32,8,4,2022
Tulare,2023-01-01,338906.6666666667,28.333333333333332,3.1,0.37,9,1,2023
Tulare,2023-04-01,369020.0,16.0,2.566666666666667,0.33,10,2,2023
Tulare,2023-07-01,375840.0,14.666666666666666,2.6666666666666665,0.3,11,3,2023
Tulare,2023-10-01,365166.6666666667,18.0,3.4,0.31,12,4,2023
Tulare,2024-01-01,361326.6666666667,25.333333333333332,3.3333333333333335,0.33,13,1,2024
Tulare,2024-04-01,379542.6666666667,16.333333333333332,2.5,0.3,14,2,2024
Tulare,2024-07-01,378690.0,20.666666666666668,3.1666666666666665,0.31,15,3,2024
Tulare,2024-10-01,385913.3333333333,23.833333333333332,3.3666666666666667,0.3,16,4,2024
Tulare,2025-01-01,380006.6666666667,29.0,3.6999999999999997,0.3,17,1,2025
Tulare,2025-04-01,384885.6666666667,22.333333333333332,3.766666666666667,0.3,18,2,2025
Tulare,2025-07-01,380563.3333333333,30.666666666666668,3.7999999999999994,0.33,19,3,2025
Tuolumne,2021-01-01,356366.6666666667,23.666666666666668,2.6333333333333333,0.49,1,1,2021
Tuolumne,2021-04-01,390506.6666666667,9.666666666666666,2.8666666666666667,0.44,2,2,2021
Tuolumne,2021-07-01,388833.3333333333,11.333333333333334,2.6333333333333333,0.45,3,3,2021
Tuolumne,2021-10-01,384500.0,25.666666666666668,2.1999999999999997,0.45,4,4,2021
Tuolumne,2022-01-01,423416.6666666667,32.0,2.9333333333333336,0.38,5,1,2022
Tuolumne,2022-04-01,438833.3333333333,10.666666666666666,2.766666666666667,0.33,6,2,2022
Tuolumne,2022-07-01,414000.0,28.5,3.8333333333333335,0.35,7,3,2022
Tuolumne,2022-10-01,377753.3333333333,38.0,4.166666666666667,0.36,8,4,2022
Tuolumne,2023-01-01,378666.6666666667,58.5,4.1000000000000005,0.36,9,1,2023
Tuolumne,2023-04-01,418850.0,21.0,3.733333333333333,0.32,10,2,2023
Tuolumne,2023-07-01,424000.0,26.5,4.3,0.31,11,3,2023
Tuolumne,2023-10-01,411750.0,38.833333333333336,4.233333333333333,0.32,12,4,2023
Tuolumne,2024-01-01,396916.6666666667,71.83333333333333,3.866666666666667,0.36,13,1,2024
Tuolumne,2024-04-01,440500.0,17.5,5.866666666666667,0.31,14,2,2024
Tuolumne,2024-07-01,387816.6666666667,26.166666666666668,6.033333333333334,0.4,15,3,2024
Tuolumne,2024-10-01,413333.3333333333,40.666666666666664,6.133333333333333,0.36,16,4,2024
Tuolumne,2025-01-01,382666.6666666667,62.0,7.466666666666666,0.4,17,1,2025
Tuolumne,2025-04-01,406000.0,36.666666666666664,7.866666666666667,0.38,18,2,2025
Tuolumne,2025-07-01,438166.6666666667,54.5,7.6000000000000005,0.36,19,3,2025
Ventura,2021-01-01,765583.3333333334,25.0,2.033333333333333,0.27,1,1,2021
Ventura,2021-04-01,837000.0,21.666666666666668,1.8,0.23,2,2,2021
Ventura,2021-07-01,831000.0,21.0,1.8999999999999997,0.25,3,3,2021
Ventura,2021-10-01,846166.6666666666,23.0,2.1999999999999997,0.24,4,4,2021
Ventura,2022-01-01,883833.3333333334,19.0,1.9666666666666668,0.21,5,1,2022
Ventura,2022-04-01,933333.3333333334,21.333333333333332,2.0,0.15,6,2,2022
Ventura,2022-07-01,884666.6666666666,30.833333333333332,2.6,0.17,7,3,2022
Ventura,2022-10-01,844333.3333333334,38.333333333333336,2.5666666666666664,0.16,8,4,2022
Ventura,2023-01-01,823000.0,37.166666666666664,2.9,0.17,9,1,2023
Ventura,2023-04-01,912833.3333333334,26.666666666666668,2.0333333333333337,0.14,10,2,2023
Ventura,2023-07-01,932500.0,27.166666666666668,2.233333333333333,0.13,11,3,2023
Ventura,2023-10-01,894666.6666666666,31.333333333333332,2.566666666666667,0.13,12,4,2023
Ventura,2024-01-01,892680.0,32.5,2.8333333333333335,0.15,13,1,2024
Ventura,2024-04-01,943166.6666666666,26.666666666666668,2.6,0.12,14,2,2024
Ventura,2024-07-01,945666.6666666666,32.333333333333336,3.1666666666666665,0.13,15,3,2024
Ventura,2024-10-01,915666.6666666666,38.333333333333336,2.6,0.14,16,4,2024
Ventura,2025-01-01,928166.6666666666,36.333333333333336,3.766666666666667,0.14,17,1,2025
Ventura,2025-04-01,968166.6666666666,33.5,3.7000000000000006,0.14,18,2,2025
Ventura,2025-07-01,929000.0,39.833333333333336,3.6333333333333333,0.16,19,3,2025
Yolo,2021-01-01,511666.6666666667,8.833333333333334,1.6666666666666667,0.38,1,1,2021
Yolo,2021-04-01,599833.3333333334,7.0,1.4000000000000001,0.32,2,2,2021
Yolo,2021-07-01,598496.6666666666,8.333333333333334,1.7333333333333334,0.33,3,3,2021
Yolo,2021-10-01,592246.6666666666,10.333333333333334,1.0999999999999999,0.33,4,4,2021
Yolo,2022-01-01,621973.3333333334,8.666666666666666,1.5999999999999999,0.28,5,1,2022
Yolo,2022-04-01,651000.0,10.333333333333334,1.8333333333333333,0.23,6,2,2022
Yolo,2022-07-01,617000.0,23.833333333333332,2.3333333333333335,0.25,7,3,2022
Yolo,2022-10-01,603500.0,32.666666666666664,2.3666666666666667,0.24,8,4,2022
Yolo,2023-01-01,564670.0,35.0,2.4333333333333336,0.28,9,1,2023
Yolo,2023-04-01,622910.0,11.5,2.0,0.23,10,2,2023
Yolo,2023-07-01,618713.3333333334,16.5,2.2666666666666666,0.23,11,3,2023
Yolo,2023-10-01,626633.3333333334,23.666666666666668,2.6,0.22,12,4,2023
Yolo,2024-01-01,618376.6666666666,30.333333333333332,2.533333333333333,0.24,13,1,2024
Yolo,2024-04-01,639493.3333333334,16.333333333333332,2.4,0.22,14,2,2024
Yolo,2024-07-01,613653.3333333334,20.333333333333332,2.766666666666667,0.24,15,3,2024
Yolo,2024-10-01,598500.0,25.833333333333332,2.9333333333333336,0.25,16,4,2024
Yolo,2025-01-01,616166.6666666666,36.666666666666664,3.4,0.23,17,1,2025
Yolo,2025-04-01,667466.6666666666,25.833333333333332,3.3000000000000003,0.22,18,2,2025
Yolo,2025-07-01,620816.6666666666,30.666666666666668,3.3333333333333335,0.25,19,3,2025
Yuba,2021-01-01,374833.3333333333,11.666666666666666,1.9666666666666668,0.45,1,1,2021
Yuba,2021-04-01,404933.3333333333,5.666666666666667,1.5,0.39,2,2,2021
Yuba,2021-07-01,413300.0,6.666666666666667,1.8,0.38,3,3,2021
Yuba,2021-10-01,412666.6666666667,9.166666666666666,1.7666666666666666,0.36,4,4,2021
Yuba,2022-01-01,428333.3333333333,8.666666666666666,1.8,0.33,5,1,2022
Yuba,2022-04-01,442500.0,10.666666666666666,2.4,0.28,6,2,2022
Yuba,2022-07-01,434333.3333333333,27.0,3.5,0.29,7,3,2022
Yuba,2022-10-01,406133.3333333333,35.166666666666664,3.1666666666666665,0.3,8,4,2022
Yuba,2023-01-01,428086.6666666667,34.5,3.766666666666667,0.28,9,1,2023
Yuba,2023-04-01,444480.0,27.166666666666668,2.8666666666666667,0.26,10,2,2023
Yuba,2023-07-01,432583.3333333333,17.333333333333332,3.3000000000000003,0.26,11,3,2023
Yuba,2023-10-01,442073.3333333333,27.333333333333332,3.8666666666666667,0.24,12,4,2023
Yuba,2024-01-01,444690.0,42.5,3.966666666666667,0.26,13,1,2024
Yuba,2024-04-01,441550.0,27.833333333333332,3.533333333333333,0.25,14,2,2024
Yuba,2024-07-01,442133.3333333333,28.333333333333332,4.133333333333334,0.27,15,3,2024
Yuba,2024-10-01,435541.6666666667,39.5,5.133333333333333,0.27,16,4,2024
Yuba,2025-01-01,449600.0,42.333333333333336,4.666666666666667,0.25,17,1,2025
Yuba,2025-04-01,442500.0,33.5,4.733333333333333,0.26,18,2,2025
Yuba,2025-07-01,438333.3333333333,37.0,5.366666666666667,0.28,19,3,2025
