RegionName,date,zhvi,rent_index,inventory,median_list_price,sales_count
"Aberdeen, SD",2000-01-31,,,,,
"Aberdeen, SD",2000-02-29,,,,,
"Aberdeen, SD",2000-03-31,,,,,
"Aberdeen, SD",2000-04-30,,,,,
"Aberdeen, SD",2000-05-31,,,,,
"Aberdeen, SD",2000-06-30,,,,,
"Aberdeen, SD",2000-07-31,,,,,
"Aberdeen, SD",2000-08-31,,,,,
"Aberdeen, SD",2000-09-30,,,,,
"Aberdeen, SD",2000-10-31,,,,,
"Aberdeen, SD",2000-11-30,,,,,
"Aberdeen, SD",2000-12-31,,,,,
"Aberdeen, SD",2001-01-31,,,,,
"Aberdeen, SD",2001-02-28,,,,,
"Aberdeen, SD",2001-03-31,,,,,
"Aberdeen, SD",2001-04-30,,,,,
"Aberdeen, SD",2001-05-31,,,,,
"Aberdeen, SD",2001-06-30,,,,,
"Aberdeen, SD",2001-07-31,,,,,
"Aberdeen, SD",2001-08-31,,,,,
"Aberdeen, SD",2001-09-30,,,,,
"Aberdeen, SD",2001-10-31,,,,,
"Aberdeen, SD",2001-11-30,,,,,
"Aberdeen, SD",2001-12-31,,,,,
"Aberdeen, SD",2002-01-31,,,,,
"Aberdeen, SD",2002-02-28,,,,,
"Aberdeen, SD",2002-03-31,,,,,
"Aberdeen, SD",2002-04-30,,,,,
"Aberdeen, SD",2002-05-31,,,,,
"Aberdeen, SD",2002-06-30,,,,,
"Aberdeen, SD",2002-07-31,,,,,
"Aberdeen, SD",2002-08-31,,,,,
"Aberdeen, SD",2002-09-30,,,,,
"Aberdeen, SD",2002-10-31,,,,,
"Aberdeen, SD",2002-11-30,,,,,
"Aberdeen, SD",2002-12-31,,,,,
"Aberdeen, SD",2003-01-31,,,,,
"Aberdeen, SD",2003-02-28,,,,,
"Aberdeen, SD",2003-03-31,,,,,
"Aberdeen, SD",2003-04-30,,,,,
"Aberdeen, SD",2003-05-31,,,,,
"Aberdeen, SD",2003-06-30,,,,,
"Aberdeen, SD",2003-07-31,,,,,
"Aberdeen, SD",2003-08-31,,,,,
"Aberdeen, SD",2003-09-30,,,,,
"Aberdeen, SD",2003-10-31,,,,,
"Aberdeen, SD",2003-11-30,,,,,
"Aberdeen, SD",2003-12-31,,,,,
"Aberdeen, SD",2004-01-31,,,,,
"Aberdeen, SD",2004-02-29,,,,,
"Aberdeen, SD",2004-03-31,,,,,
"Aberdeen, SD",2004-04-30,,,,,
"Aberdeen, SD",2004-05-31,,,,,
"Aberdeen, SD",2004-06-30,,,,,
"Aberdeen, SD",2004-07-31,,,,,
"Aberdeen, SD",2004-08-31,,,,,
"Aberdeen, SD",2004-09-30,,,,,
"Aberdeen, SD",2004-10-31,,,,,
"Aberdeen, SD",2004-11-30,,,,,
"Aberdeen, SD",2004-12-31,,,,,
"Aberdeen, SD",2005-01-31,,,,,
"Aberdeen, SD",2005-02-28,,,,,
"Aberdeen, SD",2005-03-31,,,,,
"Aberdeen, SD",2005-04-30,,,,,
"Aberdeen, SD",2005-05-31,,,,,
"Aberdeen, SD",2005-06-30,,,,,
"Aberdeen, SD",2005-07-31,,,,,
"Aberdeen, SD",2005-08-31,,,,,
"Aberdeen, SD",2005-09-30,,,,,
"Aberdeen, SD",2005-10-31,,,,,
"Aberdeen, SD",2005-11-30,,,,,
"Aberdeen, SD",2005-12-31,,,,,
"Aberdeen, SD",2006-01-31,,,,,
"Aberdeen, SD",2006-02-28,,,,,
"Aberdeen, SD",2006-03-31,,,,,
"Aberdeen, SD",2006-04-30,,,,,
"Aberdeen, SD",2006-05-31,,,,,
"Aberdeen, SD",2006-06-30,,,,,
"Aberdeen, SD",2006-07-31,,,,,
"Aberdeen, SD",2006-08-31,,,,,
"Aberdeen, SD",2006-09-30,,,,,
"Aberdeen, SD",2006-10-31,,,,,
"Aberdeen, SD",2006-11-30,,,,,
"Aberdeen, SD",2006-12-31,,,,,
"Aberdeen, SD",2007-01-31,,,,,
"Aberdeen, SD",2007-02-28,,,,,
"Aberdeen, SD",2007-03-31,,,,,
"Aberdeen, SD",2007-04-30,,,,,
"Aberdeen, SD",2007-05-31,,,,,
"Aberdeen, SD",2007-06-30,,,,,
"Aberdeen, SD",2007-07-31,,,,,
"Aberdeen, SD",2007-08-31,,,,,
"Aberdeen, SD",2007-09-30,,,,,
"Aberdeen, SD",2007-10-31,,,,,
"Aberdeen, SD",2007-11-30,,,,,
"Aberdeen, SD",2007-12-31,,,,,
"Aberdeen, SD",2008-01-31,,,,,
"Aberdeen, SD",2008-02-29,,,,,
"Aberdeen, SD",2008-03-31,,,,,
"Aberdeen, SD",2008-04-30,,,,,
"Aberdeen, SD",2008-05-31,,,,,
"Aberdeen, SD",2008-06-30,,,,,
"Aberdeen, SD",2008-07-31,,,,,
"Aberdeen, SD",2008-08-31,,,,,
"Aberdeen, SD",2008-09-30,,,,,
"Aberdeen, SD",2008-10-31,,,,,
"Aberdeen, SD",2008-11-30,,,,,
"Aberdeen, SD",2008-12-31,,,,,
"Aberdeen, SD",2009-01-31,,,,,
"Aberdeen, SD",2009-02-28,128605.66225652276,,,,
"Aberdeen, SD",2009-03-31,128618.74700002251,,,,
"Aberdeen, SD",2009-04-30,128422.9756901014,,,,
"Aberdeen, SD",2009-05-31,128312.1388445507,,,,
"Aberdeen, SD",2009-06-30,128118.87938030968,,,,
"Aberdeen, SD",2009-07-31,127982.3515316674,,,,
"Aberdeen, SD",2009-08-31,127767.27707209245,,,,
"Aberdeen, SD",2009-09-30,127550.65861751452,,,,
"Aberdeen, SD",2009-10-31,127456.9591007433,,,,
"Aberdeen, SD",2009-11-30,127400.1158968699,,,,
"Aberdeen, SD",2009-12-31,127431.26126987732,,,,
"Aberdeen, SD",2010-01-31,127457.93327893394,,,,
"Aberdeen, SD",2010-02-28,127435.1059463466,,,,
"Aberdeen, SD",2010-03-31,127473.2234070318,,,,
"Aberdeen, SD",2010-04-30,127611.41596112456,,,,
"Aberdeen, SD",2010-05-31,127968.9442184836,,,,
"Aberdeen, SD",2010-06-30,128309.42534586776,,,,
"Aberdeen, SD",2010-07-31,128665.88747792394,,,,
"Aberdeen, SD",2010-08-31,128928.5985234129,,,,
"Aberdeen, SD",2010-09-30,129156.4331555946,,,,
"Aberdeen, SD",2010-10-31,129375.36648445886,,,,
"Aberdeen, SD",2010-11-30,129535.21149278025,,,,
"Aberdeen, SD",2010-12-31,129674.6733889411,,,,
"Aberdeen, SD",2011-01-31,129719.84756277326,,,,
"Aberdeen, SD",2011-02-28,129635.06175863522,,,,
"Aberdeen, SD",2011-03-31,129564.2453943377,,,,
"Aberdeen, SD",2011-04-30,129387.7845670653,,,,
"Aberdeen, SD",2011-05-31,129373.27406605272,,,,
"Aberdeen, SD",2011-06-30,129294.26658259514,,,,
"Aberdeen, SD",2011-07-31,129390.00461181272,,,,
"Aberdeen, SD",2011-08-31,129543.78608944714,,,,
"Aberdeen, SD",2011-09-30,129768.4127917526,,,,
"Aberdeen, SD",2011-10-31,130028.39127903526,,,,
"Aberdeen, SD",2011-11-30,130309.82679424695,,,,
"Aberdeen, SD",2011-12-31,130646.26751872408,,,,
"Aberdeen, SD",2012-01-31,130899.40697782252,,,,
"Aberdeen, SD",2012-02-29,131181.4198993519,,,,
"Aberdeen, SD",2012-03-31,131915.3389871206,,,,
"Aberdeen, SD",2012-04-30,133145.9898117343,,,,
"Aberdeen, SD",2012-05-31,,,,,
"Aberdeen, SD",2012-06-30,136574.80795228574,,,,
"Aberdeen, SD",2012-07-31,137909.97732537656,,,,
"Aberdeen, SD",2012-08-31,138922.63950549826,,,,
"Aberdeen, SD",2012-09-30,139969.27356013068,,,,
"Aberdeen, SD",2012-10-31,140859.2316699117,,,,
"Aberdeen, SD",2012-11-30,141463.0266884069,,,,
"Aberdeen, SD",2012-12-31,142446.40966343688,,,,
"Aberdeen, SD",2013-01-31,143340.84723774833,,,,
"Aberdeen, SD",2013-02-28,144079.12870881055,,,,
"Aberdeen, SD",2013-03-31,144230.78492665893,,,,
"Aberdeen, SD",2013-04-30,144218.55001337835,,,,
"Aberdeen, SD",2013-05-31,144384.97527076936,,,,
"Aberdeen, SD",2013-06-30,144655.4172548917,,,,
"Aberdeen, SD",2013-07-31,144748.47499374652,,,,
"Aberdeen, SD",2013-08-31,144690.09236728903,,,,
"Aberdeen, SD",2013-09-30,144579.41097860652,,,,
"Aberdeen, SD",2013-10-31,145052.15382891122,,,,
"Aberdeen, SD",2013-11-30,145458.86962585826,,,,
"Aberdeen, SD",2013-12-31,145425.28317731275,,,,
"Aberdeen, SD",2014-01-31,145186.98491466744,,,,
"Aberdeen, SD",2014-02-28,144515.43430520108,,,,
"Aberdeen, SD",2014-03-31,144216.98331098628,,,,
"Aberdeen, SD",2014-04-30,144126.52295269692,,,,
"Aberdeen, SD",2014-05-31,144748.51888656893,,,,
"Aberdeen, SD",2014-06-30,145409.74161612472,,,,
"Aberdeen, SD",2014-07-31,145574.01782045374,,,,
"Aberdeen, SD",2014-08-31,145375.23081315402,,,,
"Aberdeen, SD",2014-09-30,145139.91526295544,,,,
"Aberdeen, SD",2014-10-31,145023.78444813253,,,,
"Aberdeen, SD",2014-11-30,144610.9660210377,,,,
"Aberdeen, SD",2014-12-31,144182.95271156967,,,,
"Aberdeen, SD",2015-01-31,143591.10947856677,,,,
"Aberdeen, SD",2015-02-28,143236.8194330193,,,,
"Aberdeen, SD",2015-03-31,142554.44094513077,,,,
"Aberdeen, SD",2015-04-30,142439.198044093,,,,
"Aberdeen, SD",2015-05-31,142350.918063123,,,,
"Aberdeen, SD",2015-06-30,142540.98844527724,,,,
"Aberdeen, SD",2015-07-31,142279.22685067152,,,,
"Aberdeen, SD",2015-08-31,142278.28554175817,,,,
"Aberdeen, SD",2015-09-30,142568.3153718408,,,,
"Aberdeen, SD",2015-10-31,143122.14834243277,,,,
"Aberdeen, SD",2015-11-30,143532.37903697646,,,,
"Aberdeen, SD",2015-12-31,143886.30028732424,,,,
"Aberdeen, SD",2016-01-31,144225.15619166792,,,,
"Aberdeen, SD",2016-02-29,144681.36639086713,,,,
"Aberdeen, SD",2016-03-31,145067.7343717862,,,,
"Aberdeen, SD",2016-04-30,145311.4706188926,,,,
"Aberdeen, SD",2016-05-31,145313.8891122863,,,,
"Aberdeen, SD",2016-06-30,145393.7459066465,,,,
"Aberdeen, SD",2016-07-31,145873.8715515622,,,,
"Aberdeen, SD",2016-08-31,146672.7569903927,,,,
"Aberdeen, SD",2016-09-30,147525.13085346343,,,,
"Aberdeen, SD",2016-10-31,147995.6939852432,,,,
"Aberdeen, SD",2016-11-30,148353.09739719515,,,,
"Aberdeen, SD",2016-12-31,148640.73320786795,,,,
"Aberdeen, SD",2017-01-31,148961.28225069112,,,,
"Aberdeen, SD",2017-02-28,149354.03796686194,,,,
"Aberdeen, SD",2017-03-31,149625.5355516374,,,,
"Aberdeen, SD",2017-04-30,149890.12699606983,,,,
"Aberdeen, SD",2017-05-31,149951.42080184445,,,,
"Aberdeen, SD",2017-06-30,150087.4215464948,,,,
"Aberdeen, SD",2017-07-31,150526.4449586683,,,,
"Aberdeen, SD",2017-08-31,151189.23328623953,,,,
"Aberdeen, SD",2017-09-30,151975.0565918016,,,,
"Aberdeen, SD",2017-10-31,152708.95577824194,,,,
"Aberdeen, SD",2017-11-30,153406.8436674044,,,,
"Aberdeen, SD",2017-12-31,153837.6751781139,,,,
"Aberdeen, SD",2018-01-31,154196.84294012783,,,,
"Aberdeen, SD",2018-02-28,154553.03345002068,,,,
"Aberdeen, SD",2018-03-31,155219.05656286931,,189.0,178492.0,
"Aberdeen, SD",2018-04-30,155523.35490083974,,205.0,187458.0,
"Aberdeen, SD",2018-05-31,155850.9122735701,,231.0,194792.0,
"Aberdeen, SD",2018-06-30,156031.82222316184,,263.0,198083.0,
"Aberdeen, SD",2018-07-31,156652.9346484956,,294.0,196417.0,
"Aberdeen, SD",2018-08-31,156972.26915434524,,309.0,189933.0,
"Aberdeen, SD",2018-09-30,157134.54453525218,,297.0,183417.0,
"Aberdeen, SD",2018-10-31,156909.11994808572,,272.0,184117.0,
"Aberdeen, SD",2018-11-30,157034.35134203345,,243.0,192267.0,
"Aberdeen, SD",2018-12-31,157359.36253222197,,216.0,197283.0,
"Aberdeen, SD",2019-01-31,158379.74330342727,,192.0,196033.0,
"Aberdeen, SD",2019-02-28,159854.37635648358,,175.0,192550.0,
"Aberdeen, SD",2019-03-31,161546.41432734148,,169.0,190867.0,
"Aberdeen, SD",2019-04-30,162743.91661563233,,180.0,189750.0,
"Aberdeen, SD",2019-05-31,163334.97142428544,,199.0,191900.0,
"Aberdeen, SD",2019-06-30,163766.03396108444,,220.0,190233.0,
"Aberdeen, SD",2019-07-31,164007.43928844357,,235.0,186900.0,
"Aberdeen, SD",2019-08-31,164076.01612483556,,254.0,178683.0,
"Aberdeen, SD",2019-09-30,164292.55979678952,,271.0,173200.0,
"Aberdeen, SD",2019-10-31,165031.44447388017,,273.0,167967.0,
"Aberdeen, SD",2019-11-30,166206.32492859292,,257.0,166550.0,
"Aberdeen, SD",2019-12-31,167442.43008881688,,228.0,163400.0,
"Aberdeen, SD",2020-01-31,168409.64053266353,,202.0,161967.0,
"Aberdeen, SD",2020-02-29,169054.1588488399,,181.0,164633.0,
"Aberdeen, SD",2020-03-31,169353.98627213348,,179.0,174967.0,
"Aberdeen, SD",2020-04-30,169764.09051739043,,189.0,186500.0,
"Aberdeen, SD",2020-05-31,170271.33289402016,,198.0,190083.0,
"Aberdeen, SD",2020-06-30,170786.53806061906,,202.0,183383.0,
"Aberdeen, SD",2020-07-31,171861.4634757409,,195.0,171850.0,
"Aberdeen, SD",2020-08-31,173345.95388326456,,187.0,166433.0,
"Aberdeen, SD",2020-09-30,175740.95168893793,,172.0,171433.0,
"Aberdeen, SD",2020-10-31,177468.37210558448,,155.0,177100.0,
"Aberdeen, SD",2020-11-30,179139.6102265752,,138.0,177233.0,
"Aberdeen, SD",2020-12-31,180400.45561347163,,124.0,168900.0,
"Aberdeen, SD",2021-01-31,181861.64108781927,,116.0,160417.0,
"Aberdeen, SD",2021-02-28,183483.4009866047,,111.0,156033.0,
"Aberdeen, SD",2021-03-31,185125.58353727948,,119.0,156067.0,
"Aberdeen, SD",2021-04-30,186974.4428606479,,128.0,161900.0,
"Aberdeen, SD",2021-05-31,189023.1150651843,,138.0,164617.0,
"Aberdeen, SD",2021-06-30,191071.09834580365,,144.0,174583.0,
"Aberdeen, SD",2021-07-31,192641.5230880664,,151.0,179933.0,
"Aberdeen, SD",2021-08-31,193685.12861058468,,153.0,185783.0,
"Aberdeen, SD",2021-09-30,193960.19326101977,,155.0,185783.0,
"Aberdeen, SD",2021-10-31,194409.7616146413,,151.0,189117.0,
"Aberdeen, SD",2021-11-30,195380.6848961286,,142.0,192867.0,
"Aberdeen, SD",2021-12-31,196929.90610970496,,125.0,185383.0,
"Aberdeen, SD",2022-01-31,199248.7777593748,,105.0,187017.0,
"Aberdeen, SD",2022-02-28,201589.8191416665,,91.0,193767.0,
"Aberdeen, SD",2022-03-31,204512.3849789868,,86.0,206917.0,
"Aberdeen, SD",2022-04-30,207093.4889111525,,96.0,218583.0,
"Aberdeen, SD",2022-05-31,209231.03573737547,,111.0,223900.0,
"Aberdeen, SD",2022-06-30,210611.4344936166,,132.0,228233.0,
"Aberdeen, SD",2022-07-31,211362.87563087247,,137.0,222267.0,
"Aberdeen, SD",2022-08-31,211744.24397672663,,142.0,215633.0,
"Aberdeen, SD",2022-09-30,211983.53755746872,,134.0,206333.0,
"Aberdeen, SD",2022-10-31,212270.640397148,,133.0,193900.0,
"Aberdeen, SD",2022-11-30,212313.46499887528,,124.0,183883.0,
"Aberdeen, SD",2022-12-31,211649.23733637927,,111.0,180217.0,
"Aberdeen, SD",2023-01-31,211234.84036157365,,100.0,180967.0,
"Aberdeen, SD",2023-02-28,210533.19871412512,,90.0,185950.0,
"Aberdeen, SD",2023-03-31,211085.1497094447,,93.0,192250.0,
"Aberdeen, SD",2023-04-30,212258.94825032307,,98.0,211417.0,
"Aberdeen, SD",2023-05-31,214122.88189483457,,111.0,233117.0,
"Aberdeen, SD",2023-06-30,214820.976492428,,117.0,250633.0,
"Aberdeen, SD",2023-07-31,214593.44778006675,,124.0,251783.0,
"Aberdeen, SD",2023-08-31,214118.2438416837,,130.0,251750.0,
"Aberdeen, SD",2023-09-30,213972.69250753103,,128.0,259233.0,
"Aberdeen, SD",2023-10-31,213800.83456113024,,122.0,260850.0,
"Aberdeen, SD",2023-11-30,213853.95509419296,,116.0,257517.0,
"Aberdeen, SD",2023-12-31,214024.078924975,,114.0,245033.0,
"Aberdeen, SD",2024-01-31,214444.688219771,,111.0,233850.0,
"Aberdeen, SD",2024-02-29,215074.1309877635,,101.0,216817.0,
"Aberdeen, SD",2024-03-31,216282.5922147284,,102.0,212633.0,
"Aberdeen, SD",2024-04-30,217634.31809216796,,110.0,225233.0,
"Aberdeen, SD",2024-05-31,218897.3110181149,,126.0,245100.0,
"Aberdeen, SD",2024-06-30,219360.7422247318,,134.0,256767.0,
"Aberdeen, SD",2024-07-31,219042.8690163171,,139.0,262333.0,
"Aberdeen, SD",2024-08-31,218284.9120963232,,149.0,259533.0,
"Aberdeen, SD",2024-09-30,218212.1635689425,,160.0,258533.0,
"Aberdeen, SD",2024-10-31,219514.36569718333,,166.0,256300.0,
"Aberdeen, SD",2024-11-30,221056.31030462455,,160.0,256267.0,
"Aberdeen, SD",2024-12-31,222213.90750613343,,145.0,258300.0,
"Aberdeen, SD",2025-01-31,222183.7660087268,,130.0,257600.0,
"Aberdeen, SD",2025-02-28,222046.6064485509,,120.0,257600.0,
"Aberdeen, SD",2025-03-31,221755.5557673395,,120.0,255250.0,
"Aberdeen, SD",2025-04-30,222198.9735367348,,125.0,255283.0,
"Aberdeen, SD",2025-05-31,222978.28149795212,881.229236000476,141.0,261217.0,
"Aberdeen, SD",2025-06-30,224363.5460622943,905.9023279635394,158.0,259233.0,
"Aberdeen, SD",2025-07-31,225594.01008508253,957.68094568609,174.0,255900.0,
"Aberdeen, SD",2025-08-31,227070.05479176468,971.6653395266236,180.0,263333.0,
"Aberdeen, SD",2025-09-30,228507.10618835705,950.8129509387192,180.0,279833.0,
"Aberdeen, SD",2025-10-31,230010.68023035623,931.25,178.0,296483.0,
"Aberdeen, WA",2000-01-31,,,,,
"Aberdeen, WA",2000-02-29,,,,,
"Aberdeen, WA",2000-03-31,,,,,
"Aberdeen, WA",2000-04-30,,,,,
"Aberdeen, WA",2000-05-31,,,,,
"Aberdeen, WA",2000-06-30,,,,,
"Aberdeen, WA",2000-07-31,,,,,
"Aberdeen, WA",2000-08-31,,,,,
"Aberdeen, WA",2000-09-30,,,,,
"Aberdeen, WA",2000-10-31,,,,,
"Aberdeen, WA",2000-11-30,,,,,
"Aberdeen, WA",2000-12-31,,,,,
"Aberdeen, WA",2001-01-31,,,,,
"Aberdeen, WA",2001-02-28,,,,,
"Aberdeen, WA",2001-03-31,,,,,
"Aberdeen, WA",2001-04-30,,,,,
"Aberdeen, WA",2001-05-31,,,,,
"Aberdeen, WA",2001-06-30,,,,,
"Aberdeen, WA",2001-07-31,,,,,
"Aberdeen, WA",2001-08-31,,,,,
"Aberdeen, WA",2001-09-30,,,,,
"Aberdeen, WA",2001-10-31,,,,,
"Aberdeen, WA",2001-11-30,,,,,
"Aberdeen, WA",2001-12-31,,,,,
"Aberdeen, WA",2002-01-31,,,,,
"Aberdeen, WA",2002-02-28,,,,,
"Aberdeen, WA",2002-03-31,,,,,
"Aberdeen, WA",2002-04-30,,,,,
"Aberdeen, WA",2002-05-31,,,,,
"Aberdeen, WA",2002-06-30,,,,,
"Aberdeen, WA",2002-07-31,,,,,
"Aberdeen, WA",2002-08-31,,,,,
"Aberdeen, WA",2002-09-30,,,,,
"Aberdeen, WA",2002-10-31,,,,,
"Aberdeen, WA",2002-11-30,,,,,
"Aberdeen, WA",2002-12-31,,,,,
"Aberdeen, WA",2003-01-31,,,,,
"Aberdeen, WA",2003-02-28,,,,,
"Aberdeen, WA",2003-03-31,,,,,
"Aberdeen, WA",2003-04-30,,,,,
"Aberdeen, WA",2003-05-31,,,,,
"Aberdeen, WA",2003-06-30,,,,,
"Aberdeen, WA",2003-07-31,,,,,
"Aberdeen, WA",2003-08-31,,,,,
"Aberdeen, WA",2003-09-30,,,,,
"Aberdeen, WA",2003-10-31,,,,,
"Aberdeen, WA",2003-11-30,,,,,
"Aberdeen, WA",2003-12-31,,,,,
"Aberdeen, WA",2004-01-31,,,,,
"Aberdeen, WA",2004-02-29,,,,,
"Aberdeen, WA",2004-03-31,,,,,
"Aberdeen, WA",2004-04-30,,,,,
"Aberdeen, WA",2004-05-31,,,,,
"Aberdeen, WA",2004-06-30,,,,,
"Aberdeen, WA",2004-07-31,,,,,
"Aberdeen, WA",2004-08-31,,,,,
"Aberdeen, WA",2004-09-30,,,,,
"Aberdeen, WA",2004-10-31,,,,,
"Aberdeen, WA",2004-11-30,,,,,
"Aberdeen, WA",2004-12-31,,,,,
"Aberdeen, WA",2005-01-31,,,,,
"Aberdeen, WA",2005-02-28,,,,,
"Aberdeen, WA",2005-03-31,,,,,
"Aberdeen, WA",2005-04-30,,,,,
"Aberdeen, WA",2005-05-31,,,,,
"Aberdeen, WA",2005-06-30,,,,,
"Aberdeen, WA",2005-07-31,,,,,
"Aberdeen, WA",2005-08-31,,,,,
"Aberdeen, WA",2005-09-30,,,,,
"Aberdeen, WA",2005-10-31,,,,,
"Aberdeen, WA",2005-11-30,,,,,
"Aberdeen, WA",2005-12-31,,,,,
"Aberdeen, WA",2006-01-31,,,,,
"Aberdeen, WA",2006-02-28,,,,,
"Aberdeen, WA",2006-03-31,,,,,
"Aberdeen, WA",2006-04-30,,,,,
"Aberdeen, WA",2006-05-31,,,,,
"Aberdeen, WA",2006-06-30,,,,,
"Aberdeen, WA",2006-07-31,,,,,
"Aberdeen, WA",2006-08-31,,,,,
"Aberdeen, WA",2006-09-30,,,,,
"Aberdeen, WA",2006-10-31,,,,,
"Aberdeen, WA",2006-11-30,,,,,
"Aberdeen, WA",2006-12-31,,,,,
"Aberdeen, WA",2007-01-31,,,,,
"Aberdeen, WA",2007-02-28,,,,,
"Aberdeen, WA",2007-03-31,,,,,
"Aberdeen, WA",2007-04-30,,,,,
"Aberdeen, WA",2007-05-31,,,,,
"Aberdeen, WA",2007-06-30,,,,,
"Aberdeen, WA",2007-07-31,,,,,
"Aberdeen, WA",2007-08-31,,,,,
"Aberdeen, WA",2007-09-30,,,,,
"Aberdeen, WA",2007-10-31,,,,,
"Aberdeen, WA",2007-11-30,,,,,
"Aberdeen, WA",2007-12-31,,,,,
"Aberdeen, WA",2008-01-31,,,,,
"Aberdeen, WA",2008-02-29,,,,,
"Aberdeen, WA",2008-03-31,,,,,
"Aberdeen, WA",2008-04-30,,,,,
"Aberdeen, WA",2008-05-31,,,,,
"Aberdeen, WA",2008-06-30,,,,,
"Aberdeen, WA",2008-07-31,,,,,
"Aberdeen, WA",2008-08-31,,,,,
"Aberdeen, WA",2008-09-30,,,,,
"Aberdeen, WA",2008-10-31,,,,,
"Aberdeen, WA",2008-11-30,,,,,
"Aberdeen, WA",2008-12-31,,,,,
"Aberdeen, WA",2009-01-31,163648.397130171,,,,
"Aberdeen, WA",2009-02-28,163103.9021007829,,,,
"Aberdeen, WA",2009-03-31,162443.11254463764,,,,
"Aberdeen, WA",2009-04-30,160953.9305899047,,,,
"Aberdeen, WA",2009-05-31,159500.97490528307,,,,
"Aberdeen, WA",2009-06-30,157998.65480320677,,,,
"Aberdeen, WA",2009-07-31,156617.1651397161,,,,
"Aberdeen, WA",2009-08-31,155123.2546505804,,,,
"Aberdeen, WA",2009-09-30,153664.2475430098,,,,
"Aberdeen, WA",2009-10-31,152401.4665135972,,,,
"Aberdeen, WA",2009-11-30,151484.9583302453,,,,
"Aberdeen, WA",2009-12-31,150267.84712794598,,,,
"Aberdeen, WA",2010-01-31,148950.6972121168,,,,
"Aberdeen, WA",2010-02-28,147398.0802523046,,,,
"Aberdeen, WA",2010-03-31,146411.6075064364,,,,
"Aberdeen, WA",2010-04-30,145621.64362624494,,,,
"Aberdeen, WA",2010-05-31,145087.14700884605,,,,
"Aberdeen, WA",2010-06-30,144721.84873724412,,,,
"Aberdeen, WA",2010-07-31,144429.78774662572,,,,
"Aberdeen, WA",2010-08-31,143983.05795372324,,,,
"Aberdeen, WA",2010-09-30,143223.44021475522,,,,
"Aberdeen, WA",2010-10-31,142287.06154094267,,,,
"Aberdeen, WA",2010-11-30,141260.77203261474,,,,
"Aberdeen, WA",2010-12-31,140335.11807974495,,,,
"Aberdeen, WA",2011-01-31,139413.12695646033,,,,
"Aberdeen, WA",2011-02-28,138521.69815481294,,,,
"Aberdeen, WA",2011-03-31,137463.44524560234,,,,
"Aberdeen, WA",2011-04-30,136368.3973889435,,,,
"Aberdeen, WA",2011-05-31,135507.9086217153,,,,
"Aberdeen, WA",2011-06-30,134911.669055564,,,,
"Aberdeen, WA",2011-07-31,134518.92335711778,,,,
"Aberdeen, WA",2011-08-31,134023.23632263637,,,,
"Aberdeen, WA",2011-09-30,133548.0377177713,,,,
"Aberdeen, WA",2011-10-31,133153.8740658595,,,,
"Aberdeen, WA",2011-11-30,132966.09288120622,,,,
"Aberdeen, WA",2011-12-31,133024.91489119988,,,,
"Aberdeen, WA",2012-01-31,133179.73687493274,,,,
"Aberdeen, WA",2012-02-29,133517.58048372768,,,,
"Aberdeen, WA",2012-03-31,133544.58840714756,,,,
"Aberdeen, WA",2012-04-30,133738.41719359197,,,,
"Aberdeen, WA",2012-05-31,134246.17675102418,,,,
"Aberdeen, WA",2012-06-30,135144.5808208729,,,,
"Aberdeen, WA",2012-07-31,135618.13375279194,,,,
"Aberdeen, WA",2012-08-31,135315.8112429723,,,,
"Aberdeen, WA",2012-09-30,134757.14634668734,,,,
"Aberdeen, WA",2012-10-31,134338.86572395542,,,,
"Aberdeen, WA",2012-11-30,133823.17159051922,,,,
"Aberdeen, WA",2012-12-31,132957.14150029302,,,,
"Aberdeen, WA",2013-01-31,131947.21275525083,,,,
"Aberdeen, WA",2013-02-28,130972.52185463022,,,,
"Aberdeen, WA",2013-03-31,130725.57928067264,,,,
"Aberdeen, WA",2013-04-30,130994.85612823344,,,,
"Aberdeen, WA",2013-05-31,131873.8282123299,,,,
"Aberdeen, WA",2013-06-30,132837.75350635895,,,,
"Aberdeen, WA",2013-07-31,133429.24275159344,,,,
"Aberdeen, WA",2013-08-31,133736.31163975192,,,,
"Aberdeen, WA",2013-09-30,133376.55542096106,,,,
"Aberdeen, WA",2013-10-31,132667.34865534885,,,,
"Aberdeen, WA",2013-11-30,131551.43706846904,,,,
"Aberdeen, WA",2013-12-31,130348.20335676128,,,,
"Aberdeen, WA",2014-01-31,129210.60689835368,,,,
"Aberdeen, WA",2014-02-28,128381.31638167704,,,,
"Aberdeen, WA",2014-03-31,128078.39670973591,,,,
"Aberdeen, WA",2014-04-30,128541.83130471628,,,,
"Aberdeen, WA",2014-05-31,129503.15847952868,,,,
"Aberdeen, WA",2014-06-30,130380.16323761422,,,,
"Aberdeen, WA",2014-07-31,131043.2379656428,,,,
"Aberdeen, WA",2014-08-31,131259.84442175023,,,,
"Aberdeen, WA",2014-09-30,131108.6284554995,,,,
"Aberdeen, WA",2014-10-31,130686.23414439622,,,,
"Aberdeen, WA",2014-11-30,130510.64085588053,,,,
"Aberdeen, WA",2014-12-31,130730.09567441228,,,,
"Aberdeen, WA",2015-01-31,130486.19330436298,,,,
"Aberdeen, WA",2015-02-28,129746.39503300544,,,,
"Aberdeen, WA",2015-03-31,128898.56352931762,,,,
"Aberdeen, WA",2015-04-30,129198.0023731891,,,,
"Aberdeen, WA",2015-05-31,130634.37908894292,,,,
"Aberdeen, WA",2015-06-30,132600.25462490402,,,,
"Aberdeen, WA",2015-07-31,134474.5301894912,,,,
"Aberdeen, WA",2015-08-31,135693.3470002367,,,,
"Aberdeen, WA",2015-09-30,136652.53715184866,,,,
"Aberdeen, WA",2015-10-31,137583.13788246905,,,,
"Aberdeen, WA",2015-11-30,138861.13363352863,,,,
"Aberdeen, WA",2015-12-31,140589.87047172218,,,,
"Aberdeen, WA",2016-01-31,142145.4170931708,,,,
"Aberdeen, WA",2016-02-29,143521.96124472664,,,,
"Aberdeen, WA",2016-03-31,144346.1626173884,,,,
"Aberdeen, WA",2016-04-30,145212.91293168266,,,,
"Aberdeen, WA",2016-05-31,145847.66348367717,,,,
"Aberdeen, WA",2016-06-30,146549.14871296144,,,,
"Aberdeen, WA",2016-07-31,147089.71478630332,,,,
"Aberdeen, WA",2016-08-31,147901.43354303457,,,,
"Aberdeen, WA",2016-09-30,148588.30227950282,,,,
"Aberdeen, WA",2016-10-31,149455.61214182514,,,,
"Aberdeen, WA",2016-11-30,150409.4785153246,,,,
"Aberdeen, WA",2016-12-31,151665.64794099543,,,,
"Aberdeen, WA",2017-01-31,153339.44650349478,,,,
"Aberdeen, WA",2017-02-28,155121.20897660992,,,,
"Aberdeen, WA",2017-03-31,156935.77291035734,,,,
"Aberdeen, WA",2017-04-30,158381.11921700428,,,,
"Aberdeen, WA",2017-05-31,159556.30995091412,,,,
"Aberdeen, WA",2017-06-30,160890.86247310592,,,,
"Aberdeen, WA",2017-07-31,162480.7034599801,,,,
"Aberdeen, WA",2017-08-31,164188.80232919625,,,,
"Aberdeen, WA",2017-09-30,165918.34819619963,,,,
"Aberdeen, WA",2017-10-31,167710.29521713543,,,,
"Aberdeen, WA",2017-11-30,169822.26443185276,,,,
"Aberdeen, WA",2017-12-31,172144.4984588813,,,,
"Aberdeen, WA",2018-01-31,174229.73817292287,,,,
"Aberdeen, WA",2018-02-28,176246.11014145086,,,,
"Aberdeen, WA",2018-03-31,178431.96007877795,,501.0,209100.0,
"Aberdeen, WA",2018-04-30,180584.66197719285,,523.0,213267.0,
"Aberdeen, WA",2018-05-31,182352.12089587812,,563.0,214950.0,
"Aberdeen, WA",2018-06-30,183542.78119430263,,592.0,216625.0,
"Aberdeen, WA",2018-07-31,185435.7547501941,,625.0,218292.0,
"Aberdeen, WA",2018-08-31,187739.8002873888,,635.0,221608.0,
"Aberdeen, WA",2018-09-30,190156.5369638028,,628.0,224783.0,
"Aberdeen, WA",2018-10-31,191604.36180585943,,588.0,227933.0,
"Aberdeen, WA",2018-11-30,193201.97060484075,,540.0,227967.0,
"Aberdeen, WA",2018-12-31,195029.56637964668,,471.0,229717.0,
"Aberdeen, WA",2019-01-31,197211.0340689965,,415.0,228233.0,
"Aberdeen, WA",2019-02-28,199106.1725134261,,373.0,228233.0,
"Aberdeen, WA",2019-03-31,201105.75412801324,,381.0,228167.0,
"Aberdeen, WA",2019-04-30,203019.0300470757,,417.0,232833.0,
"Aberdeen, WA",2019-05-31,204611.7166059358,,464.0,239167.0,
"Aberdeen, WA",2019-06-30,205944.4374249175,,515.0,241000.0,
"Aberdeen, WA",2019-07-31,207497.5124765603,,545.0,244333.0,
"Aberdeen, WA",2019-08-31,209691.38944380637,,575.0,243000.0,
"Aberdeen, WA",2019-09-30,212398.2775951915,,573.0,245833.0,
"Aberdeen, WA",2019-10-31,215486.62284369068,,544.0,244467.0,
"Aberdeen, WA",2019-11-30,218359.1381794232,,480.0,247467.0,
"Aberdeen, WA",2019-12-31,220796.50296890023,,413.0,247633.0,
"Aberdeen, WA",2020-01-31,222976.8182753583,,365.0,248333.0,
"Aberdeen, WA",2020-02-29,224347.55385869145,,336.0,249950.0,
"Aberdeen, WA",2020-03-31,225686.3658125743,,328.0,254950.0,
"Aberdeen, WA",2020-04-30,227264.41500898963,,317.0,260950.0,
"Aberdeen, WA",2020-05-31,229404.6790919647,,327.0,264667.0,
"Aberdeen, WA",2020-06-30,231455.05168037317,,336.0,268300.0,
"Aberdeen, WA",2020-07-31,233606.12004595427,,356.0,269717.0,
"Aberdeen, WA",2020-08-31,236900.20312628328,,365.0,271217.0,
"Aberdeen, WA",2020-09-30,241795.1598884109,,355.0,267917.0,
"Aberdeen, WA",2020-10-31,247153.76998473424,,330.0,266500.0,
"Aberdeen, WA",2020-11-30,252671.1252276361,,291.0,266633.0,
"Aberdeen, WA",2020-12-31,257786.87966167871,,256.0,269217.0,
"Aberdeen, WA",2021-01-31,262827.5294636813,,236.0,272550.0,
"Aberdeen, WA",2021-02-28,268398.20136550325,,233.0,279225.0,
"Aberdeen, WA",2021-03-31,274156.8632021945,,268.0,284942.0,
"Aberdeen, WA",2021-04-30,280634.156748306,,296.0,293275.0,
"Aberdeen, WA",2021-05-31,287750.1677261094,,348.0,303275.0,
"Aberdeen, WA",2021-06-30,295165.84772221325,,392.0,314958.0,
"Aberdeen, WA",2021-07-31,301614.9853546431,,468.0,,
"Aberdeen, WA",2021-08-31,305406.37654138095,,532.0,334317.0,
"Aberdeen, WA",2021-09-30,307309.5941861493,,570.0,,
"Aberdeen, WA",2021-10-31,308313.47254935466,,553.0,345667.0,
"Aberdeen, WA",2021-11-30,309746.91059293057,,491.0,352500.0,
"Aberdeen, WA",2021-12-31,311994.6583231055,,415.0,352833.0,
"Aberdeen, WA",2022-01-31,315982.06009660737,,366.0,353167.0,
"Aberdeen, WA",2022-02-28,321608.94079635513,,351.0,353000.0,
"Aberdeen, WA",2022-03-31,327449.52370500605,,379.0,361333.0,
"Aberdeen, WA",2022-04-30,332459.89344507497,,420.0,367150.0,
"Aberdeen, WA",2022-05-31,336405.1873523144,,488.0,370417.0,
"Aberdeen, WA",2022-06-30,339855.5118602084,1231.5288751390349,571.0,368417.0,
"Aberdeen, WA",2022-07-31,340570.5120329624,1220.13034580933,657.0,367567.0,
"Aberdeen, WA",2022-08-31,337898.1331324093,1232.7731248811535,722.0,367633.0,
"Aberdeen, WA",2022-09-30,333121.5142370949,1230.2286725749298,742.0,364600.0,
"Aberdeen, WA",2022-10-31,328783.5109249165,1235.1027496574425,725.0,362933.0,
"Aberdeen, WA",2022-11-30,325385.52180037944,1257.941904970236,667.0,356417.0,
"Aberdeen, WA",2022-12-31,322202.25420178147,1268.2835774490688,598.0,353117.0,
"Aberdeen, WA",2023-01-31,319426.9677066124,1293.256038388772,531.0,352567.0,
"Aberdeen, WA",2023-02-28,317648.7389281191,1304.5864110352786,495.0,352750.0,
"Aberdeen, WA",2023-03-31,317996.665929638,1307.6768365730825,493.0,359083.0,
"Aberdeen, WA",2023-04-30,320171.25489360146,1292.8175438625494,520.0,364667.0,
"Aberdeen, WA",2023-05-31,322897.7527579193,1283.2838770184155,544.0,373000.0,
"Aberdeen, WA",2023-06-30,324577.7150869618,1293.237112847888,561.0,383000.0,
"Aberdeen, WA",2023-07-31,325036.0869875229,1303.1217208376008,566.0,390212.0,
"Aberdeen, WA",2023-08-31,325175.3231892499,1302.7068311342075,564.0,393545.0,
"Aberdeen, WA",2023-09-30,324993.5299531357,1308.605780180846,541.0,390545.0,
"Aberdeen, WA",2023-10-31,324688.3630229393,1314.736297544957,503.0,388333.0,
"Aberdeen, WA",2023-11-30,324138.9165149925,1315.4371770280086,453.0,386333.0,
"Aberdeen, WA",2023-12-31,323084.8333009603,1311.0795931436476,402.0,382667.0,
"Aberdeen, WA",2024-01-31,322036.1596691339,1307.2396689598074,364.0,377667.0,
"Aberdeen, WA",2024-02-29,321958.36568968283,1319.16532287548,340.0,381333.0,
"Aberdeen, WA",2024-03-31,323552.8072735965,1347.5011132001407,339.0,385000.0,
"Aberdeen, WA",2024-04-30,326117.81372417934,1357.1376251082047,356.0,393083.0,
"Aberdeen, WA",2024-05-31,328359.0861615807,1346.8260433956875,395.0,396417.0,
"Aberdeen, WA",2024-06-30,329395.29788475303,1339.0303657309998,450.0,399750.0,
"Aberdeen, WA",2024-07-31,328832.4000279188,1336.404311168178,488.0,399967.0,
"Aberdeen, WA",2024-08-31,327779.2650369113,1340.5161551843323,523.0,399966.0,
"Aberdeen, WA",2024-09-30,327270.7900699922,1345.6459118136625,532.0,399633.0,
"Aberdeen, WA",2024-10-31,327730.514380805,1362.690846722966,532.0,396083.0,
"Aberdeen, WA",2024-11-30,327540.3491979556,1363.1240017902314,498.0,391083.0,
"Aberdeen, WA",2024-12-31,326542.8548899691,1358.9645505125711,452.0,386417.0,
"Aberdeen, WA",2025-01-31,325164.0032155671,1358.2063000028952,412.0,383333.0,
"Aberdeen, WA",2025-02-28,324362.6389515388,1354.4702251558128,393.0,381667.0,
"Aberdeen, WA",2025-03-31,323659.46056797926,1373.7243749545075,415.0,386417.0,
"Aberdeen, WA",2025-04-30,323302.0361451543,1380.301681510543,454.0,393050.0,
"Aberdeen, WA",2025-05-31,322580.19893707515,1404.652550822109,532.0,400550.0,
"Aberdeen, WA",2025-06-30,321647.05565481866,1421.0089271145846,600.0,400800.0,
"Aberdeen, WA",2025-07-31,320603.04035412066,1443.1787935382108,666.0,400500.0,
"Aberdeen, WA",2025-08-31,319975.5131331617,1442.44709801423,705.0,399333.0,
"Aberdeen, WA",2025-09-30,319909.6679643415,1434.067665074096,723.0,399000.0,
"Aberdeen, WA",2025-10-31,319815.31190590194,1435.812169312169,708.0,399300.0,
"Abilene, TX",2000-01-31,,,,,
"Abilene, TX",2000-02-29,,,,,
"Abilene, TX",2000-03-31,,,,,
"Abilene, TX",2000-04-30,,,,,
"Abilene, TX",2000-05-31,,,,,
"Abilene, TX",2000-06-30,,,,,
"Abilene, TX",2000-07-31,,,,,
"Abilene, TX",2000-08-31,,,,,
"Abilene, TX",2000-09-30,,,,,
"Abilene, TX",2000-10-31,,,,,
"Abilene, TX",2000-11-30,,,,,
"Abilene, TX",2000-12-31,,,,,
"Abilene, TX",2001-01-31,,,,,
"Abilene, TX",2001-02-28,,,,,
"Abilene, TX",2001-03-31,,,,,
"Abilene, TX",2001-04-30,,,,,
"Abilene, TX",2001-05-31,,,,,
"Abilene, TX",2001-06-30,,,,,
"Abilene, TX",2001-07-31,,,,,
"Abilene, TX",2001-08-31,,,,,
"Abilene, TX",2001-09-30,,,,,
"Abilene, TX",2001-10-31,,,,,
"Abilene, TX",2001-11-30,,,,,
"Abilene, TX",2001-12-31,,,,,
"Abilene, TX",2002-01-31,,,,,
"Abilene, TX",2002-02-28,,,,,
"Abilene, TX",2002-03-31,,,,,
"Abilene, TX",2002-04-30,,,,,
"Abilene, TX",2002-05-31,,,,,
"Abilene, TX",2002-06-30,,,,,
"Abilene, TX",2002-07-31,,,,,
"Abilene, TX",2002-08-31,,,,,
"Abilene, TX",2002-09-30,,,,,
"Abilene, TX",2002-10-31,,,,,
"Abilene, TX",2002-11-30,,,,,
"Abilene, TX",2002-12-31,,,,,
"Abilene, TX",2003-01-31,,,,,
"Abilene, TX",2003-02-28,,,,,
"Abilene, TX",2003-03-31,,,,,
"Abilene, TX",2003-04-30,,,,,
"Abilene, TX",2003-05-31,,,,,
"Abilene, TX",2003-06-30,,,,,
"Abilene, TX",2003-07-31,,,,,
"Abilene, TX",2003-08-31,,,,,
"Abilene, TX",2003-09-30,,,,,
"Abilene, TX",2003-10-31,,,,,
"Abilene, TX",2003-11-30,,,,,
"Abilene, TX",2003-12-31,,,,,
"Abilene, TX",2004-01-31,,,,,
"Abilene, TX",2004-02-29,,,,,
"Abilene, TX",2004-03-31,,,,,
"Abilene, TX",2004-04-30,,,,,
"Abilene, TX",2004-05-31,,,,,
"Abilene, TX",2004-06-30,,,,,
"Abilene, TX",2004-07-31,,,,,
"Abilene, TX",2004-08-31,,,,,
"Abilene, TX",2004-09-30,,,,,
"Abilene, TX",2004-10-31,,,,,
"Abilene, TX",2004-11-30,,,,,
"Abilene, TX",2004-12-31,,,,,
"Abilene, TX",2005-01-31,,,,,
"Abilene, TX",2005-02-28,,,,,
"Abilene, TX",2005-03-31,,,,,
"Abilene, TX",2005-04-30,,,,,
"Abilene, TX",2005-05-31,,,,,
"Abilene, TX",2005-06-30,,,,,
"Abilene, TX",2005-07-31,,,,,
"Abilene, TX",2005-08-31,,,,,
"Abilene, TX",2005-09-30,,,,,
"Abilene, TX",2005-10-31,,,,,
"Abilene, TX",2005-11-30,,,,,
"Abilene, TX",2005-12-31,,,,,
"Abilene, TX",2006-01-31,,,,,
"Abilene, TX",2006-02-28,,,,,
"Abilene, TX",2006-03-31,,,,,
"Abilene, TX",2006-04-30,,,,,
"Abilene, TX",2006-05-31,,,,,
"Abilene, TX",2006-06-30,,,,,
"Abilene, TX",2006-07-31,,,,,
"Abilene, TX",2006-08-31,,,,,
"Abilene, TX",2006-09-30,,,,,
"Abilene, TX",2006-10-31,,,,,
"Abilene, TX",2006-11-30,,,,,
"Abilene, TX",2006-12-31,,,,,
"Abilene, TX",2007-01-31,,,,,
"Abilene, TX",2007-02-28,,,,,
"Abilene, TX",2007-03-31,,,,,
"Abilene, TX",2007-04-30,,,,,
"Abilene, TX",2007-05-31,,,,,
"Abilene, TX",2007-06-30,,,,,
"Abilene, TX",2007-07-31,,,,,
"Abilene, TX",2007-08-31,,,,,
"Abilene, TX",2007-09-30,,,,,
"Abilene, TX",2007-10-31,,,,,
"Abilene, TX",2007-11-30,,,,,
"Abilene, TX",2007-12-31,,,,,
"Abilene, TX",2008-01-31,,,,,
"Abilene, TX",2008-02-29,,,,,
"Abilene, TX",2008-03-31,,,,,
"Abilene, TX",2008-04-30,,,,,
"Abilene, TX",2008-05-31,,,,,
"Abilene, TX",2008-06-30,,,,,
"Abilene, TX",2008-07-31,,,,,
"Abilene, TX",2008-08-31,,,,,
"Abilene, TX",2008-09-30,,,,,
"Abilene, TX",2008-10-31,,,,,
"Abilene, TX",2008-11-30,,,,,
"Abilene, TX",2008-12-31,,,,,
"Abilene, TX",2009-01-31,108567.66961288656,,,,
"Abilene, TX",2009-02-28,108490.10043800186,,,,
"Abilene, TX",2009-03-31,108548.64533942832,,,,
"Abilene, TX",2009-04-30,108537.98205803455,,,,
"Abilene, TX",2009-05-31,108612.84028454853,,,,
"Abilene, TX",2009-06-30,108526.78440721688,,,,
"Abilene, TX",2009-07-31,108503.41700720869,,,,
"Abilene, TX",2009-08-31,108469.25882037544,,,,
"Abilene, TX",2009-09-30,108180.70718444196,,,,
"Abilene, TX",2009-10-31,107742.03862096436,,,,
"Abilene, TX",2009-11-30,107196.62793651996,,,,
"Abilene, TX",2009-12-31,107074.17211165788,,,,
"Abilene, TX",2010-01-31,107236.83987038076,,,,
"Abilene, TX",2010-02-28,107518.0561140495,,,,
"Abilene, TX",2010-03-31,107753.78951452488,,,,
"Abilene, TX",2010-04-30,107795.45393265667,,,,
"Abilene, TX",2010-05-31,107822.31820099131,,,,
"Abilene, TX",2010-06-30,107809.66101200948,,,,
"Abilene, TX",2010-07-31,107819.1380946178,,,,
"Abilene, TX",2010-08-31,107845.86033298256,,,,
"Abilene, TX",2010-09-30,107585.7639462457,,,,
"Abilene, TX",2010-10-31,107240.81925347024,,,,
"Abilene, TX",2010-11-30,106668.51202039787,,,,
"Abilene, TX",2010-12-31,106314.97353955172,,,,
"Abilene, TX",2011-01-31,105820.4418951731,,,,
"Abilene, TX",2011-02-28,105478.22378732532,,,,
"Abilene, TX",2011-03-31,105046.00532622414,,,,
"Abilene, TX",2011-04-30,104776.51574685134,,,,
"Abilene, TX",2011-05-31,104461.96905139352,,,,
"Abilene, TX",2011-06-30,104218.08473858528,,,,
"Abilene, TX",2011-07-31,104045.99977155836,,,,
"Abilene, TX",2011-08-31,103536.5496995703,,,,
"Abilene, TX",2011-09-30,103167.68187913609,,,,
"Abilene, TX",2011-10-31,102808.81816601778,,,,
"Abilene, TX",2011-11-30,102981.23277898895,,,,
"Abilene, TX",2011-12-31,103255.6324747441,,,,
"Abilene, TX",2012-01-31,103595.09371245829,,,,
"Abilene, TX",2012-02-29,104052.63708324486,,,,
"Abilene, TX",2012-03-31,104357.88282532815,,,,
"Abilene, TX",2012-04-30,104762.4707637488,,,,
"Abilene, TX",2012-05-31,105137.6294431973,,,,
"Abilene, TX",2012-06-30,105542.9386506544,,,,
"Abilene, TX",2012-07-31,105876.6971799286,,,,
"Abilene, TX",2012-08-31,106301.70535133845,,,,
"Abilene, TX",2012-09-30,106921.63996237377,,,,
"Abilene, TX",2012-10-31,107266.22116969398,,,,
"Abilene, TX",2012-11-30,106988.43147574244,,,,
"Abilene, TX",2012-12-31,106495.30808299714,,,,
"Abilene, TX",2013-01-31,106562.7685333391,,,,
"Abilene, TX",2013-02-28,107097.99016099796,,,,
"Abilene, TX",2013-03-31,107756.58878578916,,,,
"Abilene, TX",2013-04-30,108155.41629481246,,,,
"Abilene, TX",2013-05-31,108441.3534210222,,,,
"Abilene, TX",2013-06-30,108837.07398080824,,,,
"Abilene, TX",2013-07-31,109201.14359057194,,,,
"Abilene, TX",2013-08-31,110043.12345613351,,,,
"Abilene, TX",2013-09-30,110824.01152415865,,,,
"Abilene, TX",2013-10-31,111404.87738213658,,,,
"Abilene, TX",2013-11-30,111384.7258798438,,,,
"Abilene, TX",2013-12-31,111330.95533844692,,,,
"Abilene, TX",2014-01-31,111785.58872740708,,,,
"Abilene, TX",2014-02-28,112631.02901298807,,,,
"Abilene, TX",2014-03-31,113391.77560767788,,,,
"Abilene, TX",2014-04-30,113983.47650902532,,,,
"Abilene, TX",2014-05-31,114382.2568231112,,,,
"Abilene, TX",2014-06-30,115019.0920742288,,,,
"Abilene, TX",2014-07-31,115745.63455297652,,,,
"Abilene, TX",2014-08-31,116834.48120167087,,,,
"Abilene, TX",2014-09-30,117557.93599516452,,,,
"Abilene, TX",2014-10-31,117892.31230407716,,,,
"Abilene, TX",2014-11-30,117788.79968256236,,,,
"Abilene, TX",2014-12-31,117694.22660927284,,,,
"Abilene, TX",2015-01-31,117727.79608801228,844.1730801049413,,,
"Abilene, TX",2015-02-28,118007.51788365468,846.0312335091089,,,
"Abilene, TX",2015-03-31,118533.3546071218,846.064273792417,,,
"Abilene, TX",2015-04-30,119117.43979228254,847.53379551691,,,
"Abilene, TX",2015-05-31,119580.12064822274,857.0807566787898,,,
"Abilene, TX",2015-06-30,119989.93143804632,863.0188808271126,,,
"Abilene, TX",2015-07-31,120574.7673078243,865.1104538279513,,,
"Abilene, TX",2015-08-31,121569.91375309684,861.5731053881464,,,
"Abilene, TX",2015-09-30,122781.1917793104,861.1631489598358,,,
"Abilene, TX",2015-10-31,123786.87625518092,861.4081372533055,,,
"Abilene, TX",2015-11-30,124126.5815152658,864.9384433623968,,,
"Abilene, TX",2015-12-31,124204.74755539808,865.1794770922563,,,
"Abilene, TX",2016-01-31,124459.3438680552,865.4484331068621,,,
"Abilene, TX",2016-02-29,124995.64076773298,865.9668013491403,,,
"Abilene, TX",2016-03-31,125409.23775071448,863.4783643533942,,,
"Abilene, TX",2016-04-30,125829.97827672429,871.1813610062235,,,
"Abilene, TX",2016-05-31,126332.00390764326,870.4063338304576,,,
"Abilene, TX",2016-06-30,127008.29172179586,878.7526610504024,,,
"Abilene, TX",2016-07-31,127513.64667936042,877.545791335396,,,
"Abilene, TX",2016-08-31,128082.58256380646,877.254198517372,,,
"Abilene, TX",2016-09-30,128695.28258415883,876.2572103764663,,,
"Abilene, TX",2016-10-31,129215.66913958108,876.1545702615415,,,
"Abilene, TX",2016-11-30,129523.13629065584,875.8826918491487,,,
"Abilene, TX",2016-12-31,129593.12546306748,871.5155862931501,,,
"Abilene, TX",2017-01-31,129706.65254287828,871.7606574533158,,,
"Abilene, TX",2017-02-28,129724.2817581003,878.550441451981,,,
"Abilene, TX",2017-03-31,129743.0617647064,891.8813941874698,,,
"Abilene, TX",2017-04-30,129765.91227986936,900.9432167230872,,,
"Abilene, TX",2017-05-31,129788.3198780288,909.565716822274,,,
"Abilene, TX",2017-06-30,129848.76072501393,914.5505162366004,,,
"Abilene, TX",2017-07-31,129949.656525484,914.3693620058511,,,
"Abilene, TX",2017-08-31,130469.34897131343,912.5992476595716,,,
"Abilene, TX",2017-09-30,131422.41792978786,907.4153096045948,,,
"Abilene, TX",2017-10-31,132407.69205517258,911.3685335992192,,,
"Abilene, TX",2017-11-30,133088.8610567641,909.9737395054168,,,
"Abilene, TX",2017-12-31,133519.60628134952,916.0451915094447,,,
"Abilene, TX",2018-01-31,134097.21681183885,918.551990809626,,,
"Abilene, TX",2018-02-28,134616.36742247926,925.635284014916,,,
"Abilene, TX",2018-03-31,135424.10132500413,926.1188204424805,856.0,176600.0,
"Abilene, TX",2018-04-30,136200.44480899177,928.2578567852788,904.0,181633.0,
"Abilene, TX",2018-05-31,137172.6105317567,933.5030767068064,954.0,184967.0,
"Abilene, TX",2018-06-30,137992.4221762854,943.71224407614,1006.0,189967.0,
"Abilene, TX",2018-07-31,138883.85777231332,948.307877332964,1045.0,190633.0,
"Abilene, TX",2018-08-31,139741.48171950877,950.1549827918049,1054.0,192000.0,
"Abilene, TX",2018-09-30,140520.49018280496,944.281751889834,1002.0,193317.0,
"Abilene, TX",2018-10-31,141103.84990540476,942.2668374342592,949.0,196717.0,
"Abilene, TX",2018-11-30,141639.14154534126,942.9493516492416,900.0,195383.0,
"Abilene, TX",2018-12-31,142047.25624150757,949.1169305301436,856.0,195400.0,
"Abilene, TX",2019-01-31,142124.3904219872,951.4609658826308,845.0,194667.0,
"Abilene, TX",2019-02-28,141913.9377710735,953.068675037598,844.0,196317.0,
"Abilene, TX",2019-03-31,141829.59555759444,961.0839181780982,876.0,194983.0,
"Abilene, TX",2019-04-30,142030.94403235894,969.9192505427874,893.0,199950.0,
"Abilene, TX",2019-05-31,142487.98548490778,981.9858161342722,917.0,204967.0,
"Abilene, TX",2019-06-30,142899.45574292587,986.9070052080629,934.0,209133.0,
"Abilene, TX",2019-07-31,143241.28039468016,989.2057188512524,924.0,207467.0,
"Abilene, TX",2019-08-31,143357.4770642044,987.639680059882,909.0,205800.0,
"Abilene, TX",2019-09-30,143255.47774511616,982.692360572886,881.0,206633.0,
"Abilene, TX",2019-10-31,143349.98047545372,987.98461717503,873.0,208333.0,
"Abilene, TX",2019-11-30,143728.1004179283,986.7991353483018,854.0,209583.0,
"Abilene, TX",2019-12-31,144481.4789816545,994.4514343143582,831.0,209483.0,
"Abilene, TX",2020-01-31,145284.70025666666,991.0044959088804,831.0,207817.0,
"Abilene, TX",2020-02-29,146169.9392620294,1000.8176467259352,847.0,206567.0,
"Abilene, TX",2020-03-31,146861.86039865582,1007.3597279045332,882.0,206333.0,
"Abilene, TX",2020-04-30,147283.74155407693,1016.7144765199027,874.0,208000.0,
"Abilene, TX",2020-05-31,147386.70027213145,1019.1892088736672,888.0,212967.0,
"Abilene, TX",2020-06-30,147543.41300232525,1026.4185825197192,892.0,216600.0,
"Abilene, TX",2020-07-31,148273.79893035002,1036.4469651235315,896.0,219933.0,
"Abilene, TX",2020-08-31,149630.18453664056,1043.339818443223,865.0,219633.0,
"Abilene, TX",2020-09-30,151697.96202727547,1045.671818352679,816.0,217982.0,
"Abilene, TX",2020-10-31,153737.1980720229,1048.457485219522,773.0,216316.0,
"Abilene, TX",2020-11-30,155576.70043644952,1051.8070490047237,714.0,214969.0,
"Abilene, TX",2020-12-31,156947.4509214587,1057.5246579811298,655.0,212621.0,
"Abilene, TX",2021-01-31,158287.28215890768,1068.396168140675,603.0,211787.0,
"Abilene, TX",2021-02-28,159757.57036904208,1073.4276728613254,545.0,206775.0,
"Abilene, TX",2021-03-31,161169.64294733168,1087.3935400001403,530.0,205808.0,
"Abilene, TX",2021-04-30,162672.14668665218,1090.4988552150066,533.0,207275.0,
"Abilene, TX",2021-05-31,164450.25745939065,1103.0114191623672,577.0,213933.0,
"Abilene, TX",2021-06-30,166606.51620406847,1105.3884908548384,605.0,218683.0,
"Abilene, TX",2021-07-31,168730.57100409982,1119.5601441109798,643.0,218050.0,
"Abilene, TX",2021-08-31,170442.6663123414,1140.5035491212398,687.0,219750.0,
"Abilene, TX",2021-09-30,171693.00389594663,1157.3180636116963,712.0,225000.0,
"Abilene, TX",2021-10-31,173079.39825099285,1174.1258625750593,701.0,230000.0,
"Abilene, TX",2021-11-30,174760.68564919403,1172.8007248611127,657.0,231667.0,
"Abilene, TX",2021-12-31,176719.83067021283,1156.836749625136,605.0,233333.0,
"Abilene, TX",2022-01-31,178936.43797569862,1149.112351439769,578.0,236333.0,
"Abilene, TX",2022-02-28,181216.12567052533,1153.8475097736082,558.0,241750.0,
"Abilene, TX",2022-03-31,183495.25882873312,1179.236215204977,566.0,240083.0,
"Abilene, TX",2022-04-30,185396.9494038211,1197.3267112926585,546.0,242083.0,
"Abilene, TX",2022-05-31,186956.990886445,1214.787666447498,534.0,243000.0,
"Abilene, TX",2022-06-30,188393.229142907,1225.961740165049,544.0,242967.0,
"Abilene, TX",2022-07-31,189329.04892747945,1229.75483281451,586.0,244600.0,
"Abilene, TX",2022-08-31,189683.2858346667,1242.9558911024735,641.0,238767.0,
"Abilene, TX",2022-09-30,189543.46867354095,1252.7678786434976,663.0,236133.0,
"Abilene, TX",2022-10-31,189604.12296320967,1255.137592013186,674.0,231167.0,
"Abilene, TX",2022-11-30,189874.938956465,1255.3785408567624,659.0,232333.0,
"Abilene, TX",2022-12-31,190073.15626746876,1247.8296150454903,630.0,233000.0,
"Abilene, TX",2023-01-31,190219.96866713243,1246.428282401837,601.0,232667.0,
"Abilene, TX",2023-02-28,190409.8454414872,1248.678260032462,569.0,232333.0,
"Abilene, TX",2023-03-31,190802.24370617923,1267.627593446682,572.0,239133.0,
"Abilene, TX",2023-04-30,191310.81711714552,1286.9053765435922,596.0,252800.0,
"Abilene, TX",2023-05-31,192035.7946133525,1289.0620678428163,658.0,268133.0,
"Abilene, TX",2023-06-30,192816.3504960609,1294.0043416077212,715.0,281083.0,
"Abilene, TX",2023-07-31,193196.07935233173,1294.806917239084,751.0,282750.0,
"Abilene, TX",2023-08-31,193468.0997869988,1296.8082794251318,763.0,277750.0,
"Abilene, TX",2023-09-30,193461.45814102024,1297.4454952735662,769.0,272833.0,
"Abilene, TX",2023-10-31,193370.4547172948,1296.4530711604878,778.0,271150.0,
"Abilene, TX",2023-11-30,193012.25537268585,1292.6529958976516,764.0,272817.0,
"Abilene, TX",2023-12-31,192683.12071567483,1285.485507549441,739.0,271617.0,
"Abilene, TX",2024-01-31,192744.45602894737,1285.64697871839,718.0,268300.0,
"Abilene, TX",2024-02-29,193474.07747311555,1288.9049893295205,723.0,261600.0,
"Abilene, TX",2024-03-31,194816.44633848144,1290.840027819453,751.0,254967.0,
"Abilene, TX",2024-04-30,196272.9218142638,1304.1729712931162,800.0,251633.0,
"Abilene, TX",2024-05-31,196974.6096875169,1305.5447104762584,859.0,253333.0,
"Abilene, TX",2024-06-30,197082.83072851447,1315.7300996251615,925.0,256667.0,
"Abilene, TX",2024-07-31,196521.11602427263,1316.9003254225272,952.0,256667.0,
"Abilene, TX",2024-08-31,196087.11994068057,1338.5796368402405,973.0,254967.0,
"Abilene, TX",2024-09-30,195590.75516859733,1343.8755912217437,970.0,251600.0,
"Abilene, TX",2024-10-31,195386.5500471049,1347.2621649195596,962.0,248600.0,
"Abilene, TX",2024-11-30,195196.1051981602,1339.6387720098735,941.0,246933.0,
"Abilene, TX",2024-12-31,195300.057209968,1345.837013169366,900.0,243600.0,
"Abilene, TX",2025-01-31,195637.1609418956,1349.1921885263089,885.0,241583.0,
"Abilene, TX",2025-02-28,196153.95038960583,1359.4878154935673,871.0,243183.0,
"Abilene, TX",2025-03-31,196293.11138332292,1369.3316938979865,899.0,246550.0,
"Abilene, TX",2025-04-30,196094.7135204008,1383.4305948022238,910.0,256533.0,
"Abilene, TX",2025-05-31,195673.11670831495,1415.7433935897625,941.0,263300.0,
"Abilene, TX",2025-06-30,195529.78880063345,1443.0483100312142,934.0,271994.0,
"Abilene, TX",2025-07-31,195541.74542126743,1472.734083823916,935.0,271994.0,
"Abilene, TX",2025-08-31,195792.76721601115,1492.2789476108148,906.0,275294.0,
"Abilene, TX",2025-09-30,196253.4640775436,1527.4062668295462,875.0,277433.0,
"Abilene, TX",2025-10-31,196919.1856463903,1577.0944220430108,831.0,279467.0,
"Ada, OK",2000-01-31,69871.7744669972,,,,
"Ada, OK",2000-02-29,70027.93846593527,,,,
"Ada, OK",2000-03-31,70110.39279357957,,,,
"Ada, OK",2000-04-30,70302.94785045458,,,,
"Ada, OK",2000-05-31,70555.60416284001,,,,
"Ada, OK",2000-06-30,70964.50158076258,,,,
"Ada, OK",2000-07-31,71403.17940654467,,,,
"Ada, OK",2000-08-31,71785.83290674524,,,,
"Ada, OK",2000-09-30,72114.20347636075,,,,
"Ada, OK",2000-10-31,72387.20898460365,,,,
"Ada, OK",2000-11-30,72662.50928692744,,,,
"Ada, OK",2000-12-31,72965.57451537262,,,,
"Ada, OK",2001-01-31,73295.62956487734,,,,
"Ada, OK",2001-02-28,73588.21730661945,,,,
"Ada, OK",2001-03-31,73735.17106527917,,,,
"Ada, OK",2001-04-30,73915.78365995106,,,,
"Ada, OK",2001-05-31,74136.62914843165,,,,
"Ada, OK",2001-06-30,74454.82165261025,,,,
"Ada, OK",2001-07-31,74740.93549995199,,,,
"Ada, OK",2001-08-31,75019.2376625492,,,,
"Ada, OK",2001-09-30,75256.06102621963,,,,
"Ada, OK",2001-10-31,75495.05872473502,,,,
"Ada, OK",2001-11-30,75669.58584088381,,,,
"Ada, OK",2001-12-31,75857.03100772669,,,,
"Ada, OK",2002-01-31,76013.80066445367,,,,
"Ada, OK",2002-02-28,76167.73224875912,,,,
"Ada, OK",2002-03-31,76283.39209444214,,,,
"Ada, OK",2002-04-30,76461.88938070844,,,,
"Ada, OK",2002-05-31,76602.32583932222,,,,
"Ada, OK",2002-06-30,76757.00212288945,,,,
"Ada, OK",2002-07-31,76943.4600198284,,,,
"Ada, OK",2002-08-31,77286.00051709515,,,,
"Ada, OK",2002-09-30,77651.34458488553,,,,
"Ada, OK",2002-10-31,77995.65238054788,,,,
"Ada, OK",2002-11-30,78212.08619944705,,,,
"Ada, OK",2002-12-31,78399.0266293453,,,,
"Ada, OK",2003-01-31,78478.63898623703,,,,
"Ada, OK",2003-02-28,78658.1566585666,,,,
"Ada, OK",2003-03-31,78831.2621211346,,,,
"Ada, OK",2003-04-30,79153.70470981306,,,,
"Ada, OK",2003-05-31,79343.48462317254,,,,
"Ada, OK",2003-06-30,79555.25785518228,,,,
"Ada, OK",2003-07-31,79687.39730422564,,,,
"Ada, OK",2003-08-31,79998.55995901737,,,,
"Ada, OK",2003-09-30,80272.04475656054,,,,
"Ada, OK",2003-10-31,80517.30222438126,,,,
"Ada, OK",2003-11-30,80645.67862572563,,,,
"Ada, OK",2003-12-31,80831.07944721555,,,,
"Ada, OK",2004-01-31,80997.93835763777,,,,
"Ada, OK",2004-02-29,81160.75808181973,,,,
"Ada, OK",2004-03-31,81322.28712141367,,,,
"Ada, OK",2004-04-30,81545.82320994808,,,,
"Ada, OK",2004-05-31,81730.45749520317,,,,
"Ada, OK",2004-06-30,81930.86124547025,,,,
"Ada, OK",2004-07-31,82149.7800428274,,,,
"Ada, OK",2004-08-31,82522.50973891112,,,,
"Ada, OK",2004-09-30,82912.29863986513,,,,
"Ada, OK",2004-10-31,83330.548437318,,,,
"Ada, OK",2004-11-30,83648.78990323038,,,,
"Ada, OK",2004-12-31,83913.17637278623,,,,
"Ada, OK",2005-01-31,84346.29066384466,,,,
"Ada, OK",2005-02-28,84683.22939663906,,,,
"Ada, OK",2005-03-31,85079.81254264772,,,,
"Ada, OK",2005-04-30,85344.01921325793,,,,
"Ada, OK",2005-05-31,85745.061908016,,,,
"Ada, OK",2005-06-30,86163.33362804586,,,,
"Ada, OK",2005-07-31,86577.40983070065,,,,
"Ada, OK",2005-08-31,86968.72441465898,,,,
"Ada, OK",2005-09-30,87341.9499212285,,,,
"Ada, OK",2005-10-31,87666.0458776678,,,,
